playerName,team,defaultPos,AB,R,H,HR,RBI,SB
Bobby Abreu,LAA,OF SS,562,97,156,14,95,23
Garret Anderson,,OF  1B,492,57,130,14,71,3
Rich Aurilia,,2B SS,305,31,73,8,37,1
Brad Ausmus,LAN,C/1B,265,23,56,3,23,2
Mark Bellhorn,COL,2B/3B/OF,193,24,45,7,28,0
Henry Blanco,,C/2B 1B,175,18,39,4,18,0
Emil Brown,,OF,367,44,87,9,50,4
Orlando Cabrera,CIN,SS,614,86,168,8,69,15
Miguel Cairo,CIN,2B,261,37,65,3,28,7
Mike Cameron,BOS,OF,524,77,126,19,70,13
Luis Castillo,NYN,2B,480,75,135,3,40,15
Frank Catalanotto,,OF,282,36,73,5,29,2
Raul Chavez,TOR,C,226,20,52,4,23,1
Craig Counsell,MIL,2B,329,44,76,3,27,4
Johnny Damon,,OF,539,97,144,18,70,19
Carlos Delgado,,1B,411,58,101,20,72,1
David Dellucci,,OF,257,32,58,7,28,2
Jermaine Dye,,OF,517,81,132,27,84,2
Sal Fasano,,C,151,14,32,4,14,1
Cliff Floyd,,,241,28,57,7,31,1
Nomar Garciaparra,,3B,309,37,80,8,43,2
Jason Giambi,COL,1B,353,54,79,20,67,1
Brian Giles,,OF,429,52,102,9,45,3
Tony Graffanino,CLE,2B,286,35,66,5,31,2
Ken Griffey Jr.,SEA,,433,53,95,17,60,1
Mark Grudzielanek,CLE,2B,249,32,63,3,21,1
Vladimir Guerrero,TEX,,482,73,143,22,84,4
Jose Guillen,KCA,OF,431,51,110,13,67,2
Todd Helton,COL,1B,491,74,141,13,73,0
Torii Hunter,LAA,OF,510,79,140,23,86,15
Raul Ibanez,PHI,OF,544,84,147,26,100,2
Derek Jeter,NYA,SS,601,97,183,14,71,19
Andruw Jones,CHA,OF,387,58,83,20,63,4
Chipper Jones,ATL,3B,468,81,134,20,75,4
Jason Kendall,KCA,C,479,50,118,2,44,6
Paul Konerko,CHA,1B,520,73,135,26,84,1
Mark Kotsay,CHA,1B,345,36,87,6,41,4
Derrek Lee,CHN,1B,518,84,148,24,88,4
Mark Loretta,,3B,333,35,81,3,34,1
Abraham O. Nunez,ARI,SS,255,29,60,3,29,3
Magglio Ordonez,DET,OF,518,73,154,16,86,2
David Ortiz,BOS,,520,88,136,30,102,1
Jorge Posada,NYA,C,376,53,99,16,67,1
Manny Ramirez,LAN,OF,434,71,119,23,81,1
Edgar Renteria,SFN,SS,489,69,131,9,53,8
Alex Rodriguez,NYA,3B,497,98,141,36,109,15
Ivan Rodriguez,WAS,C,441,51,108,9,48,4
Scott Rolen,CIN,3B,443,67,120,13,63,5
Gary Sheffield,,OF,347,54,79,13,47,7
Matt Stairs,SDN,OF,254,32,55,9,34,1
Mike Sweeney,,,243,25,62,7,33,0
Fernando Tatis,NYN,1B,387,49,99,13,52,4
Miguel Tejada,BAL,SS,589,81,174,15,78,5
Jim Thome,MIN,,426,72,100,26,81,0
Javier Valentin,,C,130,11,32,3,16,0
Jason Varitek,BOS,C,382,43,83,12,51,0
Omar Vizquel,CHA,SS,342,37,76,3,31,7
Gregg Zaun,MIL,C,279,35,63,8,34,1
Paul Bako,,C,233,22,49,4,23,0
Kevin Millar,CHN,1B,393,51,87,12,50,0
Scott McClain,CHN,3B,265,37,65,11,45,2
Randy Winn,NYA,OF,555,70,147,8,55,15
Mike Redmond,CLE,C,211,19,53,2,23,0
Aramis Ramirez,CHN,3B,453,72,132,23,90,2
Paul Lo Duca,COL,C,279,35,74,4,35,2
Adrian Beltre,BOS,3B,519,71,139,18,72,10
Bengie Molina,SFN,C,484,45,126,16,77,0
Jay Payton,COL,OF,317,43,83,5,43,5
Ramon Castro,CHA,C,184,21,43,8,27,0
Placido Polanco,PHI,2B,567,85,166,10,65,5
Troy Glaus,ATL,3B,373,55,92,17,61,1
Vance Wilson,KCA,C,116,12,26,3,12,0
Alex Gonzalez,TOR,SS,389,43,91,10,43,1
Wes Helms,FLO,3B,243,24,60,5,35,0
Mark DeRosa,SFN,3B,499,79,131,17,74,3
Michael Barrett,,C,257,27,62,7,31,1
Carlos Guillen,DET,OF,418,64,112,14,62,7
Eric Chavez,OAK,3B,287,36,66,10,36,2
J.D. Drew,BOS,OF,440,81,117,18,71,3
Mike Lowell,BOS,3B,476,62,133,16,81,2
Carlos Beltran,NYN,OF,466,82,128,22,83,16
Gabe Kapler,TBA,OF,212,30,53,7,31,4
Russell Branyan,,1B,289,41,69,20,46,2
Jerry Hairston Jr.,,3B,302,44,73,6,32,8
Darnell McDonald,BOS,OF,421,53,109,10,49,14
Jayson Werth,PHI,OF,447,76,117,24,75,15
Jose Molina,,C,231,25,51,3,20,1
Julio Lugo,SLN,2B,366,49,91,5,35,16
Kevin Barker,,1B,414,57,99,20,66,1
Ronnie Belliard,LAN,2B,370,44,96,11,47,3
Michel Hernandez,TBA,C,237,25,60,3,23,1
Alfonso Soriano,CHN,OF,507,80,131,26,67,16
Pat Burrell,TBA,,455,59,102,20,72,1
Toby Hall,TEX,C,142,12,35,3,14,0
Paul Hoover,PHI,C,249,24,55,3,25,1
Rod Barajas,,C,352,41,82,13,48,0
Jason LaRue,,C,170,17,35,4,16,1
Paul Phillips,COL,C,248,27,67,3,26,0
Michael Cuddyer,MIN,OF,505,79,133,20,81,5
Cristian Guzman,WAS,SS,490,68,141,7,46,4
Chad Moeller,BAL,C,187,17,42,4,19,0
A.J. Pierzynski,CHA,C,501,60,137,13,55,1
Yamid Haad,SEA,C,146,13,30,2,11,1
Pedro Feliz,HOU,3B,527,58,132,16,73,1
Yorvit Torrealba,,C,314,34,79,6,43,1
Mike Lamb,,3B,261,29,65,4,29,0
Carlos Pena,TBA,1B,472,80,114,34,95,2
Joe Crede,,3B,356,43,86,15,53,0
Mark Johnson,CHN,C,144,14,35,2,16,1
Carlos Lee,HOU,OF,497,67,144,25,96,3
Milton Bradley,SEA,OF,377,59,100,14,51,5
Geoff Blum,HOU,3B,332,33,77,9,43,0
Brian Schneider,PHI,C,323,26,76,6,43,0
Brad Wilkerson,BOS,OF,247,35,56,8,36,2
Danny Ardoin,LAN,C,121,12,26,2,9,0
Ramon Hernandez,CIN,C,406,45,105,14,61,2
Ben Davis,CIN,C,135,14,32,3,15,0
Gary Matthews Jr.,NYN,OF,426,61,106,9,53,8
Rick Ankiel,KCA,OF,439,63,109,20,67,4
Adam Kennedy,,3B,444,51,116,8,48,12
Ryan Freel,,OF,270,39,66,3,18,12
Felipe Lopez,,2B,568,81,157,9,53,14
Josh Phelps,SFN,1B,212,29,56,9,33,1
Vernon Wells,TOR,OF,561,77,148,19,75,11
Lance Berkman,HOU,1B,508,84,140,27,92,8
Melvin Mora,COL,3B,479,63,124,13,66,5
David Newhan,PHI,OF,215,26,53,5,27,3
Willie Bloomquist,KCA,OF,293,42,76,3,22,16
Casey Blake,LAN,3B,496,71,127,18,72,4
David Eckstein,SDN,2B,446,52,114,3,34,4
Adam Dunn,WAS,1B,525,84,128,34,95,3
Brandon Inge,DET,3B,482,63,108,19,70,4
Eric Munson,,,276,32,63,9,40,0
Matt Treanor,MIL,C,163,16,38,3,19,0
Adam Everett,DET,SS,326,38,75,4,38,4
Luis Rivas,CHN,2B,215,27,51,4,21,3
Nick Johnson,NYA,1B,406,63,109,12,56,3
Jimmy Rollins,PHI,SS,638,104,169,20,74,35
Tike Redman,MIL,OF,247,36,65,2,19,8
Guillermo Rodriguez,,C,242,24,54,4,23,2
Chris Richard,TBA,1B,372,49,87,14,55,3
Michael Young,TEX,3B,587,84,173,15,82,9
Dewayne Wise,PHI,OF,248,37,64,8,26,9
Steve Torrealba,BAL,C,162,15,39,5,21,0
Rafael Furcal,LAN,SS,524,82,141,9,44,17
Humberto Quintero,HOU,C,255,25,62,5,26,0
Corey Patterson,SEA,OF,422,53,98,9,43,23
Corky Miller,,C,189,19,42,5,26,1
Adam Melhuse,PIT,C,80,9,17,2,9,0
Andy Tracy,,1B,439,64,105,21,76,4
Cody Ransom,PHI,3B,357,54,83,15,53,6
Josh Hamilton,TEX,OF,423,62,116,19,73,7
Cesar Izturis,BAL,SS,370,38,94,2,27,11
Eric Byrnes,SEA,OF,402,60,101,13,52,18
Luis Figueroa,LAA,SS,236,27,61,2,24,2
Xavier Nady,CHN,OF,373,47,103,15,57,2
Augie Ojeda,ARI,2B,252,35,62,2,22,2
Scott Podsednik,KCA,OF,411,59,113,4,35,22
Jack Wilson,SEA,SS,412,45,104,6,37,3
Aubrey Huff,SFN,,536,69,139,18,82,1
Juan Pierre,CHA,OF,493,68,138,2,36,39
Marco Scutaro,BOS,SS,466,75,126,8,53,8
Ross Gload,PHI,1B,292,38,78,6,37,2
Endy Chavez,,OF,244,30,67,3,22,8
Nick Punto,MIN,2B,396,55,95,2,34,15
Jason Michaels,HOU,OF,267,36,64,7,38,3
Juan Uribe,SFN,3B,417,49,105,14,57,2
Keith Ginter,CHA,2B,286,30,66,6,33,2
Miguel Olivo,COL,C,395,48,99,20,61,4
Aaron Rowand,SFN,OF,516,68,136,15,65,5
Oscar Salazar,SDN,OF,429,58,125,17,72,3
Andres Torres,SFN,OF,333,50,81,7,32,12
Ichiro Suzuki,SEA,OF,639,90,197,8,48,30
Alex Cintron,WAS,2B,224,24,57,4,24,2
Jack Cust,OAK,,480,77,114,28,74,2
Travis Hafner,CLE,,399,56,102,17,65,1
Chris Coste,NYN,C,274,26,62,6,34,0
Victor Martinez,BOS,C,513,72,152,17,90,0
Eric Hinske,ATL,OF,262,39,62,11,35,4
Jason Smith,HOU,2B,300,33,62,9,32,4
Wilson Betemit,KCA,1B,283,34,69,9,41,1
Dane Sardinha,PHI,C,272,25,54,6,28,1
J.C. Boscan,ATL,C,175,12,39,2,19,1
Chase Utley,PHI,2B,573,110,165,28,95,15
Austin Kearns,CLE,OF,376,51,88,10,46,2
Albert Pujols,SLN,1B,554,103,176,38,117,8
Jamie Burke,WAS,C,207,21,47,3,20,0
Brian Roberts,BAL,2B,596,101,166,12,63,34
Craig Monroe,,OF,294,42,67,12,47,1
Esteban German,TEX,3B,337,49,92,4,39,15
J.R. House,KCA,C,345,40,92,7,41,1
Willie Harris,WAS,OF,349,56,84,8,32,14
Juan Rivera,LAA,OF,423,54,117,19,74,0
Lyle Overbay,TOR,1B,470,61,120,14,61,1
Ramon Vazquez,PIT,SS,283,38,68,4,28,1
Angel Berroa,LAN,3B,315,38,75,6,33,2
Mike Rivera,NYA,C,254,26,59,9,40,2
Ben Broussard,CHA,1B,204,28,51,9,30,1
Marlon Byrd,CHN,OF,485,70,134,15,76,6
Jorge Padilla,WAS,OF,385,52,103,6,34,9
Alfredo Amezaga,LAN,SS,279,34,70,3,24,8
Nick Green,LAN,SS,323,36,76,9,36,2
Ryan Langerhans,SEA,OF,297,41,66,8,35,5
Marcus Thames,,,310,45,74,18,50,1
Matt Holliday,SLN,OF,580,101,175,25,102,16
Wilson Valdez,PHI,SS,395,59,103,3,30,9
John Buck,TOR,C,330,37,73,13,47,1
Jason Lane,TOR,OF,280,38,61,9,36,2
Bill Hall,SEA,OF,416,53,93,13,52,5
Ed Rogers,ARI,SS,192,23,49,4,21,3
Orlando Hudson,,2B,511,66,139,9,54,7
Reed Johnson,LAN,OF,307,44,80,6,33,4
Joe Thurston,ATL,3B,283,35,71,3,28,5
Chip Ambres,NYN,OF,312,42,77,9,39,3
Mark Ellis,OAK,2B,455,60,112,12,56,9
Ryan Ludwick,SLN,OF,476,72,127,24,87,4
Mark Teixeira,NYA,1B,569,94,162,34,113,2
Josh Bard,SEA,C,306,26,74,5,34,0
JD Closser,LAN,C,213,21,48,3,23,2
So Taguchi,,OF,234,34,56,3,24,4
Gerald Laird,DET,C,388,53,93,6,39,4
Joe Mauer,MIN,C,518,87,170,18,87,4
Justin Morneau,MIN,1B,554,84,153,27,108,1
Mike Ryan,FLO,OF,237,28,59,7,29,1
Freddy Sanchez,SFN,2B,520,68,147,8,58,2
Howie Clark,TOR,2B,228,29,57,3,24,1
Tommy Murphy,KCA,OF,259,33,62,3,19,12
Chone Figgins,SEA,3B,529,90,145,4,46,38
Kevin Cash,HOU,C,181,16,37,4,21,0
Gabe Gross,OAK,OF,284,39,67,9,35,4
Hank Blalock,,1B,417,58,105,19,63,2
Chris Duncan,WAS,OF,352,45,85,12,48,1
Ray Olmedo,TEX,SS,285,28,69,3,25,5
Miguel Cabrera,DET,1B,595,92,185,34,114,4
Adrian Gonzalez,SDN,1B,577,87,157,34,94,0
Wil Nieves,WAS,C,214,19,52,2,25,1
Brandon Phillips,CIN,2B,579,83,154,22,87,25
Omar Infante,ATL,2B,275,37,76,4,33,3
Jorge Cantu,FLO,1B,513,64,137,17,80,3
Rocco Baldelli,,OF,269,38,69,11,38,4
Carl Crawford,TBA,OF,561,87,162,13,70,47
Justin Huber,MIN,1B,361,37,88,12,48,2
Mike Jacobs,KCA,,456,56,110,21,70,1
Jose Reyes,NYN,SS,536,87,151,12,54,47
Ty Wigginton,BAL,1B,440,53,119,18,58,3
Ramon Santiago,DET,SS,279,37,71,5,31,3
David Ross,ATL,C,242,29,55,11,31,0
John-Ford Griffin,LAN,1B,268,33,63,8,35,2
Jason Bay,NYN,OF,539,96,140,32,102,9
Coco Crisp,OAK,OF,365,56,90,7,37,20
Jamey Carroll,LAN,2B,322,54,81,3,28,5
Andy Phillips,,1B,213,28,56,6,27,1
Aaron Miles,CIN,2B,343,39,86,2,24,3
Alejandro Machado,NYN,2B,211,25,54,3,21,8
Ryan Doumit,PIT,C,340,46,91,12,49,3
Cody Ross,FLO,OF,429,58,111,19,69,4
Jody Gerut,MIL,OF,349,49,89,12,43,7
Ryan Church,PIT,OF,381,50,102,10,51,5
Jhonny Peralta,CLE,3B,581,80,151,17,77,2
Prentice Redman,LAN,OF,297,43,73,10,36,3
Jason Ellison,PHI,OF,252,33,62,3,20,6
Koyie Hill,CHN,C,290,33,67,7,36,1
Josh Wilson,SEA,SS,328,38,80,6,32,6
Josh Willingham,WAS,OF,448,66,114,20,67,4
Brad Hawpe,COL,OF,502,77,138,24,93,2
Garrett Atkins,BAL,3B,508,69,133,17,81,1
Clint Barmes,COL,2B,482,64,122,15,61,10
Laynce Nix,CIN,OF,361,50,88,19,57,2
Jeff Baker,CHN,2B,297,42,77,10,45,2
Adam LaRoche,ARI,1B,534,76,141,25,86,1
Guillermo Quiroz,SEA,C,229,19,52,5,29,0
Alex Rios,CHA,OF,580,83,156,19,78,23
Robby Hammock,COL,C,224,25,52,5,24,1
Matt Kata,HOU,2B,298,34,73,6,29,7
Mike Hessman,NYN,3B,320,43,69,20,51,2
Jason Dubois,NYN,OF,277,34,65,13,39,1
Hector Luna,FLO,3B,274,35,70,7,29,3
Ronny Paulino,FLO,C,344,37,88,9,45,1
Shane Victorino,PHI,OF,531,90,148,11,54,26
Hideki Matsui,LAA,,423,62,114,17,71,1
James Loney,LAN,1B,548,66,157,14,84,6
Eliezer Alfonzo,SEA,C,302,27,70,10,36,1
Jeff Mathis,LAA,C,333,44,73,8,40,2
Casey Kotchman,BOS,1B,419,49,113,10,57,1
Dallas McPherson,OAK,3B,266,36,54,11,30,4
Shin-Soo Choo,CLE,OF,458,71,132,16,69,14
Rene Rivera,NYN,C,203,17,44,6,22,0
Greg Dobbs,PHI,3B,253,34,68,8,38,3
Jeff Francoeur,NYN,OF,604,75,162,18,85,4
Todd Linden,NYA,OF,219,30,53,6,26,2
Angel Chavez,BOS,3B,326,36,83,5,36,3
Max St. Pierre,DET,C,189,18,42,5,24,0
B.J. Upton,TBA,OF,538,84,142,14,65,42
Mike Rose,LAN,C,197,18,42,5,18,1
Bobby Crosby,PIT,SS,371,48,88,8,41,6
Russ Adams,NYN,OF,369,48,86,8,42,4
Khalil Greene,TEX,SS,390,48,93,15,52,4
Yadier Molina,SLN,C,443,39,123,8,54,4
Dioner Navarro,TBA,C,395,43,99,9,45,3
Prince Fielder,MIL,1B,572,93,162,43,113,3
Kevin Youkilis,BOS,1B,522,94,150,23,93,5
Lou Montanez,BAL,OF,238,30,63,7,29,1
Josh Barfield,CLE,2B,388,43,97,5,38,10
Chris Burke,CIN,SS,333,44,78,6,31,11
Robinson Cano,NYA,2B,586,84,181,21,84,4
Edwin Encarnacion,TOR,3B,437,61,111,19,63,4
J.J. Hardy,MIN,SS,504,64,129,18,60,1
Ryan Howard,PHI,1B,582,96,153,45,136,3
Andy Marte,CLE,1B,405,48,103,15,57,1
Chad Tracy,CHN,1B,337,41,83,10,47,1
Franklin Gutierrez,SEA,OF,475,71,126,15,54,13
Felix Pie,BAL,OF,369,55,99,11,47,9
Grady Sizemore,CLE,OF,541,94,144,24,71,24
Eric Bruntlett,WAS,2B,217,30,49,2,19,7
Scott Thorman,KCA,OF,276,32,69,12,38,3
Matt Diaz,ATL,OF,319,40,94,10,42,7
Rickie Weeks,MIL,2B,372,73,94,15,40,16
Ray Sadler,TBA,OF,302,33,63,10,38,4
David DeJesus,KCA,OF,548,81,152,11,67,7
Delmon Young,MIN,OF,493,62,144,12,70,10
Jonny Gomes,,OF,376,51,88,20,57,7
Kazuo Matsui,HOU,2B,419,62,107,7,39,19
Brandon Watson,ARI,OF,325,44,90,3,28,8
John Gall,HOU,1B,279,29,69,6,32,3
Shane Costa,KCA,OF,261,35,72,5,26,5
Mitch Maier,KCA,OF,455,58,119,6,46,8
Jason Bartlett,TBA,SS,499,73,141,8,51,22
Terry Tiffee,PHI,3B,269,29,73,6,35,0
Jason Kubel,MIN,,458,63,126,20,79,2
Ronny Cedeno,PIT,SS,347,41,85,9,38,6
Brendan Harris,MIN,SS,440,55,113,8,47,2
Jeremy Reed,TOR,OF,351,42,89,6,32,5
Don Kelly,DET,OF,379,47,96,5,36,12
Ryan Raburn,DET,OF,343,56,91,16,56,7
Corey Hart,MIL,OF,470,68,125,17,65,16
Cory Sullivan,HOU,OF,396,51,102,5,36,8
Reggie Abercrombie,HOU,OF,301,37,68,8,27,14
Willy Aybar,TBA,1B,364,44,94,13,47,2
Kelly Johnson,ARI,2B,426,71,115,13,57,9
Ivan Ochoa,BOS,SS,219,30,55,3,17,9
Jason Bourgeois,HOU,OF,461,62,125,6,40,26
Justin Knoedler,SFN,C,212,26,46,6,24,2
Justin Leone,TEX,3B,257,33,56,8,33,6
Scott Hairston,SDN,OF,366,45,90,15,46,5
Josh Kroeger,CHA,OF,329,39,84,11,40,8
Freddy Guzman,PHI,OF,430,65,105,3,31,41
Chris Shelton,HOU,1B,422,54,103,12,55,1
Jose Bautista,TOR,OF,418,58,96,15,52,4
Willy Taveras,OAK,OF,435,64,111,2,25,37
Maicer Izturis,LAA,2B,376,62,105,6,54,11
Nick Swisher,NYA,OF,515,87,123,26,79,2
Ruben Gotay,SLN,3B,227,29,57,5,27,2
Donnie Murphy,FLO,2B,225,32,55,8,29,3
Brayan Pena,KCA,C,312,36,87,7,39,4
Mike Fontenot,CHN,2B,357,50,92,9,44,4
Brian Buscher,CLE,3B,355,40,89,8,44,1
Fred Lewis,SFN,OF,375,64,98,8,37,13
Daniel Ortmeier,COL,1B,264,31,66,5,34,6
Adam Jones,BAL,OF,463,75,130,19,69,11
Jose Lopez,SEA,2B,587,75,165,16,81,8
Erick Aybar,LAA,SS,394,57,113,4,46,13
Alberto Callaspo,KCA,2B,449,63,129,7,51,3
Nick Gorneault,LAA,OF,300,35,63,8,33,5
Miguel Perez,PIT,C,180,15,42,3,18,1
Michael Aubrey,BAL,1B,391,40,103,10,50,1
Brad Snyder,CHN,OF,257,33,60,9,34,6
Carlos Maldonado,BOS,C,167,15,40,3,21,0
Chris Snyder,ARI,C,288,37,67,12,48,0
Aaron Hill,TOR,2B,537,75,150,21,72,5
John Rodriguez,NYA,OF,199,28,48,8,28,0
Edwin Bellorin,KCA,C,292,26,76,5,42,1
Russell Martin,LAN,C,519,75,139,13,67,14
David Wright,NYN,3B,573,97,170,23,96,23
Joey Gathright,TOR,OF,377,55,103,1,29,21
Jeff Bailey,ARI,1B,386,60,101,15,53,3
Kelly Shoppach,TBA,C,288,42,67,14,42,0
Matt Pagnozzi,SLN,C,248,21,52,3,22,1
Casey McGehee,MIL,3B,425,53,112,13,64,1
Luke Scott,BAL,,445,62,116,23,71,2
Andres Blanco,CHN,2B,310,34,82,4,34,5
Andy Green,NYN,2B,298,43,71,7,28,3
Conor Jackson,ARI,OF,383,57,105,11,58,5
Jesus Cota,LAA,OF,358,42,89,11,44,2
Mark Teahen,CHA,3B,536,74,138,16,63,8
Robinzon Diaz,DET,C,318,30,88,5,34,2
Jeff Keppinger,HOU,3B,414,49,114,7,41,2
Curtis Granderson,NYA,OF,588,102,154,26,70,17
Joe Dillon,TBA,3B,275,44,70,8,35,3
Brad Nelson,SEA,OF,337,38,79,12,43,3
Garrett Jones,PIT,OF,523,70,139,23,80,10
Chris Roberson,ARI,OF,306,44,79,4,35,14
Carlos Ruiz,PHI,C,355,43,88,9,49,3
Geovany Soto,CHN,C,396,50,104,17,68,0
Paul McAnulty,COL,1B,267,30,66,8,37,0
Pedro Lopez,WAS,SS,266,30,68,3,23,2
Mike Morse,WAS,1B,340,41,91,11,54,2
Wladimir Balentien,CIN,OF,390,55,97,18,58,6
Jayson Nix,CHA,2B,342,51,84,13,44,12
Jeff Salazar,BAL,OF,344,52,86,9,42,10
Ryan Shealy,TBA,1B,246,28,59,8,35,0
Eli Whiteside,SFN,C,250,26,57,6,32,1
John Baker,FLO,C,350,50,89,8,47,1
Jason Perry,TBA,OF,245,35,55,10,34,2
Angel Pagan,NYN,OF,280,42,75,6,30,11
Rajai Davis,OAK,OF,349,51,93,4,33,35
Chris Duffy,PHI,OF,252,33,62,4,23,13
Brad Eldred,WAS,1B,261,32,59,12,40,3
Nate McLouth,ATL,OF,449,81,113,18,59,19
Hanley Ramirez,FLO,SS,600,117,191,28,83,39
Pete Orr,WAS,2B,336,44,79,5,33,11
Luis Hernandez,KCA,SS,330,33,84,2,29,3
Reid Gorecki,NYA,OF,334,46,80,9,41,11
Brian Myrow,PIT,1B,245,34,65,8,35,1
Delwyn Young,PIT,2B,375,50,98,9,49,2
Jason Repko,LAN,OF,383,51,86,9,33,16
Kendry Morales,LAA,1B,465,62,133,21,77,2
Javi Herrera,WAS,C,184,19,40,3,19,2
Ryan Garko,SEA,1B,446,53,118,16,70,0
Anderson Hernandez,WAS,2B,463,56,113,4,39,9
Carlos Quentin,CHA,OF,419,71,109,24,77,4
Brian Anderson,,OF,285,39,69,7,30,4
Howie Kendrick,LAA,2B,437,63,130,10,59,12
Mike Napoli,LAA,C,328,53,84,18,53,5
Bobby Wilson,LAA,C,337,31,84,6,42,1
Reggie Willits,LAA,OF,318,54,79,2,27,14
Joaquin Arias,TEX,2B,436,54,117,5,43,18
Ian Kinsler,TEX,2B,529,98,144,24,76,25
Robert Andino,BAL,SS,362,45,86,7,29,8
Jeremy Hermida,BOS,OF,445,59,118,15,55,5
Tim Gradoville,PHI,C,99,9,20,2,9,1
Jack Hannahan,SEA,3B,409,45,91,9,47,3
Ryan Sweeney,OAK,OF,455,59,127,8,53,7
Josh Fields,KCA,3B,403,54,100,14,52,7
Gustavo Molina,BOS,C,204,17,46,3,20,0
Brian McCann,ATL,C,496,62,141,22,91,3
Yuniesky Betancourt,KCA,SS,517,61,140,7,53,5
Skip Schumaker,SLN,2B,479,68,138,6,39,5
Luis Maza,PHI,2B,236,29,58,3,24,1
Omir Santos,NYN,C,292,27,70,5,34,1
George Kottaras,MIL,C,298,37,70,9,36,0
Danny Sandoval,COL,SS,257,26,68,3,24,3
Jesus Flores,WAS,C,277,31,70,9,42,0
Neil Walker,PIT,3B,416,53,107,13,60,7
Brian Peterson,NYA,C,161,15,36,3,16,0
Jerry Owens,WAS,OF,430,59,111,3,31,28
Daric Barton,OAK,1B,441,68,112,11,57,2
Kurt Suzuki,OAK,C,501,61,134,11,64,4
Omar Quintanilla,COL,2B,268,38,68,4,25,2
Ian Desmond,WAS,SS,402,45,98,9,36,14
Kevin Frandsen,SFN,2B,346,44,92,7,35,4
John Bowker,SFN,OF,441,60,118,15,64,5
Nate Schierholtz,SFN,OF,406,52,115,11,50,7
Clay Timpner,SFN,OF,307,36,77,4,27,6
Yurendell de Caster,NYA,3B,251,29,62,7,31,3
John Lindsey,LAN,1B,326,39,79,12,53,0
Ryan Roberts,ARI,2B,376,51,97,10,45,8
Norris Hopper,MIL,OF,244,30,67,1,18,9
Nelson Cruz,TEX,OF,471,75,124,29,84,15
Gil Velazquez,BOS,SS,288,35,67,4,27,3
Ryan Theriot,CHN,SS,545,82,150,5,47,22
Drew Meyer,HOU,2B,264,32,63,2,21,3
Kyle Phillips,TOR,C,327,28,78,7,33,0
Andrew Graham,COL,C,126,17,32,2,14,1
John Jaso,TBA,C,269,32,68,5,30,1
Christian Colonel,BOS,3B,311,39,83,7,41,3
Wyatt Toregas,CLE,C,294,28,70,7,38,1
Brian Bixler,CLE,SS,442,60,104,7,39,14
Manuel Pina,TEX,C,216,20,51,3,21,0
Eliezer Zambrano,SFN,C,95,11,24,2,14,1
Craig Stansberry,SDN,,401,50,92,7,38,7
Andre Ethier,LAN,OF,519,74,145,22,80,5
Jake Fox,OAK,3B,430,58,110,20,70,3
Matt Murton,,OF,205,30,56,5,27,3
Alcides Escobar,MIL,SS,488,68,135,5,44,29
Josh Whitesell,WAS,1B,384,47,92,14,60,2
Matt Miller,COL,OF,373,51,105,7,59,2
Fernando Perez,TBA,OF,373,57,89,5,25,21
Doug Pickens,CLE,C,191,16,45,2,20,2
Jason Pridie,MIN,OF,493,60,121,10,45,18
Sean Henry,CIN,OF,299,37,75,8,31,11
Landon Powell,OAK,C,284,34,65,12,40,0
Yusuf Carter,OAK,C,271,29,57,8,29,5
Travis Metcalf,TEX,3B,299,35,68,7,35,2
Matt Tolbert,MIN,2B,371,48,94,5,37,10
Matt Tupman,KCA,C,208,19,52,2,23,0
Scott Moore,BAL,3B,261,32,67,11,41,2
Max Ramirez,TEX,C,167,20,41,5,22,0
Drew Macias,ARI,OF,424,50,98,8,42,6
Bryan LaHair,CHN,1B,345,41,84,11,46,1
Martin Prado,ATL,2B,405,56,119,8,46,3
Brendan Monaghan,BAL,C,114,13,26,2,14,2
John Purdom,FLO,C,165,13,37,3,23,1
Mike Hollimon,DET,SS,247,32,54,7,25,4
Adam Moore,SEA,C,410,41,101,10,47,1
Chris Denove,CIN,C,139,11,33,2,15,1
Matt Wieters,BAL,C,466,59,135,19,67,1
Evan Longoria,TBA,3B,493,77,135,27,88,7
Michael Taylor,OAK,OF,297,35,78,9,39,9
Zachary Cozart,CIN,SS,303,38,74,8,32,4
Tommy Manzella,HOU,SS,445,47,109,6,39,8
Brian Barton,LAN,OF,370,43,88,8,40,12
Edwin Maysonet,HOU,2B,320,37,76,5,26,4
Sean Rodriguez,TBA,2B,436,66,104,19,60,8
Jose Lobaton,TBA,C,270,25,57,6,25,0
Wilkin Castillo,CIN,,324,33,82,6,31,7
Joe Inglett,MIL,OF,350,46,97,4,39,7
Chris Dickerson,CIN,OF,368,54,90,12,40,17
Brandon Jones,ATL,OF,427,51,110,11,61,8
Dayton Buller,COL,C,135,14,30,3,15,0
Travis Ishikawa,SFN,1B,375,49,95,14,54,3
Tony Gwynn,SDN,OF,437,61,116,3,30,19
Brett Carroll,FLO,OF,316,42,74,11,40,2
Kevin Melillo,MIL,1B,293,35,68,7,34,3
Mark Reynolds,ARI,3B,512,88,131,32,93,13
Adam Ricks,CHA,C,172,16,37,2,18,1
Justin Ruggiano,TBA,OF,314,41,74,9,39,12
Sean McCraw,MIL,C,185,17,40,2,16,1
John Poppert,WAS,C,141,15,31,3,14,0
Ryan Spilborghs,COL,OF,355,59,96,10,53,8
Dusty Ryan,DET,C,294,30,61,9,33,1
Chris Davis,TEX,1B,486,70,126,26,77,2
Chris Barnwell,PIT,SS,259,29,61,3,21,6
Xavier Paul,LAN,OF,346,41,87,7,34,11
Mike Aviles,KCA,SS,419,54,115,9,47,6
Brian Esposito,HOU,C,181,14,41,3,18,0
Angel Salome,MIL,C,245,28,66,6,37,1
Matt Tuiasosopo,SEA,2B,385,51,88,10,42,3
Greg Golson,NYA,OF,460,52,106,8,39,18
Brian Barden,FLO,3B,372,46,91,7,40,2
Drew T. Anderson,,OF,282,35,72,5,31,5
Carlos Corporan,ARI,C,246,20,57,4,30,1
David Cook,HOU,OF,320,48,75,15,43,6
Luke Carlin,PIT,C,268,33,62,5,26,1
Ben Francisco,PHI,OF,459,66,120,17,55,13
Adam Donachie,BAL,C,206,20,43,3,19,0
Kevin Kouzmanoff,OAK,3B,518,56,133,19,76,1
Drew Sutton,CIN,2B,386,55,96,11,39,9
Ben Zobrist,TBA,2B,428,66,112,17,59,11
Brandon Allen,ARI,1B,471,60,113,20,64,6
J.P. Arencibia,TOR,C,329,35,72,12,44,0
Lars Davis,COL,C,233,22,53,2,22,2
Callix Crabbe,SEA,2B,273,35,65,3,22,8
Mat Gamel,MIL,3B,391,46,101,12,53,4
Lastings Milledge,PIT,OF,417,51,113,10,48,15
Andy LaRoche,PIT,3B,443,61,112,13,57,4
Emerson Frostad,TEX,C,225,25,52,4,23,1
Dusty Brown,BOS,C,298,29,73,5,34,0
Neil Wilson,FLO,C,185,20,45,3,21,1
Kila Ka'aihue,KCA,1B,284,38,68,9,36,1
Damaso Espino,CLE,C,165,14,41,1,15,0
Dexter Fowler,COL,OF,339,58,93,5,31,21
Alex Garabedian,LAN,C,213,19,46,3,20,1
Justin Christian,BAL,OF,274,39,71,4,27,18
Micah Hoffpauir,CHN,1B,272,39,70,12,45,1
Alberto Rosario,LAA,C,201,20,47,1,20,4
Luis Nunez,NYA,SS,399,44,98,3,29,14
Colt Morton,SEA,C,124,12,25,3,12,0
Michael Collins,SDN,C,251,23,57,3,27,2
Kyle Blanks,SDN,OF,403,49,100,17,57,3
Ben Johnson,LAA,,297,32,68,7,33,4
P.J. Pilittere,NYA,C,223,20,53,2,22,0
Chris Carter,NYN,OF,471,55,127,16,65,1
Tyler Flowers,CHA,C,384,50,90,13,52,3
Darren Ford,SFN,OF,346,53,75,4,29,29
Chase Headley,SDN,OF,512,59,130,14,57,5
John Hester,ARI,C,331,41,86,9,46,6
Brent Lillibridge,CHA,2B,412,55,95,8,41,24
Ryan Budde,LAA,C,238,23,49,4,26,2
Luke Montz,NYN,C,264,28,57,6,32,1
Stephen Drew,ARI,SS,554,77,148,16,67,5
Eric Patterson,OAK,OF,504,73,127,11,52,28
Jeff Fiorentino,,OF,229,31,62,5,32,5
Jason Jaramillo,PIT,C,348,37,89,6,39,1
Seth Smith,COL,OF,295,49,84,12,47,3
Brad Davis,FLO,C,212,19,46,5,23,1
Justin Maxwell,WAS,OF,384,55,85,13,43,23
Adam Lind,TOR,,524,70,149,25,89,2
Hunter Pence,HOU,OF,558,76,156,24,78,13
Denard Span,MIN,OF,496,83,146,8,58,22
Elijah Dukes,WAS,OF,369,52,93,13,55,9
Diory Hernandez,ATL,SS,391,37,98,6,44,9
Ryan Hanigan,CIN,C,296,34,77,5,29,0
Asdrubal Cabrera,CLE,SS,498,78,142,8,60,14
Orlando Mercado,ARI,C,189,18,49,3,26,0
Nick Evans,NYN,OF,394,44,93,12,43,1
Tommy Everidge,OAK,1B,489,60,115,15,66,1
Edgar Gonzalez,,2B,335,35,83,8,34,4
Jacoby Ellsbury,BOS,OF,554,89,164,8,54,53
Troy Tulowitzki,COL,SS,522,92,151,24,84,11
Jordan Abruzzo,NYN,C,159,15,38,5,16,1
Matt LaPorta,CLE,OF,409,58,107,18,59,2
Shane Robinson,SLN,OF,333,40,85,4,31,13
Drew Stubbs,CIN,OF,349,48,89,10,33,19
Matt Downs,SFN,2B,279,36,71,7,32,5
John Shelby,CHA,OF,318,40,74,8,35,15
Mike McCoy,COL,2B,387,61,101,4,40,18
J.R. Towles,HOU,C,201,25,48,6,27,2
Rob Johnson,SEA,C,360,37,86,5,34,5
Sam Fuld,CHN,OF,403,63,106,4,37,13
Charles Blackmon,COL,OF,345,47,98,5,36,14
Brendan Ryan,SLN,SS,379,56,101,4,29,13
Kevin Thompson,TEX,OF,188,28,46,4,20,9
Gregor Blanco,ATL,OF,420,62,103,3,32,15
Mike Cervenak,NYN,3B,327,40,86,8,45,1
Todd Frazier,CIN,OF,302,37,79,12,38,5
Lou Marson,CLE,C,352,43,89,4,36,3
A.J. Ellis,LAN,C,167,21,40,2,21,1
Cole Armstrong,CHA,C,231,21,55,7,27,0
Hernan Iribarren,MIL,2B,211,24,58,2,22,5
Matt Carson,OAK,OF,415,52,97,15,55,8
Mike Carp,SEA,1B,437,50,107,13,50,1
Joel Collins,PIT,C,104,12,27,2,9,0
Blake DeWitt,LAN,3B,445,52,111,10,50,3
Chris Iannetta,COL,C,325,49,82,15,56,0
Donny Lucy,CHA,C,163,16,37,3,14,2
Chris Nelson,COL,SS,252,32,66,6,34,8
Robinson Chirinos,CHN,C,228,27,55,5,25,3
Shelley Duncan,CLE,OF,392,56,96,21,63,1
Ramiro Pena,NYA,SS,328,38,80,3,27,7
Steve Holm,SFN,C,209,23,49,5,16,0
Chris Stewart,SDN,C,195,24,49,2,18,1
Chris Young,ARI,OF,442,65,103,18,53,13
Nick Markakis,BAL,OF,591,94,176,20,93,9
Mark Saccomanno,HOU,1B,341,41,85,12,45,2
Dustin Pedroia,BOS,2B,582,101,178,14,68,15
Danny Putnam,SDN,OF,276,32,62,8,37,3
James Skelton,ARI,C,261,35,60,3,25,7
Welington Castillo,CHN,C,229,21,53,6,24,0
Chris Denorfia,SDN,OF,383,48,94,7,38,9
Erik Kratz,PIT,C,217,26,52,8,28,2
Brandon Yarbrough,CIN,C,204,21,45,3,20,1
Michael Bourn,HOU,OF,436,70,114,4,29,41
Eduardo Nunez,NYA,SS,320,34,80,5,31,11
Eric Farris,MIL,2B,358,44,89,5,31,33
Ian Stewart,COL,3B,459,78,118,23,78,7
Steve Pearce,PIT,1B,292,36,74,10,40,4
Brian Peacock,WAS,C,185,20,38,4,18,4
Billy Butler,KCA,1B,544,71,164,19,84,1
John Suomi,PHI,C,163,17,38,4,17,0
Matthew Brown,TEX,1B,284,37,65,10,35,2
Matt Inouye,CHA,C,105,14,25,4,13,2
Matthew Morizio,KCA,C,140,11,32,2,16,2
Vinny Rottino,FLO,1B,299,38,73,5,32,7
Wilkin Ramirez,DET,OF,416,52,94,12,43,22
Bobby Scales,CHN,OF,403,57,104,9,47,6
Brandon Wood,LAA,3B,454,59,110,20,63,7
Jarrod Saltalamacchia,TEX,C,327,41,81,11,42,1
Alejandro De Aza,FLO,OF,278,43,73,6,26,10
Shawn Riggans,,C,254,26,60,7,30,1
Andrew McCutchen,PIT,OF,530,81,148,14,56,27
Austin Jackson,DET,OF,360,44,92,6,35,14
Justin Upton,ARI,OF,475,76,131,25,73,14
Cameron Maybin,FLO,OF,410,61,105,11,44,16
Luis Flores,CHN,C,149,13,36,2,17,0
Justin Turner,BAL,3B,414,51,111,7,42,5
Daniel Dorn,CIN,OF,280,36,70,14,40,1
Bryan Anderson,SLN,C,227,24,59,3,22,1
Buster Posey,SFN,C,336,47,87,9,41,3
Desmond Jennings,TBA,OF,288,39,77,5,23,22
Jordan Schafer,ATL,OF,341,40,81,10,34,10
Josue Peley,PIT,C,158,14,35,2,17,2
Jay Bruce,CIN,OF,443,65,114,30,70,7
Wes Bankston,CIN,3B,311,37,79,13,48,1
Kory Casto,DET,3B,308,36,73,7,38,2
Randy Ruiz,TOR,,495,64,123,22,73,1
Paul Janish,CIN,SS,372,46,86,7,36,4
John Otness,TEX,C,209,20,50,2,23,0
Terry Evans,LAA,OF,444,59,104,14,52,16
Joey Votto,CIN,1B,504,75,148,27,87,9
Nick Stavinoha,SLN,OF,245,27,64,6,34,2
German Duran,TEX,2B,233,30,57,6,27,3
Chris Coghlan,FLO,OF,487,74,139,9,60,17
Jordan Newton,DET,C,214,23,46,5,20,4
Alexi Casilla,MIN,2B,444,58,113,5,37,20
Travis Denker,SEA,3B,290,33,70,5,32,2
Luis Cruz,PIT,SS,397,43,100,7,38,4
Corey Kemp,MIL,C,313,35,70,5,33,2
Reid Brignac,TBA,SS,458,55,114,10,48,8
Joe Mather,SLN,OF,259,33,64,10,33,5
Jose Morales,MIN,C,320,33,87,4,28,1
Colby Rasmus,SLN,OF,439,62,113,16,50,11
Luis Exposito,BOS,C,236,20,56,5,24,2
Brett Gardner,NYA,OF,371,64,98,3,30,33
Eric Young,COL,2B,509,97,136,8,42,45
Kevin Richardson,TEX,C,277,31,57,9,30,0
Brent Clevlen,ATL,OF,323,38,75,11,38,4
Billy Killian,BAL,C,105,12,26,1,8,1
Joe Koshansky,MIL,1B,349,47,78,16,58,2
Matt Macri,MIN,2B,243,27,54,7,25,2
Michael Saunders,SEA,OF,377,50,91,9,36,12
Brent Dlugach,DET,3B,386,39,89,6,36,4
Jarrett Hoffpauir,SLN,2B,379,44,101,8,42,3
Buck Coats,KCA,OF,346,46,89,5,33,10
Jeff Howell,KCA,C,212,16,47,3,19,1
Travis Buck,OAK,OF,339,44,85,9,38,4
Jeff Clement,PIT,1B,317,43,82,12,48,1
Matt Joyce,TBA,OF,430,57,101,16,59,6
Gaby Sanchez,FLO,1B,375,54,100,12,53,6
Taylor Teagarden,TEX,C,324,44,74,13,40,1
Clete Thomas,DET,OF,341,46,85,7,37,10
Tyler Greene,SLN,SS,281,37,68,7,24,10
Nick Hundley,SDN,C,351,36,80,12,44,2
Mark Wagner,BOS,C,261,26,63,4,31,0
Chris Getz,KCA,2B,392,52,108,4,35,17
John Mayberry,PHI,OF,432,52,102,18,54,7
Cliff Pennington,OAK,SS,504,68,120,5,43,21
Trevor Crowe,CLE,OF,398,56,98,5,35,18
Ryan Braun,MIL,OF,573,97,171,35,101,18
Alex Gordon,KCA,3B,424,62,111,14,54,10
Nolan Reimold,BAL,OF,419,59,114,20,59,8
Chris Robinson,CHN,C,223,19,59,2,27,2
Jeff Larish,DET,,392,49,92,15,52,3
Clint Sammons,ATL,C,332,31,75,7,36,5
Brandon Boggs,TEX,OF,360,43,81,9,41,6
Chris Gimenez,CLE,1B,327,42,73,10,31,2
Devin Ivany,WAS,C,208,23,47,4,22,2
Carlos Gomez,MIL,OF,396,56,100,6,39,28
Nyjer Morgan,WAS,OF,422,65,116,3,32,35
Brian Dopirak,TOR,1B,335,33,79,12,43,1
Cody Clark,KCA,C,142,13,34,3,14,1
Brandon Moss,PIT,OF,435,52,112,11,56,3
Matt Kemp,LAN,OF,550,88,162,21,80,30
Lucas May,LAN,C,255,29,59,7,29,2
Will Venable,SDN,OF,354,44,88,12,43,6
Phillip Britton,BAL,C,192,18,44,3,15,2
Josh Anderson,CIN,OF,464,63,124,5,39,30
David Murphy,TEX,OF,452,62,120,14,63,7
Tug Hulett,BOS,2B,234,34,60,5,25,4
Mark Reed,CHN,C,188,18,40,2,17,2
Andrew Romine,LAA,SS,370,46,86,2,23,23
Freddy Sandoval,LAA,2B,412,53,107,8,50,10
Lou Santangelo,HOU,C,236,21,49,6,21,1
Craig Tatum,CIN,C,322,30,74,8,39,1
Jesus Guzman,SFN,1B,441,55,116,12,58,2
Elvis Andrus,TEX,SS,464,66,117,6,45,33
Brooks Conrad,ATL,2B,478,70,106,17,65,8
Andy Gonzalez,FLO,SS,346,39,81,7,36,6
Mitch Jones,ATL,,338,44,78,17,57,4
Dan Uggla,FLO,2B,564,97,138,29,88,3
Eider Torres,COL,SS,303,34,75,2,27,12
Danny Richar,FLO,3B,382,51,99,10,41,7
Niuman Romero,CLE,SS,357,38,83,3,32,7
Gregorio Petit,OAK,2B,404,41,93,4,35,4
Eugenio Velez,SFN,OF,428,58,112,6,44,28
Chin-lung Hu,LAN,SS,246,32,63,3,22,4
Juan Francisco,CIN,3B,500,58,122,28,75,4
Alex Romero,HOU,OF,413,52,113,5,49,9
Francisco Cervelli,NYA,C,230,24,59,4,24,1
Roger Bernadina,WAS,OF,338,43,84,5,27,20
Pedro Ciriaco,ARI,SS,340,38,87,2,28,17
Juan Apodaca,BOS,C,171,17,41,3,17,1
Everth Cabrera,SDN,SS,409,58,104,4,33,31
Melky Cabrera,ATL,OF,507,68,142,12,66,12
Jesus Sanchez,PHI,C,132,19,32,3,14,1
Emilio Bonifacio,FLO,3B,504,74,129,2,34,26
Pablo Sandoval,SFN,3B,494,68,155,19,75,3
Elian Herrera,LAN,C,242,29,51,2,17,15
Wilson Ramos,MIN,C,253,25,63,6,30,0
Carlos Santana,CLE,C,284,40,70,9,41,2
Gerardo Parra,ARI,OF,510,63,142,8,58,16
Harold Garcia,PHI,2B,349,40,83,8,33,23
Cristian Santana,TEX,C,200,17,38,7,21,2
Jonathan Herrera,COL,SS,293,40,79,3,29,11
Daniel Mayora,COL,2B,325,36,84,5,30,9
Reegie Corona,NYA,2B,334,42,83,4,26,12
Jose Gil,NYA,C,176,14,42,5,19,2
Jair Fernandez,MIN,C,158,16,37,2,16,1
Alvin Colina,TBA,C,206,21,46,6,32,1
Melvin Dorta,PHI,2B,295,33,75,3,24,9
Argenis Reyes,LAN,2B,414,46,103,3,30,12
Gabriel Ortiz,OAK,C,160,17,34,4,17,4
Mario Mercedes,CHN,C,128,14,35,2,14,1
Trent Oeltjen,MIL,OF,413,58,106,8,45,15
Jonathan Jaspe,TOR,C,218,23,50,4,25,1
Jamie Hoffmann,NYA,OF,402,48,99,8,51,14
Joel Naughton,PHI,C,198,20,50,4,20,1
Tim Kennelly,PHI,C,227,23,55,3,27,2
Luis Durango,SDN,OF,426,57,106,2,24,24
Jose Yepez,SEA,C,141,14,33,2,13,0
Miguel Montero,ARI,C,348,46,95,14,53,1
Elliot Johnson,TBA,2B,279,31,64,7,27,8
Carlos Gonzalez,COL,OF,443,69,128,16,70,12
Alberto Gonzalez,WAS,2B,400,45,102,4,41,4
Luis Valbuena,CLE,2B,446,57,113,10,40,9
Tony Abreu,ARI,2B,384,49,105,8,41,3
Juan Fuentes,SEA,C,197,19,49,3,19,1
Hank Conger,LAA,C,284,29,72,7,37,3
Julio Borbon,TEX,OF,478,72,140,6,43,35
Ryan Flaherty,CHN,SS,297,39,74,11,36,3
Tony Delmonico,LAN,C,302,31,65,6,25,2
Ryan Zimmerman,WAS,3B,574,91,163,26,93,4
Charles Cutler,SLN,C,235,29,59,4,26,1
Johnny Monell,SFN,C,202,22,50,5,23,2
Jed Lowrie,BOS,SS,358,45,90,6,47,2
Pedro Alvarez,PIT,3B,334,39,78,15,46,1
Victor Castillo,BAL,C,113,11,28,2,11,1
Adam Abraham,CLE,C,280,26,62,5,20,2
Miguel Abreu,BAL,2B,321,33,84,4,26,12
Kyle Anson,NYA,C,195,19,44,3,21,1
Alex Avila,DET,C,288,31,70,9,35,1
Aaron Bates,BOS,1B,442,50,108,9,48,1
Michael Brantley,CLE,OF,446,62,119,4,40,30
Michael Brenly,CHN,C,208,23,52,3,21,1
Jordan Brown,CLE,OF,318,39,87,7,39,2
Jason Castro,HOU,C,272,27,66,5,30,2
Koby Clemens,HOU,C,320,33,74,10,41,2
Tony Cruz,SLN,C,259,23,59,5,28,1
Aaron Cunningham,SDN,OF,413,54,102,12,44,12
Chase D'Arnaud,PIT,SS,260,35,65,4,26,14
Yunel Escobar,ATL,SS,500,73,143,11,62,6
Andy Jenkins,TEX,C,255,23,61,3,26,2
Matthew Klimas,SFN,C,125,11,28,2,12,3
Andrew Locke,HOU,OF,318,36,83,8,42,2
Thomas Neal,SFN,OF,328,45,79,11,43,2
John Raynor,PIT,OF,314,46,78,5,24,17
Anthony Recker,OAK,C,276,24,58,7,29,1
Ryan Rohlinger,SFN,3B,448,56,109,11,55,3
Adam Rosales,OAK,3B,398,56,98,13,48,5
Rusty Ryal,ARI,2B,426,52,107,13,53,4
Travis Scott,SEA,C,239,20,50,5,26,1
Josh Thole,NYN,C,317,30,85,3,34,3
Corey Wimberly,OAK,SS,266,36,67,1,18,21
Juan Rivera,LAA,2B,390,47,101,17,57,5
Miguel Fermin,FLO,C,220,29,58,10,30,3
Jesus Sucre,ATL,C,293,23,68,5,25,2
Kenji Johjima,,C,190,19,48,6,22,1
Juan Graterol,KCA,C,109,12,28,2,12,1
Kosuke Fukudome,CHN,OF,486,80,123,11,58,8
Akinori Iwamura,PIT,2B,448,68,125,5,35,9
Alexei Ramirez,CHA,SS,523,71,143,17,74,13
Dayan Viciedo,CHA,3B,356,43,83,10,47,2
Gordon Beckham,CHA,3B,447,67,123,17,67,7
Fernando Martinez,NYN,OF,299,33,70,8,30,4
Barbaro Canizares,ATL,1B,415,43,110,10,54,1
Jhonatan Solano,WAS,C,207,21,48,2,20,1
Humberto Sosa,CIN,C,246,25,58,3,26,1
Federico Hernandez,HOU,C,281,28,62,5,24,1
Rossmel Perez,ARI,C,289,26,74,2,29,1
Greg Veloz,NYN,C,317,32,61,3,20,13
Luis Bernardo,BAL,C,220,21,50,3,23,2
Wilin Rosario,COL,C,185,17,43,5,24,1
Allen Craig,SLN,OF,330,43,90,12,43,2
Chris Hatcher,FLO,C,205,23,41,5,20,2
David Freese,SLN,3B,368,50,95,12,54,3
Brian Baisley,NYA,C,170,15,37,4,19,0
Chris Pettit,LAA,OF,224,30,59,5,26,5
Vincent DiFazio,TEX,C,212,29,55,7,28,2
Derrick Robinson,KCA,OF,379,45,84,2,26,35
Travis Snider,TOR,OF,451,59,109,22,67,3
Scott Sizemore,DET,2B,311,39,78,6,29,9
Emmanuel Burriss,SFN,2B,351,46,92,2,29,23
Kristopher Negron,CIN,SS,319,43,74,5,24,16
Tyler Colvin,CHN,OF,448,55,112,12,57,8
Steve Clevenger,CHN,C,241,23,66,2,28,3
Austin Rauch,COL,C,119,13,25,4,14,1
Michael Thomas,BOS,C,276,37,62,5,25,15
Josh Reddick,BOS,OF,388,45,94,11,43,6
Nevin Ashley,TBA,C,260,24,54,3,20,4
Craig Gentry,TEX,OF,440,61,111,5,33,25
Mike Grace,CHA,C,132,13,29,2,13,2
Cole Gillespie,ARI,OF,316,42,76,8,39,9
Mitch Canham,SDN,C,268,26,59,3,30,3
Torre Langley,FLO,C,194,15,44,4,21,1
Chris Heisey,CIN,OF,350,49,93,12,40,12
Sean Rooney,WAS,C,200,17,48,3,20,1
Robert Taylor,FLO,C,129,13,28,4,18,2
Michael McKenry,COL,C,273,31,68,8,36,2
Kris Watts,PIT,C,232,25,57,3,26,1
Daniel Murphy,NYN,1B,465,56,121,11,60,6
Mark Thomas,TBA,C,164,13,35,4,16,2
Joshua Rodriguez,CLE,C,255,30,54,5,23,5
Luis Castillo,NYN,2B,377,54,99,2,30,15
Tyler LaTorre,SFN,C,113,11,27,2,13,1
Luis De La Cruz,SLN,C,137,15,30,2,12,2
Alexi Amarista,LAA,2B,375,51,91,5,29,20
Juan Miranda,NYA,1B,427,53,108,18,69,1
Sandy Leon,WAS,C,216,19,47,2,20,1
Tony Sanchez,PIT,C,173,23,41,5,28,1
Wally Crancer,BAL,C,200,21,50,5,22,1
Sebastian Valle,PHI,C,284,28,63,5,32,1
Starlin Castro,CHN,SS,326,32,83,3,29,14
Jorge Corniel,ARI,C,133,13,32,2,15,0
Matt Angle,BAL,OF,341,48,90,2,20,23
Brock Bond,SFN,2B,279,44,76,2,21,7
Jason Bour,CIN,C,198,14,43,5,16,1
Johnny Bowden,COL,C,126,17,32,4,18,1
Travis D'Arnaud,TOR,C,302,35,68,9,35,3
Daniel Descalso,SLN,2B,296,36,77,5,33,3
Phil Disher,HOU,C,168,14,37,5,21,0
Josh Donaldson,OAK,C,303,33,71,5,40,2
Ryan Eigsti,KCA,C,267,27,54,3,25,2
Jacob Elmore,ARI,2B,315,45,76,4,29,8
Jonathan Fixler,HOU,C,143,12,34,5,20,1
Evan Frey,ARI,OF,345,42,90,2,29,16
Eric Fryer,PIT,C,305,38,72,5,29,7
Chris Gradoville,TEX,C,153,12,37,2,12,0
Jonathan Greene,TEX,C,317,32,68,11,42,2
Justin Henry,DET,2B,313,43,77,2,28,12
Steven Hill,SLN,C,289,28,70,8,30,1
Doug Hogan,TEX,C,192,19,42,7,23,1
Darin Holcomb,COL,3B,329,39,89,7,36,2
Erik Kanaby,LAN,C,260,28,60,1,18,10
David Lough,KCA,OF,327,38,88,6,31,9
Jonathan Lucroy,MIL,C,313,35,78,8,39,2
Sean McCauley,KCA,C,163,17,38,2,15,1
Devin Mesoraco,CIN,C,250,21,54,8,27,0
Mitch Moreland,TEX,OF,303,38,83,6,36,1
Mike Moustakas,KCA,3B,382,43,92,11,48,5
Derek Norris,WAS,C,290,32,62,11,35,5
Ben Revere,MIN,OF,326,42,82,2,26,24
Joshua Roberts,FLO,C,221,23,56,5,29,4
Clint Robinson,KCA,2B,326,37,83,7,36,2
Austin Romine,NYA,C,333,38,77,10,37,5
Eric Sogard,OAK,2B,320,41,81,5,33,6
Devin Thomas,DET,C,159,16,32,3,20,2
Jackson Williams,SFN,C,207,19,47,3,17,1
Konrad Schmidt,ARI,C,267,25,66,4,24,0
Salvador Perez,KCA,C,135,15,33,2,12,0
Jose Bonilla,KCA,C,287,31,59,4,25,3
C.J. Retherford,CHA,2B,332,38,82,8,41,3
Chris Rosenbaum,LAA,C,92,11,23,2,9,1
Roger Kieschnick,SFN,OF,395,49,90,12,53,5
Jesus Montero,NYA,C,275,27,71,11,38,0
Carlos Gonzalez,COL,OF,365,56,98,13,56,11
Mitch Abeita,NYA,C,188,19,41,3,20,1
Beau Brooks,LAA,C,276,38,56,5,29,2
Tony Campana,CHN,OF,373,48,95,2,24,40
Jack Cawley,SLN,C,139,15,34,2,14,1
James Cesario,COL,2B,377,46,101,8,41,11
Kevin Coddington,CIN,C,293,27,68,3,28,7
Tim Federowicz,BOS,C,239,24,59,5,27,4
Johnny Giavotella,KCA,2B,315,49,78,4,29,11
Maikol Gonzalez,COL,2B,306,44,81,4,32,11
Anthony Gose,PHI,OF,394,49,83,4,34,42
Josh Harrison,PIT,2B,313,41,82,5,29,14
Jake Jefferies,TBA,C,284,29,67,4,28,3
Caleb Joseph,BAL,C,258,26,68,8,29,2
Jeff Lanning,MIN,C,161,15,35,3,15,1
Roberto Lopez,LAA,OF,293,38,74,8,41,3
Aaron Lowenstein,SFN,C,122,17,29,2,17,0
Billy Nowlin,DET,C,258,29,66,8,35,1
Tyler Pastornicky,TOR,SS,371,45,80,3,23,32
Cody Puckett,CIN,SS,386,44,80,12,39,13
Dave Sappelt,CIN,OF,419,46,100,7,30,29
Braeden Schlehuber,ATL,C,285,31,59,5,28,3
Tyson Van Winkle,ARI,C,170,16,39,2,20,2
Greg Bordes,ARI,C,91,14,21,1,10,0
Zach Zaneski,TEX,C,122,14,31,2,14,0
Keith Hernandez,DET,C,137,15,32,2,16,1
Kai Gronauer,NYN,C,205,21,43,5,17,0
Brendan Akashian,PHI,C,89,13,22,2,11,0
Jordan Comadena,HOU,C,94,11,23,2,8,1
Jason Hagerty,SDN,C,179,23,35,4,17,0
Josh Phegley,CHA,C,182,21,40,8,24,1
Daniel Butler,BOS,C,104,12,26,3,15,0
