mlbamID,playerName,keeperPrice,W,L,IP,H,R,ER,HR,BB,K,HBP,S,team,league,defaultPos,G_SP,G_RP,HLD
110683,Miguel Batista,,4,6,85,92,51,46,10,45,58,4,,WAS,NL,RP,0,56,
110859,Armando Benitez,,1,1,17,17,11,9,3,7,16,0,,HOU,NL,RP,,,
111838,Paul Byrd,,5,6,97,118,60,55,15,21,45,3,,,,SP,6,1,
112020,Chris Carpenter,,9,5,120,106,43,39,7,28,90,5,,SLN,NL,SP,28,0,30
112107,Alberto Castillo,,2,1,23,26,13,11,2,8,17,2,,BAL,AL,RP,,,
112526,Bartolo Colon,,3,5,65,75,42,37,10,22,41,2,,,,SP,12,0,
113296,Elmer Dessens,,2,2,35,35,19,17,5,13,22,1,,NYN,NL,RP,0,28,
113833,Alan Embree,,2,3,44,45,25,23,5,19,34,1,,,,RP,0,36,
113898,Kelvim Escobar,,3,2,41,35,16,14,3,14,35,1,,NYN,NL,SP,1,0,
113915,Shawn Estes,,2,3,48,51,26,24,5,19,26,2,,,,SP,,,
113961,Scott Eyre,,2,2,30,29,15,14,3,16,25,1,,,,RP,0,42,
114354,Chad Fox,,1,1,13,14,10,9,2,7,10,1,,CHN,NL,RP,0,2,
114849,Tom Glavine,,3,4,58,65,36,34,9,24,28,2,,,,SP,,,
114971,Tom Gordon,,1,2,22,24,15,14,3,14,15,1,,,,RP,0,3,
115216,Eddie Guardado,,2,2,38,38,20,19,6,15,24,1,,WAS,NL,RP,0,48,
115399,Mike Hampton,,4,6,90,102,53,48,11,37,54,2,,,,SP,21,0,
115629,LaTroy Hawkins,,4,3,59,56,24,23,6,20,42,1,1,MIL,NL,RP,0,65,
115817,Livan Hernandez,,8,13,183,217,111,101,23,63,90,3,,,,SP,31,0,
116034,Trevor Hoffman,,3,2,42,33,17,15,4,13,36,1,30,MIL,NL,RP,0,55,
116414,Jason Isringhausen,,2,2,30,29,16,15,3,15,21,2,,,,RP,0,9,
116595,Jason Johnson,,3,4,57,71,42,38,11,23,31,2,,NYA,AL,SP,,,
117955,Derek Lowe,,11,11,188,200,94,86,16,57,117,3,,ATL,NL,SP,34,0,
118158,Ron Mahay,,3,3,56,60,31,29,8,26,45,2,,,,RP,0,57,
118377,Pedro Martinez,,3,4,61,66,37,34,10,21,49,4,,,,SP,9,0,
119125,Trever Miller,,3,2,45,37,19,17,5,17,45,3,,SLN,NL,RP,0,70,
119154,Kevin Millwood,,10,11,183,207,102,93,21,62,119,9,,BAL,AL,SP,31,0,
119215,Brian Moehler,,5,9,125,146,77,69,16,40,70,3,,HOU,NL,SP,29,0,
119469,Jamie Moyer,,10,10,172,189,99,93,26,54,103,9,,PHI,NL,SP,25,5,
119984,Darren Oliver,,5,3,68,62,28,27,6,22,53,4,,,,RP,1,62,
120221,Chan Ho Park,,4,4,72,74,41,37,9,28,58,4,,,,RP,7,38,
120401,Troy Percival,,1,2,28,25,16,15,5,13,21,1,,,,RP,0,14,
120485,Andy Pettitte,,13,9,191,203,99,90,19,67,140,4,,NYA,AL,SP,32,0,
121096,Dennys Reyes,,3,2,41,37,17,17,3,19,34,2,,SLN,NL,RP,0,75,
121125,Arthur Rhodes,,3,3,44,35,16,16,3,19,41,1,,CIN,NL,RP,0,66,
121250,Mariano Rivera,,6,2,66,51,22,20,6,13,67,2,40,NYA,AL,RP,0,66,
121556,Glendon Rusch,,2,3,42,52,26,23,5,14,27,1,,,,RP,0,11,
121834,Jason Schmidt,,2,3,46,47,27,25,5,22,31,3,,,,SP,4,0,
121955,Rudy Seanez,,2,2,26,28,15,14,3,12,18,1,,LAA,AL,RP,,,
122195,Brian Shouse,,2,2,33,36,18,17,4,10,20,2,,BOS,AL,RP,0,45,
122477,John Smoltz,,5,6,92,101,52,47,11,25,78,3,,,,SP,15,0,
122620,Russ Springer,,4,3,56,52,25,24,7,19,50,2,,,,RP,0,74,
122681,Mike Stanton,,2,3,50,57,29,25,5,17,35,3,,,,RP,,,
122915,Tanyon Sturtze,,1,1,15,17,10,9,2,8,11,0,,LAN,NL,RP,,,
122987,Jeff Suppan,,7,10,144,167,92,84,20,59,74,7,,MIL,NL,SP,30,0,
123118,Julian Tavarez,,2,4,53,57,32,27,5,28,41,3,,,,RP,0,42,
123348,Mike Timlin,,1,2,24,27,15,14,3,9,15,1,,COL,NL,RP,,,
123387,Brett Tomko,,3,3,52,53,28,27,8,16,38,1,,,,RP,6,15,
123725,Ron Villone,,3,3,45,44,26,24,5,26,33,2,,,,RP,0,63,
123790,Billy Wagner,,3,1,32,24,12,11,3,12,38,1,25,ATL,NL,RP,0,17,
123801,Tim Wakefield,,7,8,128,135,72,69,16,48,75,9,,BOS,AL,SP,21,0,
123828,Jamie Walker,,1,2,31,37,19,18,6,8,21,1,,,,RP,0,22,
124000,David Weathers,,4,4,65,62,33,31,7,29,40,3,,,,RP,0,68,
124604,Jamey Wright,,4,5,72,74,39,35,6,35,52,6,,,,RP,0,65,
124805,B.J. Ryan,,2,2,29,27,16,15,3,18,25,2,,,,RP,0,25,
131702,Braden Looper,,9,11,178,198,107,100,29,55,91,6,,,,SP,34,0,
132220,Jarrod Washburn,,9,11,170,173,92,85,22,54,99,6,,,,SP,28,0,
132241,Bryan Corey,,2,3,45,53,29,26,6,13,24,1,,TEX,AL,RP,,,
132260,Sidney Ponson,,4,6,84,103,53,47,10,32,43,3,,,,SP,9,5,
132980,Eric Milton,,3,3,53,56,28,26,6,16,38,2,,,,SP,5,0,
133221,Justin Speier,,3,3,47,46,27,25,8,18,41,4,,,,RP,0,41,
133225,Ryan Dempster,,10,10,177,175,86,78,18,64,153,6,,CHN,NL,SP,31,0,
133340,Orlando Hernandez,,2,3,43,44,28,26,8,20,33,2,,TEX,AL,SP,,,
133460,Russ Ortiz,,4,5,75,83,47,42,8,40,50,4,,LAN,NL,SP,13,10,
133982,Bob Howry,,4,4,65,68,35,32,8,21,50,2,,ARI,NL,RP,0,63,
134268,Kerry Wood,,3,3,52,45,23,22,5,22,54,4,20,CLE,AL,RP,0,58,
134320,Javier Vazquez,,15,8,203,191,89,83,23,50,194,6,,NYA,AL,SP,32,0,
134321,Carl Pavano,,6,6,108,123,62,57,15,24,75,5,,MIN,AL,SP,33,0,
136263,Tim Byrdak,,3,4,52,44,27,25,8,27,49,2,,HOU,NL,RP,0,76,
136268,Chad Bradford,,2,2,35,40,17,15,2,10,17,2,,,,RP,0,20,
136422,Chris Michalak,,1,2,26,32,20,18,5,12,12,1,,TOR,AL,RP,,,
136600,Bruce Chen,,3,6,83,95,53,48,13,32,56,4,,KCA,AL,SP,9,8,
136727,Vladimir Nunez,,3,4,55,54,31,28,7,31,43,1,,,,RP,0,1,
136734,Octavio Dotel,,3,3,55,45,25,22,7,27,69,2,15,PIT,NL,RP,0,62,
136880,Roy Halladay,,17,8,226,207,84,78,19,40,197,7,,PHI,NL,SP,32,0,
150003,Seth Etherton,,3,6,83,98,57,52,16,27,55,2,,ARI,NL,SP,,,
150009,Ramon Ortiz,,3,4,67,68,34,31,7,20,48,2,,LAN,NL,RP,,,
150011,Scott Schoeneweis,,2,3,42,45,26,25,7,19,26,3,,,,RP,0,45,
150035,Kyle Farnsworth,,2,3,42,45,23,20,6,17,39,1,,KCA,AL,RP,0,41,
150063,Wade Miller,,1,3,31,35,22,20,5,17,21,1,,TOR,AL,SP,,,
150116,Randy Wolf,,10,9,168,156,80,77,20,59,132,7,,MIL,NL,SP,34,0,
150118,Brian Fuentes,,4,3,58,52,25,24,5,23,53,4,25,LAA,AL,RP,0,65,
150119,Freddy Garcia,,3,4,56,60,31,29,8,18,38,2,,CHA,AL,SP,9,0,
150122,Damaso Marte,,3,2,40,38,20,18,4,16,37,1,,NYA,AL,RP,0,21,
150128,Denny Stark,,2,3,41,44,27,25,6,26,25,2,,SEA,AL,RP,0,9,
150144,Bobby Seay,,3,2,49,47,23,21,4,19,39,2,,DET,AL,RP,0,67,
150153,Nelson Figueroa,,6,8,122,123,63,57,14,42,94,6,,NYN,NL,SP,10,6,
150159,Stephen Randolph,,1,2,29,27,17,15,4,19,33,1,,LAN,NL,RP,,,
150182,Scott Williamson,,1,1,14,15,9,8,2,6,11,0,,DET,AL,RP,,,
150185,Dave Borkowski,,2,2,32,35,20,18,5,12,21,1,,PHI,NL,RP,,,
150188,Francisco Cordero,,4,4,67,55,25,23,5,30,64,1,35,CIN,NL,RP,0,68,
150208,Ken Ray,,2,3,45,55,34,30,7,22,27,1,,CLE,AL,RP,,,
150219,Matt Kinney,,4,8,106,117,69,63,21,35,79,2,,SFN,NL,SP,,,
150221,Mike Lincoln,,2,3,40,41,26,24,7,20,26,4,,CIN,NL,RP,0,19,
150274,Joe Nathan,,6,2,67,46,21,19,6,21,76,2,40,MIN,AL,RP,0,70,
150277,Doug Davis,,9,9,159,167,86,78,18,78,114,4,,MIL,NL,SP,34,0,
150284,Brandon Knight,,3,3,52,53,29,26,8,20,43,1,,NYN,NL,SP,,,
150302,Jason Marquis,,10,11,187,200,99,91,16,74,103,7,,WAS,NL,SP,33,0,
150337,Kip Wells,,3,4,56,55,33,30,6,29,41,3,,,,RP,7,26,
150359,A.J. Burnett,,12,9,184,175,93,86,20,79,177,9,,NYA,AL,SP,33,0,
150373,Michael Tejera,,2,3,37,44,27,24,6,19,18,1,,CLE,AL,RP,,,
150382,Matt Herges,,3,3,51,54,27,25,5,18,34,2,,KCA,AL,RP,0,30,
150393,Tony Armas,,3,4,59,65,36,33,9,23,40,2,,ATL,NL,SP,,,
150404,Ted Lilly,,9,9,150,144,73,68,21,42,129,4,,CHN,NL,SP,27,0,
150407,Guillermo Mota,,3,3,57,53,30,28,7,23,39,3,,SFN,NL,RP,0,61,
150414,Jake Westbrook,,4,4,67,72,34,32,7,23,39,3,,CLE,AL,SP,,,
150430,Luis Vizcaino,,2,2,39,36,21,20,5,21,33,1,,,,RP,0,15,
150438,Rodrigo Lopez,,4,6,85,102,53,47,11,24,52,1,,ARI,NL,SP,5,2,
150469,John Bale,,2,2,27,31,16,14,3,12,20,1,,KCA,AL,RP,0,43,
150474,Gary Glover,,2,2,32,33,18,17,5,11,23,1,,,,RP,,,
207267,Brad Penny,,9,10,159,165,81,75,17,56,103,5,,SLN,NL,SP,30,0,
211041,Ryan Franklin,,5,3,68,63,29,28,6,24,45,2,25,SLN,NL,RP,0,62,
213680,Mike MacDougal,,2,3,43,43,25,23,3,28,32,2,,,,RP,0,57,
213711,Jeff Weaver,,3,4,58,62,33,30,8,21,41,3,,LAN,NL,RP,7,21,
215197,Matt Ginter,,2,3,44,48,26,23,6,15,26,1,,HOU,NL,RP,,,
216897,Kyle Snyder,,2,2,39,40,23,20,5,15,27,1,,NYN,NL,RP,,,
217096,Barry Zito,,8,12,180,179,97,91,20,85,134,7,,SFN,NL,SP,33,0,
218596,Tim Hudson,,6,5,97,101,44,41,7,29,61,3,,ATL,NL,SP,7,0,
218894,Vicente Padilla,,7,7,126,133,69,64,15,50,90,8,,LAN,NL,SP,25,1,
219194,Gil Meche,,7,10,139,152,77,70,15,55,107,2,,KCA,AL,SP,23,0,
219594,Tomo Ohka,,4,7,97,116,68,63,20,31,49,3,,,,SP,6,12,
228594,David Riske,,2,2,33,31,16,15,4,15,24,1,,MIL,NL,RP,0,1,
232994,Scott Strickland,,2,3,35,35,21,19,5,18,35,1,,COL,NL,RP,,,
234194,Buddy Carlyle,,3,2,38,38,20,18,5,14,32,1,,,,RP,0,17,
235095,Dan Wheeler,,4,3,62,52,30,28,10,17,51,1,,TBA,AL,RP,0,69,
239795,Chad Durbin,,4,3,64,58,32,30,7,30,49,4,,PHI,NL,RP,0,59,
240694,J.C. Romero,,2,2,32,27,15,14,3,20,26,2,,PHI,NL,RP,0,21,
275700,Winston Abreu,,3,2,39,34,18,16,5,16,40,1,,TBA,AL,RP,0,5,
275933,Scott Downs,,3,2,45,41,19,18,4,16,38,2,15,TOR,AL,RP,0,48,
276056,Danys Baez,,4,3,58,53,30,28,7,22,38,4,,PHI,NL,RP,0,59,
276336,Shawn Chacon,,2,3,47,51,33,30,9,26,28,2,,OAK,AL,RP,,,
276351,Jason Grilli,,3,3,51,50,26,23,4,26,46,2,,CLE,AL,RP,0,52,
276371,Johan Santana,,12,9,189,166,79,74,23,53,173,4,,NYN,NL,SP,25,0,
276373,Marty McLeary,,2,4,53,61,38,34,9,26,32,1,,TOR,AL,SP,,,
276514,Kevin Gregg,,4,4,68,59,33,32,8,31,62,4,10,TOR,AL,RP,0,72,
276520,Bronson Arroyo,,10,13,200,202,104,97,27,64,133,8,,CIN,NL,SP,33,0,
276530,Scott Linebrink,,3,3,55,57,31,28,9,20,47,2,,CHA,AL,RP,0,57,
276542,Joaquin Benoit,,3,2,47,44,24,23,5,25,46,1,,TEX,AL,RP,,,
276912,Scot Shields,,3,2,43,40,21,19,4,21,38,1,,LAA,AL,RP,0,20,
276913,Derrick Turnbow,,1,1,18,17,12,12,1,17,15,1,,FLO,NL,RP,,,
276914,Cedrick Bowers,,2,2,36,32,20,18,3,28,32,1,,OAK,AL,RP,,,
277414,Chris Gissell,,2,3,41,45,24,23,6,14,25,2,,OAK,AL,SP,,,
277417,Josh Beckett,,13,9,193,190,91,84,22,48,179,7,,BOS,AL,SP,32,0,
279571,Matt Belisle,,4,3,56,63,31,27,6,15,39,2,,COL,NL,RP,0,24,
279782,Jon Garland,,10,12,193,221,109,99,21,59,101,6,,SDN,NL,SP,33,0,
279824,Mark Buehrle,,12,11,201,214,99,93,22,48,110,5,,CHA,AL,SP,33,0,
282332,CC Sabathia,,17,8,218,202,88,82,18,53,190,8,,NYA,AL,SP,34,0,
282562,Adam Pettyjohn,,3,6,90,107,62,56,17,30,47,3,,NYN,NL,SP,,,
282567,Claudio Vargas,,3,3,47,45,23,22,7,16,37,1,,MIL,NL,RP,0,36,
282656,Ben Sheets,,7,6,114,117,56,52,12,31,81,1,,OAK,AL,SP,,,
283166,Mike Gonzalez,,4,2,53,45,24,21,6,22,54,4,20,BAL,AL,RP,0,80,
284566,Adam Eaton,,5,7,106,126,71,64,16,42,64,5,,,,SP,8,4,
285075,Jason Standridge,,1,1,18,17,10,9,1,11,13,0,,PHI,NL,RP,,,
285079,R.A. Dickey,,4,4,67,69,36,33,8,27,41,2,,NYN,NL,RP,1,34,
329092,Randy Choate,,3,2,40,38,20,18,4,17,28,1,,TBA,AL,RP,0,61,
334492,Joel Pineiro,,10,9,164,188,87,80,17,32,82,5,,LAA,AL,SP,32,0,
346793,Jeremy Affeldt,,4,4,66,57,27,25,5,29,58,3,,SFN,NL,RP,0,74,
346797,Grant Balfour,,4,3,59,46,24,23,5,29,64,2,,TBA,AL,RP,0,73,
346798,Kyle Lohse,,7,8,128,134,67,62,15,40,81,4,,SLN,NL,SP,22,1,
346799,Juan Rincon,,3,3,45,45,27,25,5,23,41,2,,COL,NL,RP,0,33,
346800,Saul Rivera,,4,4,64,70,35,32,5,30,38,3,,CLE,AL,RP,0,30,
346847,Joe Beimel,,3,3,45,46,21,19,3,17,27,2,,,,RP,0,71,
346848,John Grabow,,4,4,67,62,34,32,7,34,55,2,,CHN,NL,RP,0,75,
346855,Brandon Duckworth,,3,6,76,89,52,47,11,34,42,2,,PHI,NL,SP,,,
346862,Blaine Neal,,1,2,23,26,16,14,4,11,14,0,,CLE,AL,RP,,,
346869,Josh Towers,,4,7,95,112,62,57,16,29,57,4,,LAN,NL,SP,0,2,
346871,Aaron Cook,,9,8,156,187,85,77,14,45,74,4,,COL,NL,SP,27,0,
349193,Will Ohman,,2,2,29,27,15,14,3,13,24,1,,,,RP,0,21,
400008,Gary Majewski,,2,3,39,44,23,21,5,15,25,1,,HOU,NL,RP,,,
400010,Jon Rauch,,5,3,71,71,34,31,8,20,51,1,,MIN,AL,RP,0,75,
400056,Carlos Hernandez,,3,4,59,62,35,32,8,27,36,3,,TBA,AL,SP,,,
400058,Brad Lidge,,3,3,53,48,28,25,7,27,58,3,25,PHI,NL,RP,0,67,
400061,Roy Oswalt,,11,11,191,194,89,82,19,48,146,8,,HOU,NL,SP,30,0,
400062,Tim Redding,,6,9,124,132,74,68,18,48,75,4,,COL,NL,SP,17,13,
400066,Franklin Nunez,,1,1,19,21,13,12,2,12,13,0,,COL,NL,RP,,,
400067,Carlos Silva,,5,7,107,131,65,60,14,26,52,4,,CHN,NL,SP,6,2,
400076,Shane Loux,,4,6,83,99,51,46,9,31,38,4,,HOU,NL,SP,6,12,
400089,Rafael Soriano,,4,3,56,42,22,21,6,19,61,1,25,TBA,AL,RP,0,77,
400093,Duaner Sanchez,,2,2,34,33,18,17,5,15,22,2,,,,RP,0,13,
400104,Tyler Walker,,3,2,40,37,19,18,5,13,33,2,,WAS,NL,RP,0,32,
400125,Jesus Colome,,2,3,41,42,23,21,5,17,30,2,,,,RP,0,21,
400130,Scott Chiasson,,1,1,13,15,9,9,2,6,9,0,,BAL,AL,RP,,,
400141,Horacio Ramirez,,2,3,48,56,30,27,6,17,22,1,,SFN,NL,RP,1,18,
400147,Brian Lawrence,,3,4,67,75,39,35,8,20,36,2,,FLO,NL,SP,,,
400156,Ricardo Rodriguez,,4,5,83,102,59,52,13,28,44,2,,LAA,AL,SP,,,
400291,Dustin Moseley,,4,6,85,101,54,49,13,28,53,3,,,,SP,3,0,
406301,Chad Paronto,,3,2,43,43,20,18,4,15,31,1,,BOS,AL,RP,0,6,
406402,Jorge Julio,,2,2,39,37,22,21,4,25,35,3,,,,RP,0,15,
406874,Joe Nelson,,3,3,43,40,24,23,6,22,39,2,,BOS,AL,RP,0,42,
407113,Justin Duchscherer,,5,3,66,60,29,27,7,19,45,3,,OAK,AL,SP,,,
407154,Casey Fossum,,3,4,59,59,35,32,8,26,49,3,,,,RP,0,3,
407193,Brandon Lyon,,4,4,69,62,28,27,6,23,53,1,20,HOU,NL,RP,0,65,
407296,Carlos Zambrano,,9,9,153,149,76,71,14,66,126,8,,CHN,NL,SP,28,0,
407297,Juan Cruz,,3,3,52,48,28,25,6,28,49,3,,KCA,AL,RP,0,46,
407298,Jason Jennings,,3,4,54,61,34,30,7,23,37,2,,,,RP,0,44,
407377,Mike Koplove,,2,3,39,38,21,20,4,18,30,1,,SEA,AL,RP,,,
407757,Nate Field,,2,2,33,32,20,19,6,18,33,0,,FLO,NL,RP,,,
407783,Geoff Geary,,3,3,51,56,29,26,5,20,31,3,,TEX,AL,RP,0,16,
407791,Brendan Donnelly,,2,2,30,29,14,13,2,12,24,2,,PIT,NL,RP,0,30,
407793,John Lackey,,12,9,181,185,88,81,19,49,140,10,,BOS,AL,SP,27,0,
407795,John Ennis,,2,1,26,27,15,13,4,10,23,1,,PHI,NL,RP,,,
407816,J.J. Putz,,3,2,41,37,20,19,4,19,37,1,,CHA,AL,RP,0,29,
407819,Matt Thornton,,5,3,64,53,24,23,5,21,70,2,5,CHA,AL,RP,0,70,
407822,Jorge De La Rosa,,8,8,143,149,79,71,16,61,138,6,,COL,NL,SP,32,1,
407825,Matt Guerrier,,5,4,72,68,36,33,9,23,49,3,,MIN,AL,RP,0,79,
407840,Brandon Backe,,3,5,69,80,45,41,12,31,46,2,,,,SP,1,4,
407842,Jose Veras,,3,2,41,37,21,20,5,20,37,3,,FLO,NL,RP,0,47,
407843,Andy Van Hekken,,3,5,74,86,45,40,10,23,43,1,,HOU,NL,SP,,,
407845,Fernando Rodney,,4,3,61,57,32,31,6,33,54,3,10,LAA,AL,RP,0,73,
407853,Erik Bedard,,7,5,106,92,45,42,11,41,111,4,,,,SP,15,0,
407860,Gustavo Chacin,,2,5,56,65,37,34,10,24,30,2,,HOU,NL,SP,,,
407878,Jose Valverde,,4,2,49,41,21,19,5,19,47,2,30,DET,AL,RP,0,52,
407884,Tyler Yates,,2,2,42,41,23,21,4,21,35,2,,PIT,NL,RP,0,15,
407890,Colby Lewis,,6,6,108,111,56,51,13,27,89,5,,TEX,AL,SP,,,
407896,Billy Traber,,3,3,47,57,31,28,6,16,22,2,,BOS,AL,RP,0,1,
407901,Jorge Sosa,,3,3,47,49,28,25,6,19,36,1,,BOS,AL,RP,0,18,
407908,Joel Peralta,,3,3,52,51,27,25,7,18,43,2,,WAS,NL,RP,0,27,
407911,Frank Francisco,,3,2,44,37,19,17,4,18,48,1,25,TEX,AL,RP,0,51,
407924,Manny Acosta,,3,3,48,47,25,24,6,26,38,2,,ATL,NL,RP,0,36,
408052,Chris Bootcheck,,3,3,47,46,24,22,4,20,42,2,,,,RP,0,13,
408057,Bobby Jenks,,4,3,56,50,24,22,6,17,45,2,25,CHA,AL,RP,0,52,
408061,Francisco Rodriguez,,5,3,67,48,25,23,6,34,75,2,35,NYN,NL,RP,0,70,
408069,Erick Threets,,2,2,29,30,17,16,3,17,18,1,,CHA,AL,RP,,,
408072,Jason Bulger,,4,2,50,41,21,20,4,24,55,2,,LAA,AL,RP,0,64,
408206,Brett Myers,,5,7,98,104,56,52,16,34,80,4,,HOU,NL,SP,10,8,
408230,Pedro Feliciano,,4,3,55,48,25,23,6,22,52,2,,NYN,NL,RP,0,88,
408241,Jake Peavy,,9,8,149,132,70,65,16,50,137,4,,CHA,AL,SP,16,0,
408304,Jon Switzer,,2,3,45,46,25,23,6,18,35,2,,HOU,NL,RP,0,4,
408310,Aaron Heilman,,4,4,72,70,40,37,9,33,63,4,,CHN,NL,RP,0,70,
420864,Randy Flores,,2,3,37,41,22,19,3,15,31,2,,COL,NL,RP,0,27,
421685,Aaron Harang,,9,11,182,187,94,84,26,49,154,4,,CIN,NL,SP,26,0,
424144,Oliver Perez,,5,7,106,99,62,58,16,61,98,5,,NYN,NL,SP,14,0,
424164,Kirk Saarloos,,2,3,48,60,35,31,8,20,24,1,,CLE,AL,RP,,,
424324,Cliff Lee,,12,10,193,192,81,74,16,43,145,6,,SEA,AL,SP,34,0,
424805,Mark Hendrickson,,7,9,138,161,85,77,19,45,81,4,,BAL,AL,SP,11,42,
424925,Clay Condrey,,3,3,45,49,23,21,4,15,24,2,,MIN,AL,RP,0,45,
425146,Nate Robertson,,5,7,111,129,69,62,14,44,73,3,,DET,AL,SP,6,22,
425186,Jason Davis,,2,3,41,44,24,22,3,22,20,2,,PIT,NL,RP,,,
425226,Brian Tallet,,5,5,87,82,46,43,9,38,68,4,,TOR,AL,RP,25,12,
425386,Jeremy Guthrie,,9,11,181,197,101,94,26,56,107,7,,BAL,AL,SP,33,0,
425426,Chien-Ming Wang,,5,4,85,92,43,40,6,30,50,3,,,,SP,9,3,
425466,Willie Eyre,,3,2,38,39,20,18,3,16,23,1,,TEX,AL,RP,0,17,
425471,Jimmy Gobble,,2,2,28,28,17,16,4,14,25,2,,,,RP,0,12,
425487,Todd Wellemeyer,,5,8,116,128,71,65,18,50,76,4,,,,SP,21,7,
425492,Ryan Madson,,5,4,75,72,32,29,7,23,66,3,1,PHI,NL,RP,0,79,
425507,Fernando Cabrera,,2,3,38,39,23,20,5,20,33,1,,BOS,AL,RP,0,6,
425514,Heath Bell,,5,3,70,52,24,22,5,25,71,2,35,SDN,NL,RP,0,68,
425528,Seth McClung,,4,3,61,57,32,31,8,34,46,2,,FLO,NL,RP,2,39,
425530,Brian Stokes,,4,4,72,72,38,35,7,31,47,2,,LAA,AL,RP,0,69,
425531,Doug Waechter,,2,2,32,37,19,17,4,9,18,1,,,,RP,0,5,
425539,Hong-Chih Kuo,,3,2,36,29,14,13,3,13,40,2,,LAN,NL,RP,0,35,
425546,Nate Bump,,2,3,46,51,27,24,5,16,22,2,,PHI,NL,SP,,,
425555,Daniel Cabrera,,5,8,106,116,69,62,12,59,67,8,,CHA,AL,SP,9,6,
425562,Vinnie Chulk,,2,2,33,33,17,16,4,14,21,1,,PIT,NL,RP,0,8,
425606,Kiko Calero,,3,2,38,32,17,16,3,20,37,1,,,,RP,0,67,
425628,Greg Aquino,,2,3,31,32,20,18,4,18,23,1,,CHA,AL,RP,0,10,
425630,Brandon Webb,,8,7,121,123,56,51,9,38,96,6,,ARI,NL,SP,1,0,
425646,Luis Ayala,,3,3,44,48,25,23,5,15,32,3,,LAN,NL,RP,0,38,
425647,D.J. Carrasco,,4,4,67,67,30,28,5,23,49,3,,PIT,NL,RP,1,48,
425656,Wil Ledezma,,2,3,42,40,21,19,4,20,36,1,,WAS,NL,RP,0,5,
425657,Javier Lopez,,2,3,40,42,21,19,3,18,25,2,,PIT,NL,RP,0,14,
425747,Jose Contreras,,7,8,132,139,73,66,13,51,97,6,,PHI,NL,SP,23,5,
425768,Angel Guzman,,2,2,33,29,16,15,4,12,28,1,,CHN,NL,RP,0,55,
425778,Matt Hensley,,1,1,16,18,10,9,2,6,10,0,,TOR,AL,RP,,,
425787,Tim Hamulack,,1,3,31,37,20,18,4,12,20,0,,KCA,AL,RP,,,
425794,Adam Wainwright,,12,9,185,176,77,71,16,54,153,4,,SLN,NL,SP,34,0,
425817,Jesse Foppert,,1,2,22,24,18,17,4,20,14,0,,FLO,NL,RP,,,
425818,Boof Bonser,,2,3,48,55,32,29,7,17,38,1,,BOS,AL,RP,,,
425826,Giancarlo Alvarado,,5,5,92,90,53,48,13,45,90,4,,LAN,NL,SP,,,
425827,Jeremy Bonderman,,4,5,74,85,46,42,11,27,50,3,,DET,AL,SP,1,7,
425840,Neal Cotts,,2,2,31,30,17,15,4,15,27,2,,PIT,NL,RP,0,19,
425843,Ruddy Lugo,,3,5,63,71,43,39,9,31,34,2,,DET,AL,RP,,,
425844,Zack Greinke,,12,9,189,183,76,67,15,48,184,4,,KCA,AL,SP,33,0,
425848,Rich Harden,,7,6,108,95,52,49,14,47,116,4,,TEX,AL,SP,26,0,
425856,Gavin Floyd,,10,10,172,170,90,84,22,57,133,5,,CHA,AL,SP,30,0,
425860,Bryan Bullington,,3,6,79,95,51,46,11,29,51,3,,KCA,AL,SP,0,4,
425861,Shawn Camp,,3,3,53,52,26,24,5,19,40,3,,TOR,AL,RP,0,59,
425883,Dontrelle Willis,,3,6,79,91,55,51,11,45,46,4,,DET,AL,SP,7,0,
425899,Charlie Manning,,2,2,36,33,18,17,3,20,30,0,,SLN,NL,RP,,,
428420,Mike Gosling,,3,4,56,61,33,30,8,24,41,1,,CLE,AL,RP,0,15,
429440,Edgar Gonzalez,,3,3,48,48,24,22,5,17,33,3,,,,RP,6,20,
429714,Denny Bautista,,3,3,51,49,27,25,4,30,43,2,,SFN,NL,RP,0,14,
429715,Travis Blackley,,4,6,93,105,63,57,15,42,65,3,,ARI,NL,SP,,,
429716,J.D. Durbin,,3,3,57,59,35,32,7,31,38,1,,LAN,NL,RP,,,
429717,Dan Haren,,13,10,208,198,89,83,23,42,199,5,,ARI,NL,SP,33,0,
429718,Shawn Hill,,3,4,58,66,34,30,6,18,35,3,,TOR,AL,SP,3,0,
429719,Edwin Jackson,,10,11,178,180,94,88,22,70,140,4,,ARI,NL,SP,33,0,
429720,John Maine,,6,6,101,91,53,49,12,44,82,4,,NYN,NL,SP,15,0,
429721,Royce Ring,,2,2,28,28,15,14,3,13,22,1,,NYA,AL,RP,,,
429722,Ervin Santana,,8,8,140,149,78,71,20,42,116,8,,LAA,AL,SP,23,1,
429723,Merkin Valdez,,2,3,38,40,22,20,4,20,30,1,,TOR,AL,RP,0,48,
429780,Chris Narveson,,4,4,63,59,34,31,9,28,56,2,,MIL,NL,RP,4,17,
429781,Kevin Correia,,8,9,145,138,68,64,15,50,103,4,,SDN,NL,SP,33,0,
429783,Rafael Betancourt,,4,3,54,47,23,21,6,17,54,1,,COL,NL,RP,0,61,
429842,Ryan Wagner,,1,2,18,20,12,11,2,10,12,0,,WAS,NL,RP,,,
429901,Sergio Mitre,,5,5,81,97,49,44,10,21,47,5,,NYA,AL,SP,9,3,
429981,Roy Corcoran,,3,3,43,44,22,21,2,24,25,2,,,,RP,0,16,
429984,Scott Proctor,,2,3,48,44,27,26,7,26,45,2,,FLO,NL,RP,,,
429985,Chad Gaudin,,8,7,126,129,72,66,15,56,101,6,,NYA,AL,SP,25,6,
430061,Mike Wood,,3,3,54,63,35,32,8,21,26,3,,TEX,AL,SP,,,
430083,Brian Sanches,,3,3,45,42,22,21,6,19,44,3,,FLO,NL,RP,0,47,
430579,Elizardo Ramirez,,3,6,86,109,64,57,16,26,39,3,,TEX,AL,SP,,,
430580,Alfredo Simon,,2,4,51,64,41,37,13,20,29,2,,BAL,AL,SP,2,0,
430582,Brian Wolfe,,2,3,42,46,24,22,5,14,25,2,,TOR,AL,RP,0,14,
430586,Ezequiel Astacio,,1,2,20,23,15,14,5,10,16,0,,CHN,NL,RP,,,
430587,Taylor Buchholz,,4,3,58,57,28,26,5,17,43,2,,COL,NL,RP,,,
430588,Fernando Nieve,,2,3,41,40,22,20,6,18,33,1,,NYN,NL,RP,7,1,
430589,Chad Qualls,,4,3,61,61,27,25,6,15,53,3,25,ARI,NL,RP,0,51,
430594,Renyel Pinto,,4,3,52,46,25,24,5,32,47,3,,FLO,NL,RP,0,73,
430599,Joe Blanton,,12,10,194,198,97,91,24,56,142,6,,PHI,NL,SP,31,0,
430606,Mike Adams,,3,2,39,28,13,13,4,13,41,1,,SDN,NL,RP,0,37,
430608,Ben Hendrickson,,3,5,66,78,45,41,8,31,30,3,,MIN,AL,SP,,,
430610,Dennis Sarfate,,2,3,43,41,25,23,6,25,39,2,,BAL,AL,RP,0,20,
430613,Ronald Belisario,,3,3,51,49,27,25,6,24,42,3,,LAN,NL,RP,0,69,
430616,Lincoln Holdzkom,,1,2,27,30,17,16,3,18,16,1,,PIT,NL,RP,,,
430617,Scott Dohmann,,2,1,27,27,14,12,3,11,21,0,,LAN,NL,RP,,,
430618,Justin Hampson,,2,2,24,23,11,10,2,8,15,0,,OAK,AL,RP,,,
430629,Joel Hanrahan,,3,5,68,67,37,32,7,35,67,2,,PIT,NL,RP,0,67,
430630,Jason Frasor,,3,3,53,43,23,21,4,21,49,2,15,TOR,AL,RP,0,61,
430634,Sean Burnett,,3,4,55,51,29,27,6,28,39,2,,WAS,NL,RP,0,71,
430636,Ian Snell,,7,10,147,152,80,72,15,70,109,3,,SEA,AL,SP,27,0,
430638,Roman Colon,,3,4,54,62,33,30,7,21,31,2,,KCA,AL,RP,0,43,
430641,Blaine Boyer,,3,4,53,57,31,28,5,22,37,3,,ARI,NL,RP,0,48,
430646,Jake Woods,,3,3,45,49,28,26,7,20,29,1,,PHI,NL,RP,,,
430650,Edwin Moreno,,3,3,45,50,31,28,7,24,32,2,,BOS,AL,RP,0,19,
430654,Brian Bass,,3,5,67,75,39,35,8,29,43,3,,PIT,NL,RP,0,48,
430657,Cha Seung Baek,,2,3,51,56,31,29,8,17,32,2,,,,SP,,,
430661,Dustin McGowan,,4,5,74,71,38,35,7,29,59,2,,TOR,AL,SP,,,
430663,Brian Bruney,,2,2,32,27,15,14,3,18,30,2,,WAS,NL,RP,0,44,
430664,Casey Daigle,,2,3,44,46,27,24,6,20,36,1,,HOU,NL,RP,,,
430665,Brandon Medders,,3,4,57,56,30,28,7,28,43,3,,SFN,NL,RP,0,61,
430670,Bobby Keppel,,3,4,58,64,32,29,6,22,33,4,,MIN,AL,RP,0,37,
430673,Ramon Ramirez,,5,3,62,56,28,26,5,27,51,2,,BOS,AL,RP,0,70,
430675,Sean Henn,,2,3,35,35,21,19,4,19,29,1,,MIN,AL,RP,0,20,
430680,Justin Lehr,,5,7,110,117,63,58,17,38,58,3,,CIN,NL,SP,11,0,
430831,Jeff Bennett,,3,3,52,55,29,26,5,28,31,3,,TBA,AL,RP,0,44,
430837,Lenny DiNardo,,6,7,113,130,66,58,11,41,67,4,,OAK,AL,SP,5,0,
430884,Jesse Crain,,3,3,48,45,24,22,4,20,39,3,,MIN,AL,RP,0,56,
430889,Bill Murphy,,3,4,58,60,37,34,8,36,47,2,,,,RP,0,8,
430900,Michael Wuertz,,5,3,62,49,24,22,6,24,65,1,,OAK,AL,RP,0,74,
430904,Paul Maholm,,10,12,192,209,96,86,18,58,121,7,,PIT,NL,SP,31,0,
430911,David Aardsma,,4,3,60,49,25,24,5,30,61,2,30,SEA,AL,RP,0,73,
430912,Matt Cain,,12,11,200,183,87,82,20,74,165,5,,SFN,NL,SP,33,0,
430935,Cole Hamels,,13,9,189,183,87,80,24,45,165,4,,PHI,NL,SP,32,0,
430941,George Sherrill,,5,2,57,44,22,20,4,25,59,2,1,LAN,NL,RP,0,72,
430942,Randy Williams,,2,3,39,40,25,23,6,19,35,2,,CHA,AL,RP,0,25,
430950,Brian Gordon,,2,3,43,49,28,25,7,14,25,0,,TEX,AL,RP,,,
430962,Dustin Nippert,,3,4,53,55,30,28,7,23,40,2,,TEX,AL,RP,10,10,
430963,Tony Pena,,4,4,61,64,32,28,6,19,42,3,,SFN,NL,RP,0,72,
430968,Shingo Takatsu,,1,2,19,21,12,12,3,6,14,0,,SFN,NL,RP,,,
431146,Jason Childers,,2,3,44,48,27,24,6,17,27,0,,TBA,AL,RP,,,
431148,Scott Kazmir,,8,7,130,125,67,62,16,51,118,5,,LAA,AL,SP,26,0,
431162,Tim Stauffer,,4,6,88,85,44,41,11,33,62,4,,SDN,NL,SP,14,0,
431164,Tyler Johnson,,1,2,17,17,11,10,2,7,12,1,,SEA,AL,RP,,,
432934,Chris Young,,5,7,101,84,51,47,13,47,81,3,,SDN,NL,SP,14,0,
433578,Lance Cormier,,4,3,60,63,31,29,6,23,33,1,,TBA,AL,RP,0,53,
433579,John Danks,,10,10,177,173,89,85,22,62,137,4,,CHA,AL,SP,32,0,
433581,Brad Thompson,,2,4,51,61,32,29,7,14,23,4,,KCA,AL,RP,8,24,
433584,Fausto Carmona,,7,8,131,145,78,72,14,58,80,8,,CLE,AL,SP,24,0,
433585,Jeff Francis,,5,5,89,106,52,45,10,29,63,3,,COL,NL,SP,,,
433586,Santiago Casilla,,2,3,42,42,23,21,5,19,33,2,,SFN,NL,RP,0,46,
433587,Felix Hernandez,,13,10,208,188,82,76,17,67,187,7,,SEA,AL,SP,34,0,
433589,Yusmeiro Petit,,4,7,96,100,56,51,17,32,71,1,,SEA,AL,SP,17,6,
433657,Dave Bush,,8,10,155,160,90,84,24,46,110,13,,MIL,NL,SP,21,1,
434118,Carmen Cali,,2,2,31,32,18,16,3,14,23,1,,LAN,NL,RP,,,
434137,Logan Kensing,,2,4,45,46,27,24,7,21,37,2,,WAS,NL,RP,0,32,
434159,Dan Meyer,,4,4,64,62,35,33,8,30,55,2,,FLO,NL,RP,0,71,
434181,Brandon League,,4,3,55,50,25,23,5,20,47,4,,SEA,AL,RP,0,67,
434298,Todd Coffey,,4,3,63,61,29,27,8,20,50,3,,MIL,NL,RP,0,78,
434378,Justin Verlander,,13,11,205,191,92,84,19,66,202,10,,DET,AL,SP,35,0,
434438,Billy Buckner,,6,8,126,138,74,67,16,51,94,3,,ARI,NL,SP,13,3,
434442,J.P. Howell,,5,3,72,62,33,31,8,30,74,3,5,TBA,AL,RP,0,69,
434479,Mike Hinckley,,3,4,51,55,33,30,7,30,28,2,,BAL,AL,RP,0,14,
434482,Jesse Carlson,,4,3,65,61,32,31,7,22,51,3,,TOR,AL,RP,0,73,
434538,Francisco Liriano,,7,7,126,131,72,65,16,51,107,4,,MIN,AL,SP,24,5,
434564,Zack Segovia,,2,3,37,38,22,20,5,16,22,2,,NYA,AL,RP,0,8,
434565,Robinson Tejeda,,3,4,60,49,30,27,5,35,62,3,,KCA,AL,RP,6,29,
434578,Joe Saunders,,10,9,170,185,93,87,22,54,96,5,,LAA,AL,SP,31,0,
434579,Steven Shell,,3,3,50,49,28,26,8,18,35,1,,SEA,AL,RP,0,4,
434590,Yorman Bazardo,,5,9,120,137,76,69,19,45,68,5,,HOU,NL,SP,6,4,
434591,Randy Messenger,,3,3,52,58,29,26,6,17,30,1,,,,RP,0,12,
434594,Vince Perkins,,2,3,48,50,30,28,4,37,35,1,,CHN,NL,RP,,,
434622,Ubaldo Jimenez,,11,9,173,169,85,78,13,79,152,8,,COL,NL,SP,33,0,
434623,Juan Morillo,,3,3,47,44,28,26,4,35,41,1,,MIN,AL,RP,0,3,
434627,Ryan Speier,,2,3,39,39,20,18,3,18,25,2,,WAS,NL,RP,0,5,
434628,Jason Hammel,,7,9,141,165,83,73,16,45,102,6,,COL,NL,SP,30,4,
434629,Chris Seddon,,3,7,98,108,65,59,15,47,58,3,,SEA,AL,SP,,,
434637,Matt Lindstrom,,3,3,46,46,22,20,4,19,36,2,5,HOU,NL,RP,0,54,
434638,Brian Burres,,4,8,101,118,65,58,13,40,66,3,,PIT,NL,SP,2,0,
434641,Juan Gutierrez,,4,5,75,80,43,39,8,32,59,3,,ARI,NL,RP,0,65,
434642,Mark McLemore,,2,3,44,46,26,23,5,20,27,1,,MIN,AL,RP,,,
434643,Wandy Rodriguez,,9,10,171,165,79,71,19,56,155,5,,HOU,NL,SP,33,0,
434663,Leo Nunez,,3,3,55,51,28,26,8,20,45,3,15,FLO,NL,RP,0,75,
434665,Nick Masset,,4,3,64,57,27,25,6,24,52,2,,CIN,NL,RP,0,74,
434666,Josh Rupe,,2,4,50,58,32,29,5,25,28,3,,KCA,AL,RP,0,4,
434668,Manny Delcarmen,,4,3,60,57,30,27,5,27,49,3,,BOS,AL,RP,0,64,
434669,Luis Mendoza,,4,7,94,113,63,57,10,41,51,5,,TEX,AL,SP,0,1,
434671,Anibal Sanchez,,4,4,71,73,40,37,8,36,59,3,,FLO,NL,SP,16,0,
434672,Chris Smith,,3,4,57,56,32,29,9,20,45,2,,MIL,NL,RP,0,35,
434678,Kyle Davies,,5,9,120,134,72,66,15,55,81,3,,KCA,AL,SP,22,0,
434718,Huston Street,,4,3,60,49,24,22,6,17,66,1,25,COL,NL,RP,0,64,
434884,Ryan Rowland-Smith,,6,7,114,113,57,53,13,38,69,4,,SEA,AL,SP,15,0,
434898,Tim Corcoran,,2,3,41,43,25,23,5,21,29,1,,LAN,NL,RP,,,
434958,Sean Green,,4,4,67,63,33,31,4,32,52,6,,NYN,NL,RP,0,79,
435039,Anthony Reyes,,4,5,75,79,45,42,11,32,47,4,,CLE,AL,SP,8,0,
435043,Zach Duke,,8,12,182,214,99,89,20,45,90,4,,PIT,NL,SP,32,0,
435044,Scott Baker,,10,7,148,147,70,66,19,35,115,4,,MIN,AL,SP,33,0,
435058,Jonah Bayliss,,2,2,36,39,24,22,6,17,27,1,,TOR,AL,RP,,,
435140,Hayden Penn,,3,5,74,84,52,46,13,37,59,2,,FLO,NL,SP,1,15,
435158,Keiichi Yabu,,2,2,30,30,18,16,3,16,21,2,,SFN,NL,RP,,,
435178,Josh Johnson,,9,6,122,118,51,47,9,37,109,3,,FLO,NL,SP,33,0,
435179,Scott Olsen,,5,8,107,118,67,61,18,41,69,2,,WAS,NL,SP,11,0,
435221,Brandon McCarthy,,4,5,76,80,43,40,9,30,51,2,,TEX,AL,SP,17,0,
435261,Zach Miner,,4,4,70,73,37,34,7,30,45,2,,DET,AL,RP,5,46,
435298,Jeff Niemann,,8,8,140,144,76,70,18,53,97,6,,TBA,AL,SP,30,1,
435378,Chad Orvella,,1,2,27,32,19,17,5,11,17,1,,KCA,AL,RP,,,
435400,Jason Motte,,4,3,55,50,27,25,7,22,58,2,,SLN,NL,RP,0,69,
435458,Travis Chick,,3,6,83,94,59,54,14,44,51,3,,LAA,AL,SP,,,
435500,Dan Giese,,3,2,38,37,19,17,4,12,27,1,,OAK,AL,RP,1,6,
435538,Bill Bray,,1,1,21,19,9,8,2,9,23,0,,CIN,NL,RP,,,
435618,Jeremy Accardo,,2,2,37,36,19,17,3,16,28,2,,TOR,AL,RP,0,26,
435619,Pat Misch,,3,5,68,69,35,32,8,19,43,2,,SFN,NL,RP,7,19,
435620,Jack Taschner,,2,3,39,42,24,21,4,21,29,2,,,,RP,0,24,
435658,Jorge Campillo,,4,6,78,91,46,42,9,24,44,2,,KCA,AL,SP,0,5,
435679,Jon Huber,,2,2,33,35,18,16,4,10,25,0,,ATL,NL,RP,,,
441292,Felix Romero,,2,3,53,53,29,26,6,20,44,2,,SFN,NL,RP,,,
441368,Alberto Castillo,,2,2,29,28,15,14,3,11,21,3,,BAL,AL,RP,0,20,
441799,Brian Mazone,,4,5,74,83,46,42,13,23,44,1,,PHI,NL,SP,,,
442707,Mark DiFelice,,4,2,55,49,24,22,7,14,49,2,,MIL,NL,RP,0,59,
444126,Rafael Rodriguez,,3,3,51,61,33,29,7,19,26,1,,LAA,AL,RP,0,18,
444127,Warner Madrigal,,2,3,45,48,28,26,6,20,33,1,,TEX,AL,RP,0,13,
444354,Daryl Thompson,,2,4,55,60,36,33,11,20,33,2,,CIN,NL,SP,,,
444360,Daniel Davidson,,2,3,38,45,28,25,7,17,23,2,,LAA,AL,RP,0,4,
444370,Carlos Muniz,,1,2,26,26,15,14,4,12,19,1,,NYN,NL,RP,,,
444371,Jeff Karstens,,4,6,87,97,52,47,12,31,48,2,,PIT,NL,SP,13,26,
444382,Eddie Bonine,,5,7,107,132,69,63,16,27,47,4,,DET,AL,SP,4,6,
444436,Ryan Webb,,3,5,60,63,35,32,9,26,41,1,,SDN,NL,RP,0,28,
444446,Collin Balester,,5,8,115,126,71,64,18,44,75,4,,WAS,NL,SP,7,0,
444520,Craig Breslow,,4,3,60,49,26,24,6,24,46,2,,OAK,AL,RP,0,77,
444836,Aaron Laffey,,6,7,116,132,67,61,11,47,60,5,,CLE,AL,SP,19,6,
444857,Scott Feldman,,8,8,137,144,73,69,15,51,79,8,,TEX,AL,SP,31,3,
444864,Jimmy Barthmaier,,2,5,63,70,41,37,9,32,47,2,,PIT,NL,SP,,,
444865,Jason Hirsh,,4,5,78,93,57,52,14,34,42,2,,NYA,AL,SP,,,
444884,Chris Ray,,2,3,38,42,23,20,5,18,33,1,,TEX,AL,RP,0,46,
444935,Nick Hagadone,,2,2,26,26,15,14,2,21,21,0,,CLE,AL,SP,,,
444941,Austin Hyatt,,3,2,41,34,17,15,2,17,44,0,,PHI,NL,RP,,,
444970,James Parr,,4,6,79,87,49,44,13,30,55,2,,ATL,NL,SP,0,8,
445060,Ricky Nolasco,,8,7,135,135,68,62,18,33,128,3,,FLO,NL,SP,31,0,
445074,Jason Mackintosh,,2,2,29,33,19,17,4,12,18,1,,PHI,NL,RP,,,
445090,Bobby Korecky,,2,3,45,48,25,22,4,17,30,1,,,,RP,0,5,
445156,Sean Marshall,,4,4,63,64,32,30,7,23,50,2,,CHN,NL,RP,9,46,
445163,Casey Janssen,,3,3,44,47,24,21,4,14,28,2,,TOR,AL,RP,5,16,
445188,Andrew Reichard,,2,3,50,55,29,26,6,14,29,0,,SFN,NL,SP,,,
445197,Michael Dunn,,2,4,54,55,38,35,9,40,49,1,,ATL,NL,RP,0,4,
445202,Joe Bisenius,,2,2,29,29,17,16,5,17,25,1,,PHI,NL,RP,,,
445213,Brandon Kintzler,,2,3,38,43,26,24,7,16,27,1,,MIL,NL,SP,,,
445216,Daniel McCutchen,,6,9,132,145,77,70,21,37,88,3,,PIT,NL,SP,6,0,
445222,Jack Cassel,,3,5,77,95,51,47,11,30,41,2,,CLE,AL,SP,,,
445239,Adam Bostick,,1,3,36,36,22,20,6,18,29,0,,KCA,AL,RP,,,
445246,Jeff Fulchino,,3,3,54,52,27,24,5,22,44,2,,HOU,NL,RP,0,61,
445275,Melkin Laureano,,1,0,8,8,4,3,1,4,8,0,,PIT,NL,RP,,,
445590,Eric Stults,,6,7,105,112,60,55,13,43,75,3,,LAN,NL,SP,10,0,
445612,Dale Thayer,,4,3,55,57,30,26,6,19,34,1,,TBA,AL,RP,0,11,
445666,Henry Bonilla,,2,2,44,44,24,22,6,19,35,2,,LAN,NL,RP,,,
445926,Jesse Chavez,,4,4,66,66,35,32,10,24,48,2,,TBA,AL,RP,0,73,
445968,Dana Eveland,,5,8,111,124,66,61,12,50,67,4,,OAK,AL,SP,9,4,
445971,Tim Wood,,3,3,43,44,23,21,4,22,33,1,,FLO,NL,RP,0,18,
445984,Jesus Delgado,,2,3,36,37,22,20,4,21,22,0,,CIN,NL,RP,,,
445995,Arturo Lopez,,2,3,34,34,19,17,4,18,22,1,,SDN,NL,RP,0,4,
446003,Luis Valdez,,4,4,67,67,38,35,8,32,56,2,,ATL,NL,RP,0,3,
446099,John Axford,,3,3,46,41,27,25,5,40,44,1,,MIL,NL,RP,0,7,
446207,Josh Geer,,6,9,131,139,74,68,22,37,71,4,,SDN,NL,SP,17,2,
446209,Jesse Litsch,,5,6,93,101,51,47,12,24,57,5,,TOR,AL,SP,2,0,
446222,Chance Corgan,,2,3,38,45,26,23,6,14,22,0,,SFN,NL,SP,,,
446248,Bryan Augenstein,,4,5,71,80,41,36,7,21,44,2,,ARI,NL,SP,2,5,
446321,Ross Detwiler,,5,7,101,108,58,53,9,49,69,3,,WAS,NL,SP,14,1,
446322,Stephen Dodson,,2,2,31,33,20,17,3,17,23,0,,COL,NL,RP,,,
446333,Eddie Kunz,,1,2,31,32,20,18,4,17,20,1,,NYN,NL,RP,,,
446341,Scott Richmond,,5,7,104,112,68,63,20,42,83,2,,TOR,AL,SP,24,3,
446399,Brett Cecil,,5,7,97,107,60,54,13,41,71,4,,TOR,AL,SP,17,1,
446452,Troy Cate,,1,2,26,29,18,16,5,11,16,0,,TOR,AL,RP,,,
446453,Levale Speigner,,2,2,32,37,20,18,3,14,17,1,,SEA,AL,RP,,,
446454,Brian Bannister,,6,9,135,154,78,72,16,42,81,5,,KCA,AL,SP,26,0,
446550,Nick Green,,5,7,99,114,65,59,20,32,65,2,,MIL,NL,SP,,,
446624,Charlie Haeger,,6,8,127,129,75,70,17,62,88,7,,LAN,NL,SP,3,3,
446641,Wilton Lopez,,2,3,38,47,25,22,6,13,23,1,,HOU,NL,RP,2,6,
446861,Guillermo Moscoso,,5,6,86,91,49,44,10,31,64,2,,TEX,AL,SP,0,10,
446884,T.J. Beam,,2,3,51,55,30,27,6,17,34,1,,ARI,NL,RP,,,
446899,Brad Ziegler,,5,3,69,67,27,25,3,25,43,2,1,OAK,AL,RP,0,69,
446911,Virgil Vasquez,,5,8,104,124,69,62,20,32,66,6,,,,SP,7,7,
446916,Mike Burns,,4,4,74,77,41,37,11,20,51,2,,MIL,NL,RP,8,7,
447714,Eric O'Flaherty,,3,2,42,40,19,18,3,16,31,4,,ATL,NL,RP,0,78,
447804,Chris Cooper,,1,1,11,13,8,8,2,3,7,0,,TEX,AL,RP,,,
447808,Philip Barzilla,,2,2,31,31,17,15,3,17,22,1,,SDN,NL,RP,,,
448147,Nick Blackburn,,10,9,170,198,93,84,20,36,82,4,,MIN,AL,SP,33,0,
448159,Manny Parra,,7,8,127,136,75,68,14,62,104,2,,MIL,NL,SP,27,0,
448165,Matt Capps,,3,4,59,60,29,26,8,15,46,3,25,WAS,NL,RP,0,57,
448178,Kevin Jepsen,,3,3,50,53,29,26,4,27,40,1,,LAA,AL,RP,0,54,
448179,Rich Hill,,4,5,75,76,45,42,9,41,63,4,,SLN,NL,SP,13,1,
448200,Chris Sampson,,4,3,60,63,29,27,5,17,34,2,,HOU,NL,RP,0,49,
448269,Brad Bergesen,,6,8,116,135,68,62,14,34,58,4,,BAL,AL,SP,19,0,
448287,Luke French,,5,9,116,130,71,64,17,46,73,4,,SEA,AL,SP,12,3,
448306,James Shields,,13,10,199,199,94,87,25,44,151,6,,TBA,AL,SP,33,0,
448322,Ian Ostlund,,2,2,37,39,21,19,6,14,28,0,,SLN,NL,RP,,,
448337,Josh Kinney,,2,2,34,33,19,18,4,18,30,3,,SLN,NL,RP,0,17,
448592,Cla Meredith,,4,4,60,67,31,29,5,20,35,3,,BAL,AL,RP,0,64,
448609,Tony Sipp,,2,2,36,32,19,17,5,19,39,1,,CLE,AL,RP,0,46,
448614,Carlos Torres,,4,4,65,61,33,30,7,31,56,3,,CHA,AL,RP,5,3,
448656,Chad Reineke,,4,8,104,114,70,64,18,48,66,3,,CIN,NL,SP,1,0,
448660,Mark Serrano,,2,2,43,41,22,20,4,19,35,1,,CIN,NL,SP,,,
448693,Ross Wolf,,2,3,41,47,27,24,5,18,25,1,,BAL,AL,RP,,,
448694,Randy Wells,,7,7,121,128,64,59,14,39,84,4,,CHN,NL,SP,27,0,
448722,Juan Perez,,1,2,32,30,20,18,5,21,31,1,,LAN,NL,RP,,,
448753,Justin Berg,,3,4,55,59,34,32,5,31,29,2,,CHN,NL,RP,0,11,
448802,Jaime Garcia,,3,3,56,56,31,29,8,27,45,2,,SLN,NL,SP,,,
448811,Timothy Lahey,,2,3,44,50,28,26,7,18,27,2,,MIN,AL,RP,,,
448814,Trent Lare,,3,4,59,68,36,32,8,17,38,1,,NYA,AL,SP,,,
448842,Eulogio De La Cruz,,2,2,35,34,19,17,3,20,28,1,,SDN,NL,RP,0,3,
448857,Jose Ascanio,,3,3,46,45,24,21,4,19,40,3,,PIT,NL,RP,0,16,
449060,Clay Rapada,,2,2,39,39,20,18,4,18,29,1,,TEX,AL,RP,0,3,
449072,Kyle McClellan,,4,4,66,60,29,28,6,27,50,2,,SLN,NL,RP,0,66,
449079,Wesley Wright,,3,4,56,54,31,29,9,30,56,2,,HOU,NL,RP,0,49,
449096,Justin Mallett,,2,3,38,38,23,21,6,17,26,1,,CIN,NL,RP,,,
449097,Jonathan Papelbon,,6,2,65,51,21,19,5,18,70,3,35,BOS,AL,RP,0,66,
449127,Cory Doyne,,1,2,22,22,12,11,3,9,17,1,,WAS,NL,RP,,,
449154,Justin Orenduff,,2,3,43,48,33,31,11,28,32,0,,LAN,NL,RP,,,
449157,Mike Parisi,,1,2,26,35,21,17,3,14,17,1,,CHN,NL,RP,,,
449161,Mark Rogers,,3,2,50,47,28,26,5,38,42,1,,MIL,NL,SP,,,
449774,Evan MacLane,,5,8,116,136,74,66,20,28,57,3,,SLN,NL,SP,,,
449777,Mitch Stetter,,3,2,40,31,18,17,4,21,39,4,,MIL,NL,RP,0,71,
449820,Leo Rosales,,3,3,47,48,25,24,5,17,33,1,,ARI,NL,RP,0,33,
449881,R.J. Swindle,,1,2,29,32,19,17,5,11,24,2,,TBA,AL,RP,0,6,
449908,Lance Loftin,,1,1,11,12,7,7,1,8,5,0,,TOR,AL,RP,,,
450172,Edinson Volquez,,6,6,105,89,51,47,11,54,103,7,,CIN,NL,SP,9,0,
450203,Charlie Morton,,6,8,119,119,60,55,11,50,84,4,,PIT,NL,SP,18,0,
450212,Pat Neshek,,2,2,31,25,14,14,5,10,32,1,,MIN,AL,RP,,,
450249,Paul Estrada,,1,2,22,23,14,13,3,13,17,0,,HOU,NL,RP,,,
450275,Mark Lowe,,3,3,55,53,28,24,5,23,46,1,,SEA,AL,RP,0,75,
450282,Glen Perkins,,5,6,91,108,57,53,14,28,47,2,,MIN,AL,SP,17,1,
450306,Jason Vargas,,5,7,98,104,55,51,15,32,63,3,,SEA,AL,SP,14,9,
450308,Jered Weaver,,11,8,172,170,83,78,20,52,139,4,,LAA,AL,SP,33,0,
450320,Carmen Pignatiello,,1,1,20,23,13,12,3,8,14,0,,MIN,AL,RP,,,
450348,Jim Ed Warden,,2,2,41,40,22,20,5,19,32,2,,NYN,NL,RP,,,
450351,C.J. Wilson,,4,3,62,56,29,25,5,27,61,4,,TEX,AL,RP,0,74,
450527,Alex Hinshaw,,2,3,44,36,21,20,4,27,48,1,,SFN,NL,RP,0,9,
450545,Doug Mathis,,3,3,44,48,23,21,5,15,27,2,,TEX,AL,RP,2,22,
450580,Dustin Richardson,,3,4,50,53,34,31,7,31,40,1,,BOS,AL,RP,0,3,
450665,Kris Medlen,,4,3,63,57,29,26,6,26,66,2,,ATL,NL,RP,4,33,
450729,Doug Fister,,5,9,128,147,78,71,20,36,74,5,,SEA,AL,SP,10,1,
450852,Cristhian Martinez,,5,7,98,116,64,58,14,34,56,2,,FLO,NL,SP,0,15,
450864,Bobby Cramer,,2,4,54,62,35,32,7,23,35,2,,OAK,AL,SP,,,
451085,Brian Matusz,,5,6,89,98,52,47,11,34,68,1,,BAL,AL,SP,8,0,
451100,Salvador Aguilar,,2,3,50,54,31,28,6,22,26,0,,NYN,NL,SP,,,
451216,Brian Wilson,,4,3,60,51,24,22,4,25,62,2,35,SFN,NL,RP,0,68,
451256,Kurt Birkins,,2,3,37,41,23,21,5,18,27,1,,COL,NL,RP,,,
451257,Kason Gabbard,,2,3,47,53,33,31,5,34,29,2,,BOS,AL,SP,,,
451262,A.J. Murray,,2,2,25,24,12,11,3,11,19,0,,MIL,NL,RP,,,
451482,Armando Galarraga,,6,9,135,143,82,77,22,56,91,5,,DET,AL,SP,25,4,
451491,Joel Zumaya,,1,2,29,28,17,16,4,18,26,1,1,DET,AL,RP,0,29,
451497,Brian Slocum,,1,2,27,28,17,15,4,15,21,1,,PIT,NL,RP,,,
451532,Chad Billingsley,,11,9,178,161,81,75,16,77,169,6,,LAN,NL,SP,32,1,
451538,Miguel Pinango,,4,5,76,85,48,44,13,26,46,2,,LAN,NL,SP,,,
451546,Julio DePaula,,2,3,50,56,35,32,7,27,29,2,,TBA,AL,RP,,,
451584,Wade Davis,,7,8,135,137,77,70,16,63,98,4,,TBA,AL,SP,6,0,
451590,Evan Englebrook,,2,2,33,35,20,18,4,17,20,0,,HOU,NL,RP,,,
451595,Sean Gallagher,,4,5,75,72,39,35,7,34,64,4,,SDN,NL,SP,2,12,
451596,Yovani Gallardo,,8,6,125,105,55,52,13,57,134,3,,MIL,NL,SP,30,0,
451600,Christian Garcia,,2,2,33,37,24,22,5,21,24,1,,NYA,AL,SP,,,
451628,Alfredo Figaro,,3,5,71,82,46,41,9,31,44,2,,DET,AL,SP,3,2,
451657,Chase Wright,,3,5,71,79,46,43,11,32,41,4,,MIL,NL,SP,,,
451767,Freddy Dolsi,,2,3,43,47,26,24,4,21,24,2,,CHA,AL,RP,0,6,
451774,Matt DeSalvo,,3,5,64,69,42,39,8,44,45,2,,FLO,NL,SP,,,
451788,Shaun Marcum,,3,3,64,63,33,32,9,21,51,2,,TOR,AL,SP,,,
452075,Connor Robertson,,2,2,26,26,14,13,3,11,20,2,,NYN,NL,RP,,,
452237,Taylor Tankersley,,2,2,25,24,14,14,3,15,23,1,,FLO,NL,RP,,,
452240,Adam Russell,,3,4,55,53,29,27,6,28,41,2,,SDN,NL,RP,0,15,
452241,Garrett Mock,,5,7,109,113,61,54,12,45,87,3,,WAS,NL,SP,15,13,
452249,Micah Owings,,5,7,105,107,62,58,15,47,70,8,,CIN,NL,SP,19,7,
452259,Steven Jackson,,3,4,58,62,33,30,7,25,40,1,,PIT,NL,RP,0,40,
452291,Henry Owens,,1,1,16,15,9,8,1,11,14,0,,FLO,NL,RP,,,
452293,Jonathan Albaladejo,,3,3,44,47,26,24,7,15,29,2,,NYA,AL,RP,0,32,
452298,Kevin Cameron,,2,2,28,25,13,12,2,15,22,1,,SFN,NL,RP,0,11,
452318,Gabe DeHoyos,,2,2,37,35,19,17,4,17,32,2,,SDN,NL,RP,,,
452656,Dave Davidson,,2,3,33,34,20,19,4,21,27,2,,,,RP,0,1,
452657,Jon Lester,,14,8,195,189,87,81,19,67,180,5,,BOS,AL,SP,32,0,
452676,Mitch Talbot,,3,5,73,85,45,41,8,28,44,3,,TBA,AL,SP,,,
452706,Kyle Middleton,,2,2,32,36,20,18,4,11,17,0,,OAK,AL,RP,,,
452718,Kyle Kendrick,,7,8,134,151,78,71,17,42,61,6,,PHI,NL,SP,2,7,
452724,Billy Sadler,,3,2,41,37,21,19,4,24,38,2,,,,RP,0,1,
452725,Wes Littleton,,2,2,36,36,21,20,4,21,27,2,,MIL,NL,RP,,,
452733,Tom Gorzelanny,,6,7,118,120,65,60,14,49,96,4,,CHN,NL,SP,7,15,
452735,Matthew Scherer,,2,3,44,46,25,23,6,16,28,2,,SLN,NL,RP,,,
452738,Timothy Smith,,1,1,17,19,11,10,2,8,8,0,,NYN,NL,RP,,,
452743,Jason Urquidez,,2,3,42,44,25,23,4,19,31,0,,ARI,NL,RP,,,
452782,Casey Erickson,,3,3,56,67,33,27,3,21,30,0,,NYA,AL,RP,,,
453005,Paul Oseguera,,3,5,74,79,47,42,11,29,50,0,,SFN,NL,SP,,,
453173,Lee Hyde,,1,2,20,20,13,12,3,11,17,1,,ATL,NL,RP,,,
453178,Ian Kennedy,,4,4,65,64,36,33,7,29,58,3,,ARI,NL,SP,0,1,
453184,Brad Lincoln,,3,6,78,88,47,42,12,23,51,1,,PIT,NL,SP,,,
453186,Scott Maine,,2,3,36,37,21,19,4,18,28,1,,ARI,NL,RP,,,
453192,Andrew Miller,,5,7,100,109,64,58,11,55,81,4,,FLO,NL,SP,14,6,
453198,Chris Perez,,3,3,55,44,27,25,7,28,59,4,,CLE,AL,RP,0,61,
453206,Brant Rustich,,2,2,32,29,16,14,2,17,23,0,,NYN,NL,RP,,,
453249,Jeff Manship,,5,6,94,109,58,53,11,38,57,3,,MIN,AL,SP,5,6,
453268,Daniel Bard,,3,3,48,41,24,22,5,26,55,2,,BOS,AL,RP,0,49,
453281,Wade LeBlanc,,6,8,121,114,63,58,19,45,97,4,,SDN,NL,SP,9,0,
453284,Blake Parker,,2,2,35,32,19,18,3,22,34,1,,CHN,NL,RP,,,
453286,Max Scherzer,,6,7,108,108,57,51,12,43,102,6,,DET,AL,SP,30,0,
453304,John Gaub,,2,2,34,31,20,19,4,24,38,0,,CHN,NL,RP,,,
453307,David Huff,,6,7,110,125,69,63,16,39,69,2,,CLE,AL,SP,22,0,
453311,Tim Lincecum,,13,9,189,153,66,61,11,65,214,5,,SFN,NL,SP,32,0,
453329,Clay Buchholz,,8,8,137,143,74,68,17,55,108,3,,BOS,AL,SP,16,0,
453332,Josh Butler,,4,6,85,96,59,54,13,49,54,5,,MIL,NL,SP,0,3,
453337,Josh Ellis,,2,2,35,36,20,19,4,16,30,2,,ARI,NL,RP,,,
453343,Mark Melancon,,3,3,50,51,28,26,6,18,38,4,,NYA,AL,RP,0,13,
453344,Brandon Morrow,,4,3,59,52,30,28,7,32,54,1,,TOR,AL,RP,10,16,
453353,Greg Reynolds,,2,3,45,54,30,27,6,17,24,2,,COL,NL,SP,,,
453381,Kevin Mulvey,,6,9,126,145,83,75,18,53,83,4,,ARI,NL,SP,4,4,
453385,Clayton Richard,,7,9,144,148,78,72,15,56,98,4,,SDN,NL,SP,26,12,
453498,Pete Sikaras,,1,0,10,11,8,7,2,7,8,0,,PHI,NL,RP,,,
453515,David Purcey,,6,8,118,122,71,64,14,61,90,4,,TOR,AL,SP,9,0,
453517,Jon Hunton,,2,3,42,44,24,21,4,18,28,1,,OAK,AL,RP,,,
453583,Eric Gonzalez,,2,5,59,61,35,31,9,24,39,0,,SDN,NL,RP,,,
453646,Carlos Villanueva,,5,5,83,79,42,40,12,30,72,2,,MIL,NL,RP,6,58,
453889,Matt Chico,,3,4,60,66,38,35,9,28,36,1,,WAS,NL,SP,,,
453954,Kevin Hart,,3,5,66,68,39,35,9,30,53,3,,PIT,NL,RP,14,4,
453959,Jonathan Hesketh,,2,2,27,28,14,13,4,8,21,0,,SEA,AL,RP,,,
454535,Clay Hensley,,4,5,80,86,48,44,9,41,55,2,,FLO,NL,SP,,,
454537,Jared Burton,,4,3,60,55,28,25,5,24,49,3,,CIN,NL,RP,0,53,
454581,Carlos Guevara,,1,2,24,22,12,11,3,12,21,1,,SDN,NL,RP,,,
454972,Romulo Sanchez,,2,3,38,39,22,20,4,19,28,1,,PIT,NL,RP,,,
455009,Jonathan Broxton,,6,2,70,49,22,20,4,26,93,2,30,LAN,NL,RP,0,73,
455091,Mike Ekstrom,,3,4,59,59,31,28,6,24,43,2,,TBA,NL,RP,0,12,
455092,Scott Elbert,,3,3,47,42,24,22,6,26,51,1,,LAN,NL,RP,0,19,
455122,Bradley Meyers,,3,5,73,78,43,39,8,32,48,2,,WAS,NL,SP,,,
455374,Antonio Bastardo,,4,4,69,67,41,37,11,32,61,3,,PHI,NL,SP,5,1,
455405,Anvioris Ramirez,,2,3,45,54,29,25,5,16,22,1,,OAK,AL,SP,,,
455605,J.D. Martin,,5,7,106,112,59,55,17,33,62,6,,WAS,NL,SP,15,0,
455666,Dwayne Pollok,,3,3,54,58,31,27,7,16,33,1,,LAN,NL,RP,,,
455730,Jason Waddell,,2,3,39,40,23,21,5,19,29,1,,,,RP,0,3,
455750,Marcus McBeth,,2,2,33,34,21,19,5,16,25,0,,OAK,AL,RP,,,
455751,Bobby Livingston,,3,6,91,105,57,50,12,27,42,2,,CIN,NL,SP,,,
455927,Ryan Houston,,2,3,36,37,23,21,5,21,27,0,,MIL,NL,RP,,,
455949,Scott Mathieson,,1,1,23,23,14,12,3,11,18,0,,PHI,NL,RP,,,
455961,Ryan Sadowski,,3,4,61,61,35,33,7,32,47,2,,HOU,NL,RP,6,0,
455970,Bob McCrory,,2,3,41,51,31,28,6,24,24,1,,BOS,AL,RP,0,7,
456027,Ross Ohlendorf,,7,10,139,148,75,70,20,46,94,5,,PIT,NL,SP,29,0,
456029,David Patton,,2,3,41,45,30,27,7,24,33,1,,CHN,NL,RP,0,20,
456034,David Price,,6,6,100,97,55,52,14,44,79,4,,TBA,AL,SP,23,0,
456043,Jonathan Sanchez,,7,9,138,127,72,66,16,68,142,6,,SFN,NL,SP,29,3,
456051,Hector Noesi,,2,4,55,67,40,35,11,16,36,0,,NYA,AL,SP,,,
456071,Yohan Flande,,5,5,92,100,55,50,10,39,59,3,,PHI,NL,SP,,,
456102,David Pauley,,3,8,99,117,65,58,14,36,55,5,,SEA,AL,SP,,,
456379,Al Alburquerque,,2,2,26,27,17,15,4,14,23,2,,COL,NL,RP,,,
456387,Ryan Feierabend,,2,5,55,69,38,34,8,19,30,1,,SEA,AL,SP,,,
456499,Scott Patterson,,2,2,37,35,21,19,4,21,34,1,,BOS,AL,RP,,,
456501,Johnny Cueto,,8,11,168,166,93,85,25,61,139,12,,CIN,NL,SP,30,0,
456585,Michael O'Connor,,2,4,57,60,34,32,9,22,38,1,,SDN,NL,SP,,,
456589,Jason Bergmann,,4,4,62,61,34,31,9,24,47,2,,WAS,NL,RP,0,56,
456630,Davis Romero,,3,6,72,87,52,47,14,28,45,2,,TOR,AL,SP,,,
456682,Josh Newman,,1,2,26,30,17,16,3,14,16,1,,KCA,AL,RP,,,
456696,David Hernandez,,7,10,148,154,94,86,28,69,120,5,,BAL,AL,SP,19,1,
456701,Homer Bailey,,6,8,123,125,68,63,16,54,96,4,,CIN,NL,SP,20,0,
456744,Chris Schroder,,2,2,34,32,19,18,3,21,27,1,,FLO,NL,RP,,,
456768,Hector Santana,,1,1,14,15,7,6,1,4,8,0,,CIN,NL,RP,,,
456899,Jon Link,,2,2,39,39,24,21,5,21,36,1,,LAN,NL,RP,,,
457117,Ernesto Frieri,,5,9,113,112,68,63,19,58,86,3,,SDN,NL,SP,0,2,
457122,Rocky Cherry,,2,3,39,41,24,21,4,21,27,2,,SDN,NL,RP,,,
457422,Tim Dillard,,3,5,67,74,40,36,7,29,32,2,,MIL,NL,RP,0,2,
457425,Evan Meek,,3,3,47,44,23,22,4,26,38,1,,PIT,NL,RP,0,41,
457428,James McDonald,,4,4,62,56,32,30,9,30,60,3,,LAN,NL,RP,4,41,
457429,Boone Logan,,2,3,39,41,23,21,5,18,31,2,,NYA,AL,RP,0,20,
457435,Phil Coke,,4,4,66,65,36,34,8,26,49,1,,DET,AL,RP,0,72,
457437,Jared Wells,,1,3,35,36,23,21,5,22,24,1,,SEA,AL,RP,,,
457440,Dewon Day,,2,2,29,31,18,16,3,15,20,1,,TBA,AL,RP,,,
457444,Jay Marshall,,3,3,47,51,26,24,4,18,22,2,,OAK,AL,RP,0,10,
457448,Matt Harrison,,4,6,86,103,55,50,11,33,47,2,,TEX,AL,SP,11,0,
457452,Randor Bierd,,2,2,34,39,22,19,4,14,24,2,,BOS,AL,RP,,,
457453,Jair Jurrjens,,11,9,170,161,75,70,14,61,124,4,,ATL,NL,SP,34,0,
457456,Jo-Jo Reyes,,4,7,95,104,60,54,14,44,66,3,,ATL,NL,SP,5,1,
457458,Ty Taubenheim,,2,6,71,80,45,41,11,30,42,2,,PIT,NL,SP,,,
457461,Sean White,,3,4,51,55,27,25,5,19,22,2,,SEA,AL,RP,0,52,
457468,Josh Banks,,5,8,116,121,63,57,16,36,71,3,,HOU,NL,SP,3,3,
457539,Garrett Parcell,,1,2,23,23,13,12,2,13,21,0,,FLO,NL,RP,,,
457566,Greg Burke,,3,4,57,52,27,25,6,24,44,2,,SDN,NL,RP,0,48,
457567,Carlos Fisher,,3,3,57,53,28,26,5,29,51,2,,CIN,NL,RP,0,39,
457707,Trevor Bell,,5,7,110,134,73,65,13,45,59,2,,LAA,AL,SP,4,4,
457710,A.J. Battisto,,2,2,36,36,19,17,4,15,31,0,,FLO,NL,RP,,,
457732,Andrew Bailey,,5,4,75,63,36,35,9,35,68,1,20,OAK,AL,RP,0,68,
457733,Joey Devine,,2,1,28,21,9,9,2,11,27,0,,OAK,AL,RP,,,
457761,Ryan Tucker,,2,4,57,62,38,35,7,35,40,2,,FLO,NL,SP,,,
457774,Trevor Holder,,2,3,41,47,29,26,7,19,26,1,,WAS,NL,SP,,,
457786,Anthony Vasquez,,2,2,36,42,23,20,5,14,19,1,,SEA,AL,SP,,,
457796,Garrett Olson,,6,11,155,158,89,82,22,69,107,8,,SEA,AL,SP,11,20,
457820,Eric Hull,,2,3,44,45,26,24,5,23,33,1,,SEA,AL,RP,,,
457858,Rich Rundles,,2,3,39,42,23,21,4,19,28,1,,,,RP,0,1,
457882,Josh Shortslef,,2,2,31,34,20,18,4,17,18,1,,PHI,NL,RP,,,
457910,Geno Espineli,,2,3,44,47,23,21,4,14,25,1,,SFN,NL,RP,,,
457918,J.A. Happ,,9,7,138,133,71,67,21,54,110,4,,PHI,NL,SP,23,12,
457935,Matt Daley,,3,3,51,49,27,24,6,20,49,2,,COL,NL,RP,0,57,
458003,Blake Hawksworth,,5,6,97,100,54,49,12,38,64,3,,SLN,NL,SP,0,30,
458006,Matt Albers,,3,4,55,61,32,29,6,26,36,2,,BAL,AL,RP,0,56,
458008,Humberto Sanchez,,1,1,20,21,14,13,4,11,14,0,,NYA,AL,RP,,,
458141,Kyle Nicholson,,5,8,113,122,66,59,13,38,60,1,,SFN,NL,SP,,,
458155,Joe Martinez,,4,7,103,115,61,55,11,35,63,2,,SFN,NL,SP,5,4,
458220,Esmerling Vasquez,,3,4,54,54,33,31,6,32,41,3,,ARI,NL,RP,0,53,
458250,Dusty Hughes,,3,4,58,65,36,32,6,30,39,2,,KCA,AL,RP,1,7,
458522,Kyle Woodruff,,2,2,34,36,19,17,2,15,19,0,,SFN,NL,RP,,,
458524,Daniel Barone,,3,5,67,77,44,39,11,23,35,2,,OAK,AL,SP,,,
458530,Erik Davis,,3,5,65,62,35,32,5,39,44,0,,SDN,NL,SP,,,
458537,Cory Luebke,,3,6,77,80,44,40,11,32,53,2,,SDN,NL,SP,,,
458550,Jeremy Hefner,,4,7,97,99,58,51,15,44,70,0,,SDN,NL,SP,,,
458567,Andy Sonnanstine,,8,9,139,156,81,73,20,35,84,4,,TBA,AL,SP,18,4,
458595,Bobby Mosebach,,3,5,67,80,44,39,6,33,31,3,,LAA,AL,RP,0,3,
458637,Federico Baez,,2,3,36,38,23,21,6,16,26,1,,CIN,NL,RP,,,
458676,Josh Lindblom,,2,2,41,38,20,18,4,14,33,1,,LAN,NL,RP,,,
458680,Austin Wood,,1,0,10,11,5,5,1,2,6,0,,DET,AL,RP,,,
458681,Lance Lynn,,4,5,76,78,42,38,7,39,52,1,,SLN,NL,SP,,,
458690,Chris Volstad,,7,8,129,142,77,70,17,53,88,4,,FLO,NL,SP,29,0,
458709,John Lannan,,9,10,168,173,89,84,20,63,86,6,,WAS,NL,SP,33,0,
458713,Kevin Slowey,,8,7,124,135,66,60,18,23,94,4,,MIN,AL,SP,16,0,
458722,Chance Chapman,,3,2,46,48,27,24,5,21,32,0,,PHI,NL,RP,,,
458730,Bobby Parnell,,4,6,76,78,45,41,9,40,58,3,,NYN,NL,RP,8,60,
458974,Willie Collazo,,3,5,64,69,38,34,8,21,34,2,,FLO,NL,RP,,,
459307,Edwin Walker,,2,1,20,21,10,8,1,7,12,0,,NYA,AL,RP,,,
459345,Eric Hacker,,5,9,116,134,71,64,13,49,69,4,,PIT,NL,SP,0,3,
459371,Ramon Ramirez,,5,5,90,93,53,49,13,39,58,4,,BOS,AL,SP,0,11,
459376,Kelvin Jimenez,,2,3,45,53,30,27,6,16,24,2,,CHA,AL,RP,,,
459403,Jonathan Coutlangus,,1,2,24,26,15,14,2,13,17,1,,ARI,NL,RP,,,
459409,Beau Vaughan,,2,2,39,38,20,19,5,17,29,2,,OAK,AL,RP,,,
459411,Travis Schlichting,,1,2,29,30,19,17,4,16,20,1,,LAN,NL,RP,0,2,
459420,Kenn Kasparek,,3,5,75,81,43,38,7,35,46,0,,SEA,AL,SP,,,
459429,Jacob McGee,,2,4,44,51,34,31,7,28,32,0,,TBA,AL,SP,,,
459939,Mitchell Boggs,,6,7,114,123,66,60,13,56,74,5,,SLN,NL,SP,9,7,
459967,Sam Lecure,,5,8,103,107,62,56,19,42,79,5,,CIN,NL,SP,,,
459974,John Meloan,,3,4,68,68,41,38,9,36,53,2,,OAK,AL,RP,0,6,
459987,Cesar Ramos,,5,7,106,112,60,54,13,45,63,2,,SDN,NL,SP,2,3,
459988,Robert Ray,,3,5,69,80,46,41,10,27,40,3,,TOR,AL,SP,4,0,
459999,Jeff Stevens,,3,2,41,38,22,21,5,19,39,2,,CHN,NL,RP,0,11,
460024,Luke Hochevar,,5,9,123,145,77,70,17,42,82,5,,KCA,AL,SP,25,0,
460029,Jensen Lewis,,3,4,60,56,31,29,8,25,54,2,,CLE,AL,RP,0,47,
460044,Cesar Carrillo,,3,7,85,93,55,51,13,43,44,4,,SDN,NL,SP,3,0,
460059,Mike Pelfrey,,8,10,162,175,88,80,15,59,96,9,,NYN,NL,SP,31,0,
460069,Ricky Romero,,9,10,165,170,90,84,19,76,126,9,,TOR,AL,SP,29,0,
460092,Chris Leroux,,3,4,61,65,35,32,7,29,46,2,,FLO,NL,RP,0,5,
460102,Robert Rohrbaugh,,3,5,64,73,41,37,10,23,38,1,,SEA,AL,SP,,,
460104,Anthony Slama,,2,3,45,42,24,23,5,25,44,1,,MIN,AL,RP,,,
460105,Greg Smith,,4,5,77,83,48,45,11,33,48,2,,COL,NL,SP,,,
460156,Brandon Gomes,,2,3,42,38,21,19,5,21,41,1,,SDN,NL,RP,,,
460260,Scott Lewis,,3,4,60,66,36,32,9,20,42,1,,CLE,AL,SP,1,0,
460265,Jeremy Sowers,,6,8,125,141,75,69,15,45,61,4,,CLE,AL,SP,22,1,
460283,Jerry Blevins,,3,3,56,53,27,24,6,18,46,3,,OAK,AL,RP,0,20,
460284,Dallas Braden,,7,7,115,118,58,54,12,37,73,3,,OAK,AL,SP,22,0,
460291,Jonathan Ellis,,2,3,47,45,26,24,6,26,34,1,,SDN,NL,RP,,,
460349,Carlos Rosa,,3,4,50,55,29,26,5,22,35,1,,KCA,AL,RP,0,7,
460366,Rich Thompson,,2,3,45,44,25,23,7,17,42,2,,LAA,AL,RP,0,13,
460370,Rafael Perez,,3,4,59,60,30,27,6,21,48,2,,CLE,AL,RP,0,54,
460602,Dirk Hayhurst,,3,4,57,59,31,28,7,19,43,2,,TOR,AL,RP,0,15,
460639,Jailen Peguero,,1,2,32,34,21,20,5,18,24,1,,TEX,AL,RP,,,
460648,Harvey Garcia,,2,2,27,27,16,15,5,13,24,1,,LAN,NL,RP,,,
460657,Doug Slaten,,2,2,33,33,17,15,3,13,26,1,,WAS,NL,RP,0,11,
460677,Cory Wade,,3,3,51,49,27,26,8,17,39,2,,LAN,NL,RP,0,27,
461212,Matt Palmer,,7,7,116,124,69,65,14,56,72,5,,LAA,AL,SP,13,27,
461213,Joe Bateman,,3,2,44,42,24,22,4,23,33,2,,TBA,AL,RP,,,
461325,Tyler Clippard,,4,4,62,55,32,31,9,32,58,1,,WAS,NL,RP,0,41,
461377,Neal Musser,,1,2,26,25,14,13,3,14,23,1,,HOU,NL,RP,,,
461766,Jose Arredondo,,3,3,53,47,25,24,5,26,50,1,,CIN,NL,RP,0,43,
461791,Carlos Marmol,,5,4,71,48,30,28,5,44,87,7,15,CHN,NL,RP,0,79,
461829,Gio Gonzalez,,6,8,120,117,71,65,18,66,113,3,,OAK,AL,SP,17,3,
461833,Phil Hughes,,7,4,93,86,43,41,10,33,89,4,,NYA,AL,SP,7,44,
461836,Chris Lambert,,5,8,115,132,74,67,17,42,78,3,,BAL,AL,SP,0,6,
461848,Jim Miller,,2,3,44,47,26,23,5,19,33,1,,BAL,AL,RP,,,
461856,Troy Patton,,3,6,74,92,57,52,16,29,39,3,,BAL,AL,SP,,,
461857,Alex Periard,,3,4,62,68,39,35,8,30,30,0,,MIL,NL,SP,,,
461862,Steven Register,,2,3,47,51,29,27,7,18,30,1,,TOR,AL,RP,0,1,
461872,Anthony Swarzak,,5,7,109,129,72,65,16,39,60,4,,MIN,AL,SP,12,0,
461904,Chris Britton,,1,2,26,26,14,13,4,10,18,0,,SDN,NL,RP,,,
462089,Juan Jaime,,2,3,45,42,26,25,5,36,43,1,,WAS,NL,SP,,,
462102,Tommy Hanson,,7,7,121,109,61,56,16,55,126,5,,ATL,NL,SP,21,0,
462136,Marco Estrada,,5,7,108,115,63,57,15,41,76,3,,MIL,NL,SP,1,3,
462382,Jim Johnson,,4,4,66,66,35,33,7,24,41,3,5,BAL,AL,RP,0,64,
462522,Jeff Gray,,3,3,52,57,30,26,6,16,33,2,,CHN,NL,RP,0,24,
462940,Juan Mateo,,2,3,44,47,25,23,6,14,27,1,,LAA,AL,RP,,,
462945,Cesar Jimenez,,1,2,25,24,12,12,2,11,20,0,,SEA,AL,RP,,,
462956,Felipe Paulino,,4,7,92,101,58,53,14,43,79,4,,HOU,NL,SP,17,6,
462985,Franklin Morales,,5,6,95,99,59,55,12,58,73,4,,COL,NL,SP,2,38,
462995,Rick VandenHurk,,5,5,87,87,51,47,14,40,81,4,,FLO,NL,SP,11,0,
463017,Shairon Martis,,5,8,116,125,72,66,17,49,66,3,,WAS,NL,SP,15,0,
463645,Sammy Gervacio,,3,4,59,52,29,26,7,27,64,2,,HOU,NL,RP,0,29,
463660,Yunior Novoa,,2,3,41,42,24,22,5,21,29,0,,WAS,NL,RP,,,
464244,Alberto Arias,,3,3,43,43,21,19,3,19,34,3,,HOU,NL,RP,0,42,
464393,Carlos Silva,,2,4,51,62,35,32,7,12,26,2,,CHN,NL,SP,,,
464416,Yohan Pino,,4,6,89,102,57,52,15,32,59,3,,MIN,AL,SP,,,
465027,Scott Mitchinson,,2,3,41,48,28,25,6,17,26,0,,OAK,AL,SP,,,
465065,Sergio Escalona,,3,3,45,46,27,25,6,23,35,2,,PHI,NL,RP,0,14,
465593,Carlos Martinez,,2,4,57,63,38,35,10,26,37,2,,,,RP,0,2,
465629,Edward Mujica,,4,4,60,56,28,26,9,16,49,1,,SDN,NL,RP,4,63,
465657,Joakim Soria,,4,2,56,45,20,18,5,17,62,3,35,KCA,AL,RP,0,47,
465719,Francisco Felix,,3,3,50,49,29,26,6,24,40,1,,LAN,NL,RP,,,
466339,Victor Garate,,2,3,42,43,27,25,6,26,33,2,,WAS,NL,RP,0,4,
466388,Alex Concepcion,,2,2,35,37,21,20,6,12,21,2,,PHI,NL,RP,,,
466412,Luis Perdomo,,2,3,46,41,25,23,7,25,41,1,,SDN,NL,RP,0,35,
466459,Sandy Rosario,,3,3,57,62,32,27,5,18,39,1,,FLO,NL,SP,,,
466838,Juan Salas,,1,1,20,18,10,9,2,8,16,1,,CLE,AL,RP,,,
466918,Manuel Corpas,,3,2,46,51,23,20,4,13,32,2,,COL,NL,RP,0,35,
466983,Fabio Castro,,4,7,95,105,62,57,12,49,58,2,,TOR,AL,SP,,,
467008,Pedro Strop,,2,3,39,41,25,23,5,24,30,1,,TEX,AL,RP,0,7,
467683,Osiris Matos,,3,3,47,47,25,23,6,17,37,1,,SFN,NL,RP,0,5,
467726,Jose Mijares,,3,3,45,41,23,22,6,20,38,2,,MIN,AL,RP,0,71,
467761,Fernando Hernandez,,2,3,45,47,28,25,5,24,32,1,,OAK,AL,RP,,,
467785,Radhames Liz,,4,7,101,101,57,52,13,50,78,5,,SDN,NL,SP,0,2,
467802,Jonathan Ortiz,,2,2,38,43,24,21,5,13,30,0,,NYA,AL,RP,,,
468504,Jhoulys Chacin,,4,6,89,98,58,53,12,46,66,3,,COL,NL,SP,1,8,
468962,Devern Hansack,,3,3,55,62,35,31,8,20,36,1,,BOS,AL,SP,,,
469134,Esmil Rogers,,5,8,117,134,78,71,15,53,80,4,,COL,NL,SP,1,0,
469159,Henry Rodriguez,,2,3,45,40,25,23,5,32,45,2,,OAK,AL,RP,0,3,
469164,Ehren Wassermann,,2,2,36,39,20,18,3,15,23,2,,PHI,NL,RP,,,
469580,Kendy Batista,,2,2,40,41,24,22,5,20,32,1,,LAN,NL,RP,,,
469686,Alfredo Aceves,,4,3,59,58,31,29,8,15,43,2,,NYA,AL,RP,1,42,
469690,Victor Marte,,2,3,44,46,25,23,4,23,29,1,,KCA,AL,RP,0,8,
469735,Edwar Ramirez,,3,3,49,45,26,24,7,23,50,2,,NYA,AL,RP,0,20,
470358,Oneli Perez,,2,2,41,42,24,21,6,18,34,1,,SLN,NL,RP,,,
470462,Ramon Troncoso,,4,4,66,66,32,29,4,27,47,3,,LAN,NL,RP,0,73,
470504,Winston Marquez,,1,2,19,19,11,9,1,12,15,0,,MIN,AL,RP,,,
471183,Waldis Joaquin,,2,3,41,38,22,20,3,24,34,1,,SFN,NL,RP,0,10,
471803,Armando Gabino,,3,4,59,64,36,32,8,24,31,2,,BAL,AL,RP,1,1,
471911,Carlos Carrasco,,6,9,129,142,86,78,21,59,97,4,,CLE,AL,SP,5,0,
471919,Jhonny Nunez,,2,4,50,57,38,34,10,27,39,1,,CHA,AL,RP,0,7,
472551,Fernando Abad,,2,5,66,74,44,39,13,21,49,2,,HOU,NL,SP,,,
472610,Luis Garcia,,2,4,53,56,30,26,6,17,32,0,,WAS,NL,RP,,,
473265,Jose De La Torre,,2,2,29,29,18,17,4,16,25,2,,NYN,NL,RP,,,
474029,Zach Putnam,,2,2,35,38,21,18,3,16,24,0,,CLE,AL,RP,,,
474226,Mason Tobin,,1,2,17,20,13,12,2,11,9,0,,LAA,AL,SP,,,
474463,Brett Anderson,,8,8,142,143,72,65,17,42,115,3,,OAK,AL,SP,30,0,
474668,Eric Surkamp,,3,5,70,70,38,34,7,31,62,0,,SFN,NL,SP,,,
475022,Craig Hansen,,2,3,34,33,19,18,3,21,27,2,,PIT,NL,RP,0,5,
475243,Travis Wood,,4,6,94,94,57,53,14,50,66,3,,CIN,NL,SP,,,
475416,Justin Masterson,,8,7,129,128,68,62,13,58,104,8,,CLE,AL,SP,16,26,
475572,Aaron Miller,,2,2,31,30,17,17,5,14,26,1,,LAN,NL,SP,,,
476011,Matt Maloney,,7,9,138,140,78,71,24,41,113,5,,CIN,NL,SP,7,0,
476206,Justin Thomas,,2,4,48,53,33,29,7,30,33,1,,SEA,AL,RP,,,
476451,Jeremy Hellickson,,4,5,84,89,51,46,15,29,68,2,,TBA,AL,SP,,,
476570,Vin Mazzaro,,7,8,128,136,73,66,12,52,74,6,,OAK,AL,SP,17,0,
476601,Michael Bowden,,6,7,108,121,67,61,14,41,67,1,,BOS,AL,SP,1,7,
476811,Sean West,,4,8,102,114,68,62,15,57,77,3,,FLO,NL,SP,20,0,
477003,Jonathon Niese,,7,8,125,128,68,61,14,49,95,2,,NYN,NL,SP,5,0,
477048,Colton Willems,,2,3,41,47,29,26,6,20,19,0,,WAS,NL,SP,,,
477132,Clayton Kershaw,,10,6,138,114,59,56,11,75,142,2,,LAN,NL,SP,30,1,
477200,Michael Powers,,2,2,37,36,20,17,2,19,23,0,,NYN,NL,RP,,,
477237,Steve Garrison,,2,5,69,74,42,39,11,29,49,2,,SDN,NL,SP,,,
477569,Fernando Salas,,2,2,33,34,20,18,6,13,28,0,,SLN,NL,RP,,,
477581,Walter Silva,,3,6,72,78,45,41,11,32,42,1,,SDN,NL,SP,6,0,
488674,Burke Badenhop,,3,3,52,54,27,24,5,20,38,2,,FLO,NL,RP,2,33,
488723,Jared Bradford,,1,2,20,22,11,10,2,5,11,0,,SLN,NL,RP,,,
488782,Anthony Claggett,,2,3,49,56,32,29,6,26,28,1,,PIT,NL,RP,0,3,
488786,Louis Coleman,,1,2,19,21,10,8,1,7,12,0,,KCA,AL,RP,,,
488846,Brian Duensing,,7,8,128,149,77,70,16,40,68,4,,MIN,AL,SP,9,15,
488876,Brent Fisher,,1,2,20,27,16,14,3,11,11,0,,KCA,AL,SP,,,
488927,Danny Gutierrez,,2,3,38,47,28,25,5,17,23,0,,TEX,AL,SP,,,
488943,Cheyne Hann,,3,2,47,48,22,19,4,11,33,0,,SEA,AL,RP,,,
488984,Tommy Hunter,,6,7,116,136,73,66,17,37,66,3,,TEX,AL,SP,19,0,
489020,Brad Kilby,,3,3,56,51,28,26,7,24,49,1,,OAK,AL,RP,1,10,
489052,Brent Leach,,3,3,44,40,25,23,5,30,39,1,,LAN,NL,RP,0,38,
489076,Corey Madden,,2,1,23,22,13,12,3,14,22,0,,FLO,NL,RP,,,
489078,Michael Madsen,,2,3,41,46,29,26,7,23,23,1,,OAK,AL,SP,,,
489096,Jeremy McBryde,,2,5,66,71,44,38,14,26,53,0,,SDN,NL,SP,,,
489150,Clayton Mortensen,,5,8,110,121,69,63,16,50,64,4,,OAK,AL,SP,6,1,
489153,Kyle Mura,,2,3,53,64,35,32,8,18,26,1,,SLN,NL,SP,,,
489176,Tyler Norrick,,2,2,35,32,20,18,5,23,32,2,,SLN,NL,RP,,,
489189,Josh Outman,,5,6,98,96,53,50,12,46,71,2,,OAK,AL,SP,12,2,
489223,Edwin Quirarte,,2,3,38,41,22,20,3,16,20,0,,SFN,NL,RP,,,
489225,Cody Railsback,,1,1,14,14,8,7,1,8,8,0,,ATL,NL,RP,,,
489265,Sergio Romo,,3,2,40,34,17,15,4,13,41,2,,SFN,NL,RP,0,45,
489334,Craig Stammen,,5,8,118,133,72,66,17,41,63,3,,WAS,NL,SP,19,0,
489336,Will Startup,,1,2,22,20,11,10,3,10,18,0,,SDN,NL,RP,,,
489373,Mace Thurman,,2,3,40,38,23,21,4,24,32,0,,CIN,NL,RP,,,
489400,Ryan Verdugo,,2,2,25,21,12,12,1,21,26,0,,SFN,NL,RP,,,
489448,Mike Zagurski,,2,2,30,29,16,15,4,14,27,2,,PHI,NL,RP,,,
490008,Robert Manuel,,3,3,53,53,28,26,6,17,38,1,,SEA,AL,RP,0,3,
490063,Matt Garza,,11,9,171,158,81,77,19,63,142,8,,TBA,AL,SP,32,0,
491159,Joe Thatcher,,3,3,48,41,19,17,3,18,50,2,,SDN,NL,RP,0,52,
491220,Hunter Jones,,1,1,20,24,16,15,4,10,15,1,,BOS,AL,RP,0,11,
491688,Enerio Del Rosario,,2,3,47,50,27,24,5,18,27,1,,CIN,NL,RP,,,
491703,Neftali Feliz,,5,5,78,73,38,35,7,36,68,3,,TEX,AL,SP,0,20,
492821,Henry Villar,,3,4,62,65,35,29,8,22,53,0,,HOU,NL,RP,,,
492827,Hyang-Nam Choi,,2,2,39,33,18,16,5,17,45,0,,LAN,NL,RP,,,
492880,Bayron Zepeda,,2,2,41,46,23,19,1,15,24,0,,ARI,NL,RP,,,
493131,Masa Kobayashi,,2,2,31,37,21,19,5,12,18,1,,,,RP,0,10,
493133,Hiroki Kuroda,,8,6,123,125,60,56,12,32,86,3,,LAN,NL,SP,20,1,
493137,Daisuke Matsuzaka,,8,7,129,132,71,65,16,61,115,6,,BOS,AL,SP,12,0,
493157,Koji Uehara,,4,4,59,64,30,26,6,14,44,1,,BAL,AL,RP,12,0,
493161,Yasuhiko Yabuta,,2,3,44,50,28,26,6,19,33,1,,,,RP,0,12,
493247,Peter Moylan,,4,2,54,48,22,20,3,24,43,3,,ATL,NL,RP,0,87,
493416,Takashi Saito,,4,2,54,44,19,18,5,22,58,4,10,ATL,NL,RP,0,56,
493547,Mickey Storey,,2,2,30,29,15,14,3,11,26,1,,OAK,AL,RP,,,
499107,Francisley Bueno,,3,4,59,67,37,34,8,24,35,2,,ATL,NL,SP,,,
499856,Chris Jakubauskas,,3,6,78,82,45,41,11,27,45,2,,SEA,AL,SP,8,27,
499877,Kenshin Kawakami,,8,9,151,151,79,72,17,53,109,6,,ATL,NL,SP,25,7,
500674,Eduardo Sanchez,,2,2,39,36,21,20,5,22,33,1,,SLN,NL,RP,,,
500782,Marcos Tabata,,1,0,8,8,5,5,1,7,8,0,,NYN,NL,RP,,,
500894,Ricardo Hernandez,,1,0,7,8,4,3,1,3,5,0,,FLO,NL,RP,,,
500915,Felix Moreno,,0,1,7,7,4,3,1,4,5,0,,TOR,AL,RP,,,
501252,Keny Sosa,,1,3,34,38,26,24,7,17,24,1,,ARI,NL,SP,,,
501253,Geison Aguasviva,,2,2,36,35,18,16,2,17,20,0,,LAN,NL,RP,,,
501381,Michael Pineda,,2,4,54,61,33,30,7,22,35,0,,SEA,AL,SP,,,
501563,Simon Castro,,4,5,81,76,42,38,9,41,63,0,,SDN,NL,SP,,,
501569,Samuel Martinez,,1,2,21,20,11,11,2,14,18,0,,NYN,NL,RP,,,
501638,Pedro Viola,,2,4,52,50,33,30,9,31,47,1,,CIN,NL,RP,0,9,
501645,Leuris Gomez,,0,1,9,11,6,5,2,3,6,0,,COL,NL,RP,,,
501656,Dickson Marquez,,1,0,9,9,5,4,1,2,6,0,,NYA,AL,RP,,,
501727,Hector Cardenas,,2,3,49,51,27,24,4,24,26,0,,SLN,NL,SP,,,
501729,Joel Pichardo,,2,2,31,33,18,16,4,12,20,0,,SLN,NL,RP,,,
501819,Robert Woodard,,1,2,26,28,17,15,5,11,17,0,,SDN,NL,RP,,,
501826,Clay Zavada,,2,2,39,36,20,18,5,18,38,2,,ARI,NL,RP,0,49,
501874,Kam Mickolio,,2,3,42,42,24,22,5,21,35,1,,BAL,AL,RP,0,11,
501879,Kevin Pucetas,,5,7,103,113,60,55,12,37,58,3,,SFN,NL,SP,,,
501925,Joe Smith,,3,2,45,42,22,20,5,20,37,2,,CLE,AL,RP,0,37,
501932,Tim Norton,,2,2,29,32,17,14,2,11,17,0,,NYA,AL,RP,,,
501934,Adam Cowart,,2,4,57,68,35,31,6,17,25,0,,SFN,NL,SP,,,
501936,Matt Buschmann,,5,8,106,113,62,56,15,44,62,3,,SDN,NL,SP,,,
501955,Joba Chamberlain,,10,8,156,154,82,74,17,67,147,9,,NYA,AL,SP,31,1,
501957,Chris Tillman,,5,7,110,123,68,63,19,46,79,4,,BAL,AL,SP,12,0,
501973,Chad Rodgers,,2,2,30,33,20,18,4,17,20,0,,ATL,NL,SP,,,
501985,Mike Minor,,2,1,22,21,9,8,2,5,18,1,,ATL,NL,SP,,,
501990,Andrew Doyle,,2,2,24,28,14,13,2,8,16,0,,TEX,AL,RP,,,
502009,Mat Latos,,4,5,75,65,37,34,10,31,62,2,,SDN,NL,SP,10,0,
502012,Casey Mulligan,,2,2,36,33,19,17,3,23,35,1,,SLN,NL,RP,,,
502022,Zachary Von Tersch,,1,1,17,17,10,9,3,7,14,1,,NYN,NL,SP,,,
502032,Bud Norris,,5,7,105,104,57,53,13,51,97,4,,HOU,NL,SP,10,1,
502065,Chad Lee,,1,2,26,30,18,17,4,15,17,1,,OAK,AL,SP,,,
502085,David Robertson,,5,2,61,51,27,24,5,30,72,2,,NYA,AL,RP,0,45,
502130,Dan Runzler,,2,3,37,34,21,20,4,24,38,2,,SFN,NL,RP,0,11,
502142,Hassan Pena,,2,3,40,42,26,23,5,26,24,0,,WAS,NL,SP,,,
502158,Josh Roenicke,,2,3,39,38,21,19,4,17,37,2,,TOR,AL,RP,0,24,
502165,Andrew Carpenter,,6,8,119,134,78,72,22,47,78,3,,PHI,NL,SP,1,2,
502166,Brad Mills,,2,4,50,55,33,31,9,25,41,2,,TOR,AL,SP,2,0,
502168,Rudy Owens,,3,5,73,82,44,39,11,20,46,0,,PIT,NL,SP,,,
502169,Billy Bullock,,2,1,23,24,13,11,1,14,17,0,,MIN,AL,RP,,,
502188,Jeff Samardzija,,3,5,67,74,44,40,11,31,47,2,,CHN,NL,RP,2,18,
502208,P.J. Walters,,4,6,85,90,54,49,14,38,72,5,,SLN,NL,SP,1,7,
502239,Trevor Cahill,,7,9,143,144,81,77,19,65,81,4,,OAK,AL,SP,32,0,
502250,Evan Anundsen,,5,5,94,92,51,46,7,49,60,0,,MIL,NL,SP,,,
502272,Casey Fien,,3,3,49,52,29,27,7,18,38,1,,DET,AL,RP,0,9,
502308,Ben Jukich,,5,7,102,112,60,56,15,41,73,3,,SLN,NL,SP,,,
502381,Luke Gregerson,,4,4,68,54,27,25,5,29,72,3,,SDN,NL,RP,0,72,
502572,Christopher Wilson,,2,3,39,41,23,21,7,11,35,0,,SFN,NL,RP,,,
502609,Daniel Ray Herrera,,4,4,65,62,33,30,7,24,50,1,,CIN,NL,RP,0,70,
502621,Tobi Stoner,,5,8,111,118,67,61,17,47,69,2,,NYN,NL,SP,0,4,
502706,Derek Holland,,4,6,95,107,59,54,15,35,72,3,,TEX,AL,SP,21,12,
503285,Darren O'Day,,4,3,54,50,23,22,4,18,44,4,,TEX,AL,RP,0,68,
503427,Josh Wilkie,,3,3,47,48,24,22,5,19,34,1,,WAS,NL,RP,,,
503438,Rob Delaney,,3,3,50,52,27,24,6,16,35,1,,MIN,AL,RP,,,
504083,Jorge Rondon,,2,3,41,47,29,26,7,22,23,0,,SLN,NL,SP,,,
504186,Arnold Leon,,2,2,27,27,16,14,3,14,18,2,,OAK,AL,RP,,,
505251,Michael Marbry,,2,2,39,45,23,20,2,16,22,0,,COL,NL,RP,,,
505490,Matt McSwain,,4,6,88,105,53,45,8,26,36,0,,PIT,NL,SP,,,
506432,Kei Igawa,,4,6,92,113,68,62,20,34,55,2,,NYA,AL,SP,,,
506606,Hideki Okajima,,4,3,61,56,28,26,7,22,54,2,,BOS,AL,RP,0,68,
506648,Yoslan Herrera,,3,6,82,96,52,47,10,34,45,2,,PIT,NL,SP,,,
506693,Henderson Alvarez,,5,5,89,102,50,41,3,26,46,1,,TOR,AL,SP,,,
506696,Ryan Ariail,,1,2,18,19,10,9,1,8,9,0,,PHI,NL,RP,,,
506728,Marcos Frias,,5,6,92,96,51,45,9,35,59,1,,WAS,NL,SP,,,
514108,Mike DeMark,,2,3,44,41,24,22,5,29,36,1,,SDN,NL,RP,,,
514897,Eduardo Aldama,,1,1,16,17,10,9,3,7,12,1,,NYN,NL,SP,,,
516654,Arquimedes Nieto,,4,5,77,83,47,42,8,35,47,0,,SLN,NL,SP,,,
516737,Luis Chirinos,,1,0,8,8,5,4,1,5,6,0,,FLO,NL,RP,,,
516769,Jenrry Mejia,,2,4,55,57,35,33,6,33,43,2,,NYN,NL,SP,,,
516810,Julio Pena,,1,0,8,8,5,4,1,3,7,0,,CHN,NL,RP,,,
516862,Jorge Pena,,1,1,15,16,9,8,2,9,11,1,,OAK,AL,SP,,,
516969,Kelvin Herrera,,1,1,14,17,8,7,1,5,8,0,,KCA,AL,SP,,,
517209,Murillo Gouvea,,1,1,16,17,8,8,2,5,11,1,,CHA,AL,SP,,,
517359,Ezequiel Infante,,2,2,39,41,21,18,3,12,25,0,,CIN,NL,RP,,,
517413,Dimaster Delgado,,4,5,73,74,41,37,7,36,57,1,,ATL,NL,SP,,,
517597,Alexander Morales,,1,2,20,21,11,11,2,11,12,1,,CLE,AL,SP,,,
517629,Kelvin Marte,,1,2,20,21,11,10,1,10,12,0,,SFN,NL,SP,,,
518169,Armando Rodriguez,,2,1,22,19,11,10,2,14,21,1,,NYN,NL,SP,,,
518403,Gary Amato,,2,2,29,32,17,15,3,12,20,0,,PIT,NL,RP,,,
518405,Peter Andrelczyk,,2,2,43,41,20,17,2,19,38,0,,FLO,NL,RP,,,
518420,Dylan Axelrod,,2,2,36,38,20,18,4,17,22,0,,SDN,NL,RP,,,
518434,Casey Baron,,2,2,37,39,22,20,5,16,26,1,,MIL,NL,RP,,,
518435,Manuel Barreda,,1,0,8,8,5,5,1,7,5,0,,NYA,AL,RP,,,
518469,Bobby Blevins,,5,5,86,92,51,46,11,29,44,0,,LAN,NL,SP,,,
518478,Robert Bono,,3,7,87,107,54,46,9,21,33,0,,HOU,NL,SP,,,
518510,Ross Buckwalter,,1,1,15,17,8,8,2,4,6,0,,TOR,AL,RP,,,
518516,Madison Bumgarner,,4,6,87,90,48,44,10,33,57,2,,SFN,NL,SP,1,3,
518603,Justin De Fratus,,4,4,70,76,39,33,5,23,43,0,,PHI,NL,RP,,,
518609,Ramon Delgado,,2,3,50,53,28,25,5,19,30,0,,SLN,NL,RP,,,
518716,Dillon Gee,,3,4,59,61,33,29,8,20,42,2,,NYN,NL,SP,,,
518752,Kyle Gunderson,,2,3,38,40,23,20,4,18,25,0,,FLO,NL,RP,,,
518806,Ivor Hodgson,,2,3,38,47,27,24,5,20,23,1,,KCA,AL,SP,,,
518820,Jordan Hotchkiss,,2,5,59,62,35,31,6,23,38,0,,CIN,NL,RP,,,
518833,Colt Hynes,,2,3,45,43,20,17,2,21,28,0,,SDN,NL,RP,,,
518865,Josh Judy,,2,2,33,34,20,18,4,17,29,1,,CLE,AL,RP,,,
518875,Shawn Kelley,,2,2,36,34,18,17,5,12,29,2,,SEA,AL,RP,0,41,
518895,Matt Klinker,,3,5,72,77,47,43,13,33,57,1,,CIN,NL,SP,,,
518951,Mike Loree,,3,6,80,91,50,45,10,23,39,0,,SFN,NL,SP,,,
519050,Will Morgan,,1,1,11,11,6,5,2,4,9,0,,NYN,NL,RP,,,
519059,Scott Moviel,,2,5,62,65,38,35,7,33,35,0,,NYN,NL,SP,,,
519090,Bryan Oland,,2,2,41,35,17,14,3,14,35,0,,SDN,NL,RP,,,
519096,Dan Otero,,1,2,27,29,14,12,2,9,17,0,,SFN,NL,RP,,,
519105,Jarrod Parker,,3,5,65,73,43,39,8,34,48,2,,ARI,NL,SP,,,
519110,Joe Paterson,,2,2,32,31,18,17,4,16,26,2,,SFN,NL,RP,,,
519119,Wynn Pelzer,,5,6,97,93,53,48,10,57,68,0,,SDN,NL,SP,,,
519122,Stephen Penney,,2,3,50,59,28,23,4,11,24,0,,SEA,AL,RP,,,
519144,Rick Porcello,,7,9,138,154,80,76,19,47,73,3,,DET,AL,SP,31,0,
519145,Aaron Poreda,,4,7,101,96,56,51,10,67,81,5,,SDN,NL,SP,0,14,
519154,Luke Prihoda,,2,1,23,26,12,10,2,3,15,0,,NYA,AL,RP,,,
519186,Matt Reynolds,,2,3,38,41,24,21,6,15,30,0,,COL,NL,RP,,,
519223,Ari Ronick,,3,6,78,83,50,46,12,33,50,0,,SFN,NL,SP,,,
519240,Marc Rzepczynski,,5,6,89,88,49,45,8,47,80,2,,TOR,AL,SP,11,0,
519252,Stephen Sauer,,5,7,103,128,67,54,8,27,55,1,,CHA,AL,SP,,,
519259,Daniel Schlereth,,2,2,29,27,16,15,2,19,29,2,,DET,AL,RP,0,21,
519267,Evan Scribner,,2,2,38,35,20,18,5,16,36,0,,SDN,NL,RP,,,
519285,James Simmons,,4,6,86,96,53,48,11,35,51,3,,OAK,AL,SP,,,
519302,Luke Sommer,,2,2,44,47,25,21,5,10,27,0,,CHN,NL,RP,,,
519322,Drew Storen,,1,2,24,23,14,12,3,11,22,0,,WAS,NL,RP,,,
519357,Jess Todd,,2,3,43,46,25,22,6,17,37,2,,SLN,NL,RP,0,20,
519381,Pat Venditte,,2,2,39,43,22,19,4,13,31,0,,NYA,AL,RP,,,
519392,Brian Wabick,,2,4,46,51,27,23,4,18,27,0,,HOU,NL,RP,,,
519453,Brett Zawacki,,2,2,33,35,18,17,3,16,20,1,,SLN,NL,SP,,,
519455,Jordan Zimmermann,,2,3,41,40,22,20,5,16,38,2,,WAS,NL,SP,16,0,
519488,Cephas Howard,,1,0,8,9,5,5,1,6,5,0,,LAA,AL,RP,,,
520470,Matt German,,1,2,24,24,15,14,4,14,21,1,,PHI,NL,RP,,,
520868,Pete Parise,,2,3,41,42,24,21,6,17,27,0,,SLN,NL,RP,,,
520951,Santos Rodriguez,,1,0,9,9,5,5,1,4,8,0,,CHA,AL,RP,,,
521089,Francisco Rivera,,1,0,8,8,4,4,1,4,5,0,,SLN,NL,RP,,,
521230,Liam Hendriks,,3,3,55,66,35,29,5,19,32,1,,MIN,AL,SP,,,
521232,Tom Stuifbergen,,1,1,15,16,8,8,2,5,11,1,,MIN,AL,SP,,,
524108,Justin Fiske,,1,2,26,26,15,14,3,15,20,0,,SLN,NL,RP,,,
524290,Chris Rivera,,2,2,29,28,14,11,1,13,20,0,,WAS,NL,RP,,,
525828,Francisco Jimenez,,2,2,25,27,12,11,1,9,18,0,,CLE,AL,RP,,,
527054,Julio Teheran,,2,2,36,39,23,20,5,19,23,1,,ATL,NL,SP,,,
531565,Miguel Mejia,,0,1,9,11,7,6,2,2,6,0,,DET,AL,RP,,,
534368,Robert Boothe,,2,2,42,38,23,21,3,29,39,0,,LAN,NL,RP,,,
534428,Esmailin Caridad,,5,8,110,122,73,67,19,42,78,3,,CHN,NL,SP,0,14,
534600,Chris Fetter,,3,3,53,46,20,17,2,20,41,1,,SDN,NL,SP,,,
542235,Melvin Mercedes,,0,1,8,8,5,5,1,6,5,0,,DET,AL,RP,,,
542250,Rayni Guichardo,,1,1,17,18,10,9,2,7,11,1,,DET,AL,SP,,,
542403,Marcos Molina,,1,0,8,7,3,3,1,2,6,0,,CIN,NL,RP,,,
542553,Jose Rosario,,3,5,66,69,40,36,7,32,45,0,,FLO,NL,SP,,,
542743,Baudilio Lopez,,1,0,8,8,5,4,1,3,5,0,,LAA,AL,RP,,,
542893,William Atwood,,3,6,79,85,50,44,10,33,52,0,,WAS,NL,SP,,,
542910,Trey Barham,,2,2,32,36,20,17,2,15,17,0,,OAK,AL,RP,,,
542914,Anthony Bass,,3,5,67,67,38,35,8,37,40,0,,SDN,NL,SP,,,
542919,Eric Beaulac,,2,5,62,62,38,35,8,40,51,0,,NYN,NL,SP,,,
542926,Robert Bell,,3,4,62,65,37,32,7,26,50,0,,TOR,AL,RP,,,
542960,Brad Brach,,3,2,44,35,15,13,2,14,41,0,,SDN,NL,RP,,,
542977,George Brown,,2,4,54,59,34,30,6,28,32,0,,SLN,NL,SP,,,
543081,Matt Daly,,2,2,33,33,18,16,1,23,24,0,,TOR,AL,RP,,,
543102,Brett DeVall,,2,3,45,48,28,25,5,23,29,1,,ATL,NL,SP,,,
543135,Nathan Eovaldi,,4,5,73,73,38,35,4,43,41,1,,LAN,NL,SP,,,
543136,Cody Eppley,,2,3,49,57,29,25,5,9,32,0,,TEX,AL,RP,,,
543152,Roberto Feliciano,,1,1,11,11,6,5,1,7,8,0,,LAN,NL,RP,,,
543163,Ryan Flannery,,2,2,37,38,18,16,1,17,23,0,,NYA,AL,RP,,,
543174,Eric Fornataro,,3,3,56,62,32,28,4,23,21,1,,SLN,NL,SP,,,
543178,Justin Freeman,,2,3,49,51,24,20,2,13,29,0,,CIN,NL,RP,,,
543180,Matthew Frevert,,2,2,27,26,14,13,3,14,24,0,,SLN,NL,RP,,,
543227,Jake Goldberg,,2,2,33,34,19,17,4,17,21,0,,NYN,NL,RP,,,
543301,Zachary Herr,,2,2,34,32,20,18,5,22,31,0,,SDN,NL,RP,,,
543339,Daniel Hudson,,5,6,93,95,53,48,11,38,75,4,,CHA,AL,SP,2,4,
543367,Jimmy Johnson,,2,2,34,32,16,14,2,15,23,0,,NYN,NL,RP,,,
543382,Jeffrey Kaplan,,3,5,66,67,37,33,5,36,42,0,,NYN,NL,SP,,,
543407,Alan Knotts,,2,2,30,34,17,14,2,12,19,0,,PIT,NL,RP,,,
543409,Michael Kohn,,3,2,43,42,23,21,2,28,41,0,,LAA,AL,RP,,,
543415,Damon Krestalude,,1,0,10,10,6,5,1,8,8,0,,MIL,NL,RP,,,
543430,Maverick Lasker,,1,2,19,19,10,9,2,11,12,1,,MIL,NL,SP,,,
543440,Patrick Lehman,,2,3,48,52,25,22,5,7,28,1,,WAS,NL,SP,,,
543475,Jordan Lyles,,5,7,101,105,55,47,7,47,83,1,,HOU,NL,SP,,,
543477,Mike Lynn,,2,2,27,26,13,12,1,15,19,0,,NYN,NL,RP,,,
543548,Tom Milone,,4,6,86,94,52,46,11,31,47,0,,WAS,NL,SP,,,
543551,D.J. Mitchell,,6,5,97,107,56,49,5,49,57,1,,NYA,AL,SP,,,
543593,Korey Noles,,2,2,28,28,14,13,2,13,20,0,,PHI,NL,RP,,,
543634,Ryan Perry,,2,3,40,38,22,20,4,21,36,1,,DET,AL,RP,0,53,
543678,Brandon Rapoza,,3,2,47,48,25,22,3,23,27,0,,MIL,NL,RP,,,
543725,Brian Rosenberg,,2,2,32,32,17,16,3,15,26,1,,PHI,NL,RP,,,
543753,Nick Schumacher,,2,2,35,33,17,14,2,15,24,0,,SDN,NL,RP,,,
543754,Michael Schwimer,,3,2,41,37,19,17,2,21,41,0,,PHI,NL,RP,,,
543819,Zachary Stewart,,2,3,44,44,23,20,3,20,33,0,,TOR,AL,RP,,,
543853,Taylor Thompson,,0,1,9,10,6,5,1,6,5,0,,CHA,AL,RP,,,
543864,Tyler Tufts,,2,2,40,47,23,19,2,13,21,0,,TEX,AL,RP,,,
543883,Nick Vincent,,2,3,41,41,24,21,6,21,32,0,,SDN,NL,RP,,,
543886,Justin Walker,,1,2,23,23,14,13,3,11,17,0,,CIN,NL,RP,,,
543897,Matthew Way,,4,3,59,59,29,25,5,18,46,1,,PHI,NL,SP,,,
543924,Chris Wilkes,,2,2,33,33,17,15,3,14,18,1,,SDN,NL,SP,,,
543938,Shane Wolf,,3,5,76,86,47,41,9,28,48,0,,HOU,NL,SP,,,
543942,Robert Wooten,,2,2,31,29,17,16,3,17,30,1,,MIL,NL,RP,,,
544153,Victor Capellan,,2,2,31,31,18,17,3,16,25,0,,ARI,NL,RP,,,
544255,Enrique Lechuga,,1,1,13,15,9,8,2,4,8,0,,CHA,AL,RP,,,
544365,Manuel Banuelos,,4,5,77,86,50,44,8,35,47,1,,NYA,AL,SP,,,
544568,Wilton Rodriguez,,1,2,19,22,13,11,3,7,12,1,,NYA,AL,SP,,,
544716,Brent DeFoor,,1,0,8,8,5,5,1,5,7,0,,CHA,AL,RP,,,
544727,Jeurys Familia,,5,6,92,89,49,45,5,53,57,1,,NYN,NL,SP,,,
544755,Nick Pugliese,,2,2,33,38,21,17,3,13,23,0,,LAA,AL,RP,,,
544931,Stephen Strasburg,,3,3,57,63,30,28,5,21,53,2,,WAS,NL,SP,,,
545118,Matt Vieira,,1,2,17,20,11,10,2,7,11,0,,FLO,NL,RP,,,
545196,Brandon Sisk,,2,2,32,35,19,17,2,17,26,0,,KCA,AL,RP,,,
545248,Dan Remenowsky,,2,2,43,43,26,23,5,21,45,0,,CHA,AL,RP,,,
545411,Michael Benacka,,2,2,38,33,18,17,4,20,31,2,,OAK,AL,RP,,,
547568,Chia-Jen Lo,,2,2,36,33,19,18,3,25,36,1,,HOU,NL,RP,,,
547749,Junichi Tazawa,,4,5,79,93,52,46,11,28,49,4,,BOS,AL,SP,4,2,
547820,Fu-Te Ni,,2,2,38,36,19,18,5,13,27,1,,DET,AL,RP,0,36,
548092,Ken Takahashi,,2,3,41,39,21,19,4,20,28,2,,,,RP,0,28,
548348,Donnie Joseph,,1,2,19,16,9,8,1,14,19,0,,CIN,NL,RP,,,
553973,Carlos Alvarado,,6,5,102,92,49,46,11,44,89,0,,LAN,NL,SP,,,
571478,Kyle Bellamy,,1,2,18,20,11,9,2,5,16,0,,CHA,AL,RP,,,
571484,Jonathan Berger,,2,4,47,51,29,26,8,17,25,1,,SDN,NL,SP,,,
571521,Rex Brothers,,1,2,19,20,12,11,2,11,16,0,,COL,NL,RP,,,
571544,Andrew Carraway,,2,4,52,56,29,25,5,14,35,1,,SEA,AL,SP,,,
571666,Michael Fiers,,1,2,18,18,11,9,3,7,17,0,,MIL,NL,RP,,,
571831,Brandon Josselyn,,1,2,20,20,10,9,1,9,12,0,,SEA,AL,RP,,,
571838,Scott Kelley,,0,1,8,8,5,4,1,3,5,0,,KCA,AL,RP,,,
571940,Michael Mechaw,,0,1,8,9,5,5,1,5,5,0,,BAL,AL,RP,,,
571946,Shelby Miller,,1,1,15,15,8,8,2,8,11,1,,SLN,NL,SP,,,
571963,A.J. Morris,,2,3,38,40,21,19,5,13,26,1,,WAS,NL,SP,,,
572144,Eric Smith,,1,2,23,26,17,16,5,11,15,1,,ARI,NL,SP,,,
572165,Brad Stillings,,1,1,14,17,10,9,2,6,7,0,,MIN,AL,RP,,,
572383,Brian Moran,,1,2,17,18,9,8,1,10,11,0,,SEA,AL,RP,,,
572799,Tony Davis,,1,0,8,9,5,4,1,2,5,0,,MIN,AL,RP,,,
572889,Nick Greenwood,,2,3,46,44,20,18,2,22,26,0,,SDN,NL,RP,,,
572906,Tyrelle Harris,,1,1,13,12,6,6,1,8,12,0,,ATL,NL,RP,,,
572926,Lance Hoge,,2,2,33,34,17,14,2,9,20,0,,NYN,NL,RP,,,
572964,Patrick Keating,,0,1,8,10,5,4,1,2,5,0,,KCA,AL,RP,,,
573146,Scott Schneider,,3,3,56,54,26,24,5,20,43,1,,SLN,NL,SP,,,
573154,Joseph Serafin,,2,3,38,45,26,23,5,16,24,1,,CHA,AL,SP,,,
573159,Ryan Shopshire,,1,2,24,27,14,13,2,11,12,1,,TOR,AL,SP,,,
573166,Murphy Smith,,2,2,37,42,26,23,5,23,23,1,,OAK,AL,SP,,,
573198,Sean Teague,,1,0,8,8,5,5,1,6,7,0,,FLO,NL,RP,,,
573244,Adam Wilk,,3,3,56,64,32,27,5,13,34,1,,DET,AL,SP,,,
573248,Andrew Wilson,,1,0,8,8,4,4,1,3,7,0,,ATL,NL,RP,,,
573579,Mitch Miller,,1,1,14,14,8,7,2,5,11,1,,MIL,NL,SP,,,
573632,Nathan Driessen,,1,0,8,8,5,5,1,3,5,0,,CIN,NL,RP,,,
575088,William Rackel,,1,0,8,8,4,4,1,2,5,0,,NYN,NL,RP,,,
