mlbamID,playerName,team,league,defaultPos,W,L,S,IP,H,HR,BB,K,HBP,R,ER,G_SP,G_RP
110683,Miguel Batista,WAS,NL,RP,3,4,,63,65,7,33,44,3,37,34,0,56
110859,Armando Benitez,HOU,NL,RP,1,2,,27,26,4,12,25,1,16,15,,
111492,Doug Brocail,,,RP,2,3,,44,47,6,19,27,2,26,24,0,20
111838,Paul Byrd,,,SP,5,8,,119,142,19,27,54,4,73,67,6,1
112020,Chris Carpenter,SLN,NL,SP,8,5,,115,109,6,29,85,5,44,40,28,0
112526,Bartolo Colon,,,SP,4,6,,86,98,13,29,54,3,53,49,12,0
113296,Elmer Dessens,NYN,NL,RP,2,2,,39,41,5,15,25,1,22,20,0,28
113833,Alan Embree,,,RP,2,2,,43,43,5,19,31,1,23,21,0,36
113898,Kelvim Escobar,NYN,NL,SP,3,1,,36,30,2,13,33,1,13,12,1,0
113915,Shawn Estes,WAS,NL,SP,3,5,,71,81,8,30,38,3,43,40,,
113961,Scott Eyre,,,RP,2,2,,35,34,3,18,27,1,18,17,0,42
114354,Chad Fox,CHN,NL,RP,1,1,,17,20,3,10,13,1,14,13,0,2
114849,Tom Glavine,,,SP,4,6,,84,100,13,37,37,2,55,51,,
114971,Tom Gordon,,,RP,1,2,,24,27,3,15,15,1,17,16,0,3
115216,Eddie Guardado,WAS,NL,RP,2,2,,38,38,5,16,23,1,20,18,0,48
115399,Mike Hampton,,,SP,5,6,,96,108,11,40,55,2,55,51,21,0
115629,LaTroy Hawkins,MIL,NL,RP,4,3,1,55,52,5,20,40,1,24,22,0,65
115817,Livan Hernandez,WAS,NL,SP,8,12,,180,219,23,62,83,3,110,101,31,0
116034,Trevor Hoffman,MIL,NL,RP,3,2,31,47,40,5,15,39,1,20,18,0,55
116414,Jason Isringhausen,,,RP,2,2,,35,35,3,17,24,2,19,17,0,9
116595,Jason Johnson,NYA,AL,SP,4,6,,87,109,16,35,47,4,64,59,,
116615,Randy Johnson,,,SP,6,7,,118,128,19,37,98,4,70,64,17,5
117955,Derek Lowe,ATL,NL,SP,10,10,,176,195,15,54,108,3,90,83,34,0
118158,Ron Mahay,,,RP,3,3,,57,56,7,27,45,2,31,29,0,57
118377,Pedro Martinez,,,SP,3,5,,73,81,11,26,56,4,46,42,9,0
119125,Trever Miller,SLN,NL,RP,3,2,,42,36,4,17,41,3,19,17,0,70
119154,Kevin Millwood,BAL,AL,SP,9,11,,178,196,21,64,112,8,102,94,31,0
119215,Brian Moehler,HOU,NL,SP,6,11,,152,177,20,49,84,4,94,86,29,0
119469,Jamie Moyer,PHI,NL,SP,9,10,,166,186,26,55,95,8,101,93,25,5
119984,Darren Oliver,TEX,AL,RP,4,3,,62,57,5,21,48,3,26,24,1,62
120221,ChanHo Park,NYA,AL,RP,3,3,,58,59,7,23,47,3,31,29,7,38
120401,Troy Percival,,,RP,1,2,,29,28,4,14,22,1,16,15,0,14
120485,Andy Pettitte,NYA,AL,SP,12,9,,183,197,19,66,131,4,96,88,32,0
121096,Dennys Reyes,SLN,NL,RP,3,2,,40,37,3,19,32,2,18,17,0,75
121125,Arthur Rhodes,CIN,NL,RP,2,2,,38,31,3,16,34,1,15,14,0,66
121250,Mariano Rivera,NYA,AL,RP,5,2,39,62,51,6,14,61,2,23,21,0,66
121556,Glendon Rusch,,,RP,2,2,,39,41,4,13,25,1,20,18,0,11
121834,Jason Schmidt,,,SP,2,3,,49,55,6,24,31,3,33,30,4,0
121955,Rudy Seanez,LAA,AL,RP,2,2,,37,39,4,18,24,1,21,19,,
122195,Brian Shouse,BOS,AL,RP,2,2,,38,41,4,13,23,2,21,19,0,45
122477,John Smoltz,,,SP,6,7,,112,121,14,33,94,3,62,57,15,0
122620,Russ Springer,,,RP,3,3,,53,48,6,19,47,2,25,23,0,74
122915,Tanyon Sturtze,LAN,NL,RP,1,2,,21,23,3,12,15,0,15,14,,
122987,Jeff Suppan,MIL,NL,SP,7,12,,169,202,23,70,86,8,111,102,30,0
123118,Julian Tavarez,,,RP,2,3,,46,48,4,23,35,2,26,24,0,42
123348,Mike Timlin,COL,NL,RP,2,2,,35,39,5,14,22,1,22,20,,
123387,Brett Tomko,,,RP,3,3,,48,48,6,16,38,1,25,23,6,15
123725,Ron Villone,WAS,NL,RP,3,3,,53,53,6,30,37,3,31,29,0,63
123790,Billy Wagner,ATL,NL,RP,3,1,25,37,29,3,14,43,1,14,13,0,17
123801,Tim Wakefield,BOS,AL,SP,8,9,,151,162,19,59,86,10,88,81,21,0
123828,Jamie Walker,,,RP,1,2,,30,33,5,9,20,1,18,17,0,22
124000,Dave Weathers,,,RP,3,4,,62,63,6,28,36,3,34,31,0,68
124604,Jamey Wright,CLE,AL,RP,4,3,,67,63,5,32,50,5,31,29,0,65
124805,B.J. Ryan,,,RP,2,2,,33,31,3,19,27,2,17,16,0,25
131702,Braden Looper,,,SP,8,11,,171,202,27,53,83,6,108,99,34,0
132220,Jarrod Washburn,,,SP,9,10,,167,178,22,55,98,6,93,86,28,0
132241,Bryan Corey,TEX,AL,RP,3,4,,59,65,8,18,34,3,34,31,,
132260,Sidney Ponson,,,SP,5,7,,108,125,12,41,56,4,63,58,9,5
132980,Eric Milton,,,SP,3,4,,62,67,7,20,43,2,35,32,5,0
133221,Justin Speier,COL,NL,RP,2,3,,46,44,7,18,40,3,26,24,0,41
133225,Ryan Dempster,CHN,NL,SP,10,10,,179,180,18,66,154,6,89,82,31,0
133340,Orlando Hernandez,TEX,AL,SP,3,5,,70,75,13,34,51,3,46,42,,
133460,Russ Ortiz,LAN,NL,SP,4,6,,94,103,10,49,60,5,57,52,13,10
133982,Bobby Howry,ARI,NL,RP,3,4,,61,65,8,20,45,2,35,32,0,63
134268,Kerry Wood,CLE,AL,RP,3,2,25,50,43,4,21,50,3,22,20,0,58
134280,John Halama,MIL,NL,SP,3,6,,85,103,15,35,44,3,59,54,,
134320,Javier Vazquez,NYA,AL,SP,14,8,,195,187,23,50,182,5,90,83,32,0
134321,Carl Pavano,MIN,AL,SP,7,6,,116,129,15,27,80,5,63,58,33,0
136262,Jeremy Powell,PIT,NL,RP,1,3,,39,43,5,14,24,2,24,22,,
136263,Tim Byrdak,HOU,NL,RP,3,4,,59,53,8,31,56,2,32,29,0,76
136268,Chad Bradford,,,RP,2,2,,41,45,3,12,20,2,21,19,0,20
136422,Chris Michalak,TOR,AL,RP,1,2,,30,36,6,15,15,2,23,21,,
136600,Bruce Chen,KCA,AL,SP,4,7,,102,111,15,40,69,5,61,56,9,8
136727,Vladimir Nunez,,,RP,3,4,,63,61,7,33,49,2,34,31,0,1
136734,Octavio Dotel,PIT,NL,RP,3,3,22,53,43,6,25,63,2,24,22,0,62
136880,Roy Halladay,PHI,NL,SP,16,8,,218,207,18,40,190,6,85,78,32,0
150003,Seth Etherton,LAN,NL,SP,5,7,,105,121,19,35,72,4,66,61,,
150009,Ramon Ortiz,LAN,NL,RP,3,3,,54,53,5,17,39,2,26,24,,
150011,Scott Schoeneweis,MIL,NL,RP,2,3,,41,44,6,19,24,2,25,23,0,45
150035,Kyle Farnsworth,KCA,AL,RP,2,3,,49,48,6,20,43,1,25,23,0,41
150063,Wade Miller,TOR,AL,SP,2,4,,50,58,8,26,35,2,36,33,,
150116,Randy Wolf,MIL,NL,SP,9,9,,164,164,19,58,129,7,84,77,34,0
150118,Brian Fuentes,LAA,AL,RP,4,2,23,56,47,5,22,49,4,24,22,0,65
150119,Freddy Garcia,CHA,AL,SP,3,4,,63,69,9,21,42,2,35,32,9,0
150122,Damaso Marte,NYA,AL,RP,3,2,,37,34,4,16,32,1,18,17,0,21
150128,Denny Stark,SEA,AL,RP,2,3,,43,43,5,25,27,3,25,23,0,9
150144,Bobby Seay,DET,AL,RP,3,2,,48,45,4,18,38,2,22,20,0,67
150153,Nelson Figueroa,NYN,NL,SP,8,9,,156,161,18,56,120,8,83,76,10,6
150159,Stephen Randolph,LAN,NL,RP,2,2,,42,34,5,30,51,1,21,19,,
150182,Scott Williamson,DET,AL,RP,1,1,,20,22,3,9,15,1,13,12,,
150185,Dave Borkowski,PHI,NL,RP,3,3,,50,52,7,19,32,2,28,26,,
150188,Francisco Cordero,CIN,NL,RP,4,3,33,64,49,5,28,58,1,24,22,0,68
150203,Chris George,BAL,AL,RP,2,3,,39,43,6,17,24,2,25,23,,
150204,Jeremy Hill,LAA,AL,RP,2,2,,39,42,5,19,29,1,24,22,,
150208,Ken Ray,CLE,AL,RP,2,3,,38,42,6,18,25,2,25,23,,
150211,Brian Buchanan,KCA,AL,OF,1,2,,24,30,4,12,12,1,18,17,,
150219,Matt Kinney,SFN,NL,SP,5,10,,128,142,24,44,97,4,82,75,,
150221,Mike Lincoln,CIN,NL,RP,1,3,,37,38,6,18,24,3,23,21,0,19
150249,Kris Benson,,,SP,3,6,,82,97,13,33,47,4,56,52,2,6
150274,Joe Nathan,MIN,AL,RP,5,2,37,64,46,5,20,70,2,21,19,0,70
150277,Doug Davis,MIL,NL,SP,8,10,,167,179,18,81,116,4,95,87,34,0
150284,Brandon Knight,NYN,NL,SP,4,5,,76,80,11,30,62,2,42,39,,
150302,Jason Marquis,WAS,NL,SP,8,11,,178,193,15,74,98,7,99,91,33,0
150305,Damian Moss,COL,NL,RP,3,3,,51,54,6,31,38,2,31,29,,
150319,Josh Fogg,NYN,NL,SP,5,9,,125,143,20,50,66,6,82,75,1,23
150337,Kip Wells,CIN,NL,RP,3,3,,57,57,6,29,43,3,32,29,7,26
150359,A.J. Burnett,NYA,AL,SP,11,9,,180,177,21,80,173,9,96,88,33,0
150373,Michael Tejera,CLE,AL,RP,2,2,,36,40,5,18,19,2,23,21,,
150382,Matt Herges,KCA,AL,RP,3,3,,60,60,6,22,41,2,31,29,0,30
150393,Tony Armas,ATL,NL,SP,4,6,,87,96,14,32,60,3,54,50,,
150404,Ted Lilly,CHN,NL,SP,10,10,,173,172,24,49,149,4,88,81,27,0
150407,Guillermo Mota,SFN,NL,RP,3,3,,57,58,6,24,37,3,31,29,0,61
150414,Jake Westbrook,CLE,AL,SP,4,4,,78,85,8,30,46,3,41,38,,
150430,Luis Vizcaino,,,RP,2,2,,39,37,5,20,33,1,22,20,0,15
150438,Rodrigo Lopez,ARI,NL,SP,5,6,,99,117,13,29,59,2,59,54,5,2
150469,John Bale,,,RP,2,2,,33,35,3,14,24,1,18,17,0,43
150474,Gary Glover,,,RP,2,2,,44,45,6,16,30,1,23,21,,
207267,Brad Penny,SLN,NL,SP,9,9,,159,165,15,56,100,5,79,73,30,0
211041,Ryan Franklin,SLN,NL,RP,4,3,30,66,62,6,23,43,2,30,28,0,62
213680,Mike MacDougal,,,RP,3,3,,55,54,4,34,41,3,30,28,0,57
213711,Jeff Weaver,LAN,NL,RP,3,3,,49,50,6,17,35,2,26,24,7,21
215197,Matt Ginter,HOU,NL,RP,2,3,,46,49,6,15,31,2,26,24,,
216897,Kyle Snyder,NYN,NL,RP,2,2,,43,43,5,17,32,2,23,21,,
217096,Barry Zito,SFN,NL,SP,7,12,,171,173,19,82,126,6,95,87,33,0
218596,Tim Hudson,ATL,NL,SP,7,6,,114,123,8,34,71,3,54,50,7,0
218894,Vicente Padilla,LAN,NL,SP,8,9,,155,166,19,62,108,10,88,81,25,1
219194,Gil Meche,KCA,AL,SP,8,11,,165,177,17,64,125,2,89,82,23,0
219594,Tomo Ohka,,,SP,5,9,,123,147,24,39,63,4,83,76,6,12
228594,David Riske,MIL,NL,RP,2,2,,37,35,4,17,28,1,18,17,0,1
232994,Scott Strickland,COL,NL,RP,2,3,,44,41,6,24,48,2,25,23,,
234194,Buddy Carlyle,,,RP,3,2,,43,42,5,15,35,1,21,19,0,17
235095,Dan Wheeler,TBA,AL,RP,4,3,,60,54,9,18,48,1,29,27,0,69
239795,Chad Durbin,PHI,NL,RP,4,3,,69,62,7,32,53,4,33,30,0,59
240694,J.C. Romero,PHI,NL,RP,2,2,,36,32,3,22,29,2,17,16,0,21
275700,Winston Abreu,TBA,AL,RP,3,2,,46,37,5,19,48,1,19,17,0,5
275933,Scott Downs,TOR,AL,RP,3,2,9,49,47,4,18,42,2,23,21,0,48
276056,Danys Baez,PHI,NL,RP,3,2,,48,47,6,18,33,3,25,23,0,59
276336,Shawn Chacon,OAK,AL,RP,2,2,,41,39,5,21,26,2,22,20,,
276351,Jason Grilli,CLE,AL,RP,4,3,,61,56,4,31,53,2,29,27,0,52
276371,Johan Santana,NYN,NL,SP,11,9,,183,172,22,53,165,4,86,79,25,0
276373,Marty McLeary,TOR,AL,SP,3,6,,77,91,14,39,47,2,56,52,,
276514,Kevin Gregg,TOR,AL,RP,4,3,15,67,58,7,31,57,4,32,29,0,72
276520,Bronson Arroyo,CIN,NL,SP,9,12,,187,190,27,62,122,8,100,92,33,0
276530,Scott Linebrink,CHA,AL,RP,3,3,,52,52,8,19,42,2,28,26,0,57
276912,Scot Shields,LAA,AL,RP,3,2,,41,39,4,20,35,1,20,18,0,20
276913,Derrick Turnbow,FLO,NL,RP,1,2,,27,25,2,22,22,1,16,15,,
276914,Cedrick Bowers,OAK,AL,RP,3,3,,49,44,5,34,41,2,26,24,,
277405,Justin Miller,LAN,NL,RP,3,3,,51,48,6,23,42,1,26,24,0,44
277414,Chris Gissell,COL,NL,SP,3,5,,70,75,10,25,43,4,41,38,,
277417,Josh Beckett,BOS,AL,SP,13,8,,187,184,20,46,174,7,87,80,32,0
279561,Steve Green,PHI,NL,RP,2,2,,43,42,6,24,36,1,25,23,,
279571,Matt Belisle,COL,NL,RP,4,3,,62,66,7,16,44,2,32,29,0,24
279782,Jon Garland,SDN,NL,SP,10,11,,186,210,20,56,94,6,103,95,33,0
279824,Mark Buehrle,CHA,AL,SP,11,11,,192,210,22,47,105,5,96,88,33,0
282332,C.C. Sabathia,NYA,AL,SP,15,7,,205,197,19,50,177,7,87,80,34,0
282562,Adam Pettyjohn,NYN,NL,SP,5,10,,136,169,26,47,71,7,97,89,,
282567,Claudio Vargas,MIL,NL,RP,3,3,,48,46,6,18,40,1,24,22,0,36
282656,Ben Sheets,OAK,AL,SP,7,6,,114,117,12,31,81,1,56,52,,
283166,Mike Gonzalez,BAL,AL,RP,3,2,23,49,42,5,20,46,3,22,20,0,80
284566,Adam Eaton,,,SP,6,9,,139,161,21,56,82,7,89,82,8,4
285075,Jason Standridge,PHI,NL,RP,2,1,,27,26,2,15,21,1,14,13,,
285079,R.A. Dickey,NYN,NL,RP,4,4,,66,67,7,27,43,2,34,31,1,34
329092,Randy Choate,TBA,AL,RP,3,2,,47,46,5,20,33,1,24,22,0,61
334492,Joel Pineiro,LAA,AL,SP,9,10,,169,195,18,35,86,5,89,82,32,0
346793,Jeremy Affeldt,SFN,NL,RP,4,3,,62,55,4,27,55,3,26,24,0,74
346797,Grant Balfour,TBA,AL,RP,5,3,,67,52,6,32,71,2,27,25,0,73
346798,Kyle Lohse,SLN,NL,SP,9,9,,156,164,17,48,97,5,81,75,22,1
346799,Juan Rincon,COL,NL,RP,3,3,,52,51,6,26,46,3,29,27,0,33
346800,Saul Rivera,CLE,AL,RP,4,4,,72,77,5,34,42,3,39,36,0,30
346847,Joe Beimel,,,RP,3,3,,52,51,3,20,31,2,24,22,0,71
346848,John Grabow,CHN,NL,RP,3,4,,63,59,7,31,52,2,33,30,0,75
346855,Brandon Duckworth,PHI,NL,SP,4,9,,124,147,17,56,68,5,83,76,,
346862,Blaine Neal,CLE,AL,RP,1,2,,31,35,5,16,20,1,21,19,,
346869,Josh Towers,LAN,NL,SP,5,8,,119,141,19,38,74,7,77,71,0,2
346871,Aaron Cook,COL,NL,SP,10,9,,172,201,16,49,82,4,92,85,27,0
349193,Will Ohman,BAL,NL,RP,2,2,,33,32,3,15,26,1,17,16,0,21
400008,Gary Majewski,HOU,NL,RP,3,4,,58,62,7,21,38,2,31,29,,
400010,Jon Rauch,MIN,AL,RP,4,3,,66,65,7,19,47,1,32,29,0,75
400056,Carlos Hernandez,TBA,AL,SP,4,5,,79,83,11,36,48,4,47,43,,
400058,Brad Lidge,PHI,NL,RP,4,3,27,62,52,7,30,64,3,29,27,0,67
400061,Roy Oswalt,HOU,NL,SP,10,11,,189,192,19,50,143,8,90,83,30,0
400062,Tim Redding,COL,NL,SP,7,10,,152,170,22,60,90,5,93,86,17,13
400063,Dave Williams,WAS,NL,RP,1,2,,33,36,6,14,23,2,22,20,,
400066,Franklin Nunez,COL,NL,RP,1,1,,23,25,3,13,16,1,14,13,,
400067,Carlos Silva,CHN,NL,SP,5,7,,107,131,14,26,52,4,65,60,6,2
400076,Shane Loux,HOU,NL,SP,5,7,,109,129,13,40,50,5,66,61,6,12
400089,Rafael Soriano,TBA,AL,RP,4,2,30,52,41,6,19,54,1,21,19,0,77
400093,Duaner Sanchez,,,RP,2,2,,35,36,4,14,22,2,19,17,0,13
400104,Tyler Walker,WAS,NL,RP,3,2,,47,44,6,16,38,2,23,21,0,32
400125,Jesus Colome,SEA,AL,RP,3,3,,49,48,5,21,35,2,26,24,0,21
400130,Scott Chiasson,BAL,AL,RP,1,2,,21,25,4,10,15,1,17,16,,
400141,Horacio Ramirez,SFN,NL,RP,2,3,,49,55,6,17,23,1,28,26,1,18
400147,Brian Lawrence,FLO,NL,SP,4,6,,94,113,12,29,50,5,59,54,,
400291,Dustin Moseley,,,SP,5,7,,109,123,16,35,71,4,63,58,3,0
406301,Chad Paronto,BOS,AL,RP,3,3,,54,53,5,19,39,2,25,23,0,6
406402,Jorge Julio,,,RP,2,3,,48,47,5,28,42,3,27,25,0,15
406874,Joe Nelson,BOS,AL,RP,3,3,,51,48,7,26,47,2,29,27,0,42
407113,Justin Duchscherer,OAK,AL,SP,5,4,,78,75,8,24,52,4,36,33,,
407154,Casey Fossum,,,RP,3,3,,59,55,7,24,51,4,29,27,0,3
407193,Brandon Lyon,HOU,NL,RP,4,3,15,64,59,6,21,51,1,28,26,0,65
407296,Carlos Zambrano,CHN,NL,SP,10,10,,181,181,17,76,149,9,93,86,28,0
407297,Juan Cruz,KCA,AL,RP,2,3,,47,43,5,25,43,2,24,22,0,46
407298,Jason Jennings,,,RP,2,2,,39,41,5,17,28,1,23,21,0,44
407377,Mike Koplove,SEA,AL,RP,2,4,,53,50,6,24,40,3,29,27,,
407757,Nate Field,FLO,NL,RP,2,3,,45,42,7,24,45,1,26,24,,
407783,Geoff Geary,TEX,AL,RP,3,3,,60,62,6,24,36,3,32,29,0,16
407791,Brendan Donnelly,PIT,NL,RP,2,2,,33,31,3,13,25,2,16,15,0,30
407793,John Lackey,BOS,AL,SP,12,9,,185,188,20,51,141,10,90,83,27,0
407795,John Ennis,PHI,NL,RP,2,2,,40,39,6,15,35,2,21,19,,
407816,J.J. Putz,CHA,AL,RP,2,2,,37,35,4,17,31,1,19,17,0,29
407819,Matt Thornton,CHA,AL,RP,4,3,4,59,51,5,21,63,2,24,22,0,70
407822,Jorge delaRosa,COL,NL,SP,9,9,,162,162,19,67,156,7,85,78,32,1
407825,Matt Guerrier,MIN,AL,RP,4,4,,71,71,9,23,48,3,37,34,0,79
407829,Ron Chiavacci,DET,AL,SP,3,7,,97,119,19,44,58,4,71,65,,
407840,Brandon Backe,,,SP,4,6,,88,100,15,40,56,2,57,52,1,4
407842,Jose Veras,FLO,NL,RP,3,3,,51,46,6,24,48,4,26,24,0,47
407843,Andy VanHekken,HOU,NL,SP,4,7,,101,119,16,33,60,3,64,59,,
407845,Fernando Rodney,LAA,AL,RP,3,3,13,57,55,6,31,50,3,32,29,0,73
407853,Erik Bedard,SEA,AL,SP,7,5,,105,93,11,40,112,4,47,43,15,0
407860,Gustavo Chacin,HOU,NL,SP,3,6,,78,89,13,31,42,3,50,46,,
407878,Jose Valverde,DET,AL,RP,4,3,29,57,46,6,22,53,2,24,22,0,52
407884,Tyler Yates,PIT,NL,RP,2,2,,44,42,4,22,35,2,23,21,0,15
407890,Colby Lewis,TEX,AL,SP,10,8,,168,164,20,38,150,10,80,74,,
407896,Billy Traber,BOS,AL,RP,3,3,,52,59,6,18,26,3,31,29,0,1
407901,Jorge Sosa,BOS,AL,RP,3,3,,52,51,6,22,42,1,27,25,0,18
407908,Joel Peralta,WAS,NL,RP,4,4,,67,63,9,23,54,2,33,30,0,27
407911,Frank Francisco,TEX,AL,RP,4,2,27,56,45,5,23,60,1,23,21,0,51
407924,Manny Acosta,ATL,NL,RP,3,3,,57,55,6,28,45,2,29,27,0,36
408052,Chris Bootcheck,,,RP,4,3,,60,56,5,24,54,2,28,26,0,13
408057,Bobby Jenks,CHA,AL,RP,3,2,29,52,46,5,15,40,1,21,19,0,52
408061,Francisco Rodriguez,NYN,NL,RP,5,2,32,64,45,5,30,70,2,23,21,0,70
408069,Erick Threets,CHA,AL,RP,2,3,,40,41,5,23,26,2,24,22,,
408072,Jason Bulger,LAA,AL,RP,4,2,,57,47,5,27,63,2,23,21,0,64
408077,Lindsay Gulin,MIL,NL,SP,5,9,,129,136,20,78,90,6,86,79,,
408206,Brett Myers,HOU,NL,SP,6,8,,125,135,20,43,98,5,74,68,10,8
408230,Pedro Feliciano,NYN,NL,RP,3,3,,50,46,5,21,46,2,24,22,0,88
408241,Jake Peavy,CHA,AL,SP,8,8,,145,139,16,49,130,4,69,63,16,0
408297,Kenny Baugh,HOU,NL,SP,2,6,,70,82,12,40,42,4,52,48,,
408304,Jon Switzer,HOU,NL,RP,3,3,,54,54,7,20,43,4,29,27,0,4
408310,Aaron Heilman,CHN,NL,RP,3,4,,67,67,8,31,57,4,38,35,0,70
420864,Randy Flores,COL,NL,RP,3,3,,47,49,4,19,38,2,26,24,0,27
421685,Aaron Harang,CIN,NL,SP,9,11,,182,178,27,49,150,4,90,83,26,0
424144,Oliver Perez,NYN,NL,SP,6,8,,128,122,18,71,118,6,75,69,14,0
424164,Kirk Saarloos,CLE,AL,RP,2,3,,50,57,7,19,28,2,31,29,,
424324,Cliff Lee,SEA,AL,SP,12,10,,197,190,16,45,148,6,83,76,34,0
424805,Mark Hendrickson,BAL,AL,SP,7,10,,158,182,22,53,92,4,97,89,11,42
424925,Clay Condrey,MIN,AL,RP,3,3,,55,59,5,19,30,2,29,27,0,45
425146,Nate Robertson,DET,AL,SP,6,9,,141,161,19,56,91,3,86,79,6,22
425186,Jason Davis,PIT,NL,RP,2,3,,51,53,4,25,27,5,28,26,,
425226,Brian Tallet,TOR,AL,RP,4,3,,67,63,6,29,55,3,33,30,25,12
425386,Jeremy Guthrie,BAL,AL,SP,9,11,,184,193,28,57,107,7,102,94,33,0
425406,Josh Hall,SEA,AL,RP,1,2,,31,34,4,16,16,1,19,17,,
425426,Chien-Ming Wang,WAS,NL,SP,6,5,,103,109,7,36,62,4,49,45,9,3
425427,Jason Anderson,PHI,NL,RP,3,3,,58,60,9,23,37,2,33,30,,
425466,Willie Eyre,TEX,AL,RP,3,2,,42,41,4,17,27,1,20,18,0,17
425471,Jimmy Gobble,COL,NL,RP,2,2,,32,30,4,15,30,2,17,16,0,12
425487,Todd Wellemeyer,SFN,NL,SP,6,9,,141,157,21,60,90,5,88,81,21,7
425492,Ryan Madson,PHI,NL,RP,5,3,1,70,63,6,21,61,2,28,26,0,79
425507,Fernando Cabrera,BOS,AL,RP,3,3,,48,46,6,23,41,1,26,24,0,6
425514,Heath Bell,SDN,NL,RP,5,3,34,68,54,4,25,68,2,23,21,0,68
425528,Seth McClung,FLO,NL,RP,3,3,,54,51,6,28,41,2,28,26,2,39
425530,Brian Stokes,LAA,AL,RP,4,4,,69,69,7,29,47,2,36,33,0,69
425531,Doug Waechter,,,RP,2,2,,35,37,4,11,22,1,19,17,0,5
425532,Jerome Williams,OAK,AL,RP,2,3,,40,42,6,17,21,3,23,21,,
425539,Hong-Chih Kuo,LAN,NL,RP,3,2,,39,32,3,14,43,2,15,14,0,35
425546,Nate Bump,PHI,NL,SP,3,4,,60,69,9,22,29,4,37,34,,
425555,Daniel Cabrera,CHA,AL,SP,6,9,,132,144,15,68,83,10,82,75,9,6
425561,Chris Waters,MIL,NL,SP,6,11,,150,165,26,77,96,9,102,94,1,4
425562,Vinnie Chulk,PIT,NL,RP,2,2,,38,37,4,15,24,1,19,17,0,8
425606,Kiko Calero,,,RP,3,2,,46,40,4,24,43,1,21,19,0,67
425628,Greg Aquino,CHA,AL,RP,2,3,,38,38,5,21,29,1,23,21,0,10
425630,Brandon Webb,ARI,NL,SP,8,7,,128,133,9,42,101,6,62,57,1,0
425646,Luis Ayala,LAN,NL,RP,3,3,,51,52,6,18,38,3,27,25,0,38
425647,D.J. Carrasco,PIT,NL,RP,3,3,,59,60,5,22,41,3,29,27,1,48
425652,Jerome Gamble,ATL,NL,RP,2,3,,40,42,6,23,32,2,26,24,,
425655,John Koronka,LAN,NL,SP,5,9,,124,149,18,59,71,4,87,80,2,0
425656,Wilfredo Ledezma,WAS,NL,RP,2,3,,45,42,4,23,40,2,23,21,0,5
425657,Javier Lopez,PIT,NL,RP,2,3,,48,49,4,21,30,3,24,22,0,14
425747,Jose Contreras,PHI,NL,SP,8,9,,160,171,15,61,114,8,88,81,23,5
425768,Angel Guzman,CHN,NL,RP,2,2,,37,34,4,13,32,1,17,16,0,55
425778,Matt Hensley,TOR,AL,RP,1,1,,24,26,4,10,15,1,14,13,,
425787,Tim Hamulack,KCA,AL,RP,2,3,,39,43,5,15,25,1,22,20,,
425794,Adam Wainwright,SLN,NL,SP,11,9,,180,175,14,52,148,4,80,74,34,0
425817,Jesse Foppert,FLO,NL,RP,1,2,,23,24,4,17,16,1,16,15,,
425826,Giancarlo Alvarado,LAN,NL,SP,6,7,,123,120,17,60,120,5,70,64,,
425827,Jeremy Bonderman,DET,AL,SP,4,6,,90,102,13,32,59,3,55,51,1,7
425830,Preston Larrison,WAS,NL,RP,2,3,,41,45,5,20,23,2,25,23,,
425840,Neal Cotts,PIT,NL,RP,2,2,,38,36,4,18,33,2,20,18,0,19
425843,Ruddy Lugo,DET,AL,RP,3,4,,60,62,7,28,35,3,34,31,,
425844,Zack Greinke,KCA,AL,SP,12,9,,192,180,15,49,188,4,77,71,33,0
425847,Clint Everts,NYN,NL,RP,2,3,,49,49,7,29,43,4,31,29,,
425848,Rich Harden,TEX,AL,SP,8,7,,131,117,17,57,139,5,65,60,26,0
425856,Gavin Floyd,CHA,AL,SP,10,11,,185,187,25,61,145,6,97,89,30,0
425860,Bryan Bullington,KCA,AL,SP,4,8,,113,134,15,41,73,5,72,66,0,4
425861,Shawn Camp,TOR,AL,RP,3,3,,56,56,5,20,42,3,27,25,0,59
425883,Dontrelle Willis,DET,AL,SP,4,7,,100,113,14,55,57,5,67,62,7,0
425899,Charlie Manning,SLN,NL,RP,3,3,,51,46,5,26,43,1,25,23,,
428420,Mike Gosling,CLE,AL,RP,3,3,,60,62,7,25,46,2,32,29,0,15
429440,Edgar Gonzalez,,,RP,3,3,,48,48,5,17,33,3,24,22,6,20
429714,Denny Bautista,SFN,NL,RP,4,3,,61,57,5,33,52,3,30,28,0,14
429715,Travis Blackley,NYN,NL,SP,6,9,,138,154,22,60,101,7,88,81,,
429716,J.D. Durbin,LAN,NL,RP,3,3,,56,57,7,29,41,2,33,30,,
429717,Danny Haren,ARI,NL,SP,12,9,,196,189,21,40,188,4,87,80,33,0
429718,Shawn Hill,TOR,AL,SP,4,4,,70,79,7,21,41,3,39,36,3,0
429719,Edwin Jackson,ARI,NL,SP,10,10,,178,185,22,68,141,4,94,86,33,0
429720,John Maine,NYN,NL,SP,7,7,,123,120,15,53,101,4,66,61,15,0
429721,Royce Ring,NYA,AL,RP,3,2,,43,41,4,19,35,2,21,19,,
429722,Ervin Santana,LAA,AL,SP,10,10,,173,181,25,51,143,9,95,87,23,1
429723,Merkin Valdez,TOR,AL,RP,2,2,,34,33,3,15,26,1,17,16,0,48
429724,John VanBenschoten,CHA,AL,SP,4,8,,107,125,18,56,69,7,78,72,,
429780,Chris Narveson,MIL,NL,RP,3,3,,56,51,7,23,54,2,28,26,4,17
429781,Kevin Correia,SDN,NL,SP,8,10,,164,164,16,56,116,4,80,74,33,0
429783,Rafael Betancourt,COL,NL,RP,4,3,,63,55,7,20,61,1,27,25,0,61
429842,Ryan Wagner,WAS,NL,RP,1,2,,25,26,3,13,17,1,15,14,,
429901,Sergio Mitre,NYA,AL,SP,6,5,,101,119,12,26,58,6,60,55,9,3
429981,Roy Corcoran,,,RP,3,3,,53,55,3,28,31,2,28,26,0,16
429985,Chad Gaudin,NYA,AL,SP,10,8,,162,170,20,72,128,7,93,86,25,6
430061,Mike Wood,TEX,AL,SP,5,6,,100,117,14,37,47,7,63,58,,
430083,Brian Sanches,FLO,NL,RP,3,3,,57,53,7,23,56,3,29,27,0,47
430579,Elizardo Ramirez,TEX,AL,SP,5,10,,135,165,26,42,63,7,95,87,,
430580,Alfredo Simon,BAL,AL,SP,2,5,,65,80,15,25,37,3,49,45,2,0
430582,Brian Wolfe,TOR,AL,RP,3,3,,51,54,6,16,31,2,27,25,0,14
430586,Ezequiel Astacio,CHN,NL,RP,1,2,,29,31,5,13,24,1,18,17,,
430588,Fernando Nieve,NYN,NL,RP,2,2,,40,38,5,17,34,1,20,18,7,1
430589,Chad Qualls,ARI,NL,RP,4,3,29,57,56,5,15,49,2,25,23,0,51
430594,Renyel Pinto,FLO,NL,RP,4,3,,60,53,6,34,54,3,29,27,0,73
430595,Carlos Vasquez,FLO,NL,RP,2,3,,39,41,5,26,31,2,26,24,,
430597,Phil Dumatrait,DET,AL,SP,3,6,,80,92,12,37,42,3,53,49,0,15
430599,Joe Blanton,PHI,NL,SP,12,9,,189,194,22,52,139,6,94,86,31,0
430606,Mike Adams,SDN,NL,RP,3,2,,47,37,4,16,50,1,17,16,0,37
430608,Ben Hendrickson,MIN,AL,SP,5,7,,105,125,14,47,49,8,71,65,,
430610,Dennis Sarfate,BAL,AL,RP,3,3,,51,45,6,28,46,3,26,24,0,20
430613,Ronald Belisario,LAN,NL,RP,3,3,,60,59,7,27,50,4,33,30,0,69
430616,Lincoln Holdzkom,PIT,NL,RP,2,3,,40,42,4,23,24,3,24,22,,
430617,Scott Dohmann,LAN,NL,RP,2,2,,43,43,5,17,35,1,22,20,,
430618,Justin Hampson,OAK,AL,RP,3,2,,39,36,3,13,25,1,16,15,,
430629,Joel Hanrahan,PIT,NL,RP,3,4,,63,57,6,30,62,2,30,28,0,67
430630,Jason Frasor,TOR,AL,RP,3,2,15,51,45,4,21,47,2,22,20,0,61
430634,Sean Burnett,WAS,NL,RP,3,3,,56,52,6,28,41,2,28,26,0,71
430635,Mike Johnston,CHA,AL,RP,1,2,,21,26,4,12,12,1,17,16,,
430636,Ian Snell,SEA,AL,SP,8,11,,174,175,18,82,124,4,92,85,27,0
430638,Roman Colon,KCA,AL,RP,3,4,,58,63,7,23,35,2,33,30,0,43
430641,Blaine Boyer,ARI,NL,RP,3,3,,52,55,5,22,37,3,29,27,0,48
430642,Jose Capellan,HOU,NL,RP,2,3,,44,44,6,19,34,1,24,22,,
430646,Jake Woods,PHI,NL,RP,4,3,,60,60,9,23,40,2,32,29,,
430648,Mariano Gomez,ATL,NL,RP,3,3,,56,59,7,25,33,2,32,29,,
430650,Edwin Moreno,BOS,AL,RP,3,3,,52,55,8,26,36,3,33,30,0,19
430651,Nick Regilio,DET,AL,RP,2,2,,37,37,5,21,25,1,21,19,,
430654,Brian Bass,PIT,NL,RP,3,4,,64,67,7,25,41,3,34,31,0,48
430657,ChaSeung Baek,,,SP,4,6,,93,104,13,28,57,3,55,51,,
430663,Brian Bruney,WAS,NL,RP,2,2,,39,34,4,21,36,2,19,17,0,44
430664,Casey Daigle,HOU,NL,RP,2,4,,54,56,8,22,46,2,32,29,,
430665,Brandon Medders,SFN,NL,RP,3,4,,64,62,7,30,48,3,34,31,0,61
430667,Jerry Gil,CIN,NL,RP,1,3,,37,41,8,28,21,2,30,28,,
430670,Bob Keppel,MIN,AL,RP,4,4,,70,74,7,26,37,4,37,34,0,37
430673,Ramon Ramirez,BOS,AL,RP,4,3,,59,54,5,25,49,2,27,25,0,70
430675,Sean Henn,MIN,AL,RP,2,3,,44,44,5,22,38,1,25,23,0,20
430680,Justin Lehr,CIN,NL,SP,6,9,,134,141,21,46,70,4,74,68,11,0
430831,Jeff Bennett,TBA,AL,RP,3,3,,58,59,5,29,33,3,31,29,0,44
430837,Lenny DiNardo,OAK,AL,SP,8,9,,149,168,15,55,93,6,83,76,5,0
430884,Jesse Crain,MIN,AL,RP,3,3,,54,51,5,22,44,3,26,24,0,56
430889,Bill Murphy,,,RP,3,4,,61,60,7,34,53,3,34,31,0,8
430900,Michael Wuertz,OAK,AL,RP,5,3,,66,54,6,27,68,1,26,24,0,74
430904,Paul Maholm,PIT,NL,SP,10,11,,191,201,18,56,119,7,90,83,31,0
430911,David Aardsma,SEA,AL,RP,4,3,30,63,50,5,30,65,2,25,23,0,73
430912,Matt Cain,SFN,NL,SP,11,11,,190,177,18,69,157,5,85,78,33,0
430935,Cole Hamels,PHI,NL,SP,13,8,,192,184,25,45,165,4,88,81,32,0
430941,George Sherrill,LAN,NL,RP,4,2,1,52,42,4,23,55,2,22,20,0,72
430942,Randy Williams,CHA,AL,RP,2,3,,46,47,7,22,41,3,28,26,0,25
430950,Brian Gordon,PHI,NL,RP,3,3,,55,58,9,19,34,1,32,29,,
430962,Dustin Nippert,TEX,AL,RP,3,3,,54,50,6,22,43,2,26,24,10,10
430963,Tony Pena,SFN,NL,RP,4,4,,69,70,7,21,47,3,34,31,0,72
430968,Shingo Takatsu,SFN,NL,RP,1,2,,24,27,3,10,17,1,16,15,,
431146,Jason Childers,TBA,AL,RP,3,3,,55,57,8,22,36,1,32,29,,
431148,Scott Kazmir,LAA,AL,SP,10,9,,166,161,20,65,149,6,85,78,26,0
431149,Matt Peterson,FLO,NL,RP,2,3,,48,50,7,26,36,3,31,29,,
431155,William Glen,FLO,NL,SP,3,7,,91,107,15,54,58,2,68,63,,
431162,Tim Stauffer,SDN,NL,SP,5,7,,112,110,13,41,80,5,57,52,14,0
431164,Tyler Johnson,SEA,AL,RP,1,2,,22,23,3,9,16,1,14,13,,
431167,Larry Broadway,PIT,NL,1B,1,2,,22,27,4,10,16,2,19,17,,
432934,Chris Young,SDN,NL,SP,5,7,,104,93,12,49,84,3,52,48,14,0
433578,Lance Cormier,TBA,AL,RP,4,3,,60,61,6,22,33,1,30,28,0,53
433579,John Danks,CHA,AL,SP,9,10,,169,170,22,59,133,4,87,80,32,0
433581,Brad Thompson,KCA,AL,RP,2,4,,52,61,6,15,24,4,31,29,8,24
433584,Fausto Carmona,CLE,AL,SP,8,10,,162,178,16,69,98,10,92,85,24,0
433586,Santiago Casilla,SFN,NL,RP,3,3,,51,49,5,22,38,2,26,24,0,46
433587,Felix Hernandez,SEA,AL,SP,12,10,,200,182,16,63,183,6,80,74,34,0
433589,Yusmeiro Petit,SEA,AL,SP,6,9,,131,130,22,43,98,2,73,67,17,6
433657,Dave Bush,MIL,NL,SP,8,10,,160,171,24,49,112,12,92,85,21,1
433897,Sam Narron,DET,AL,SP,5,9,,124,157,21,43,59,4,87,80,,
434118,Carmen Cali,LAN,NL,RP,2,3,,43,45,5,20,34,3,26,24,,
434137,Logan Kensing,WAS,NL,RP,3,4,,57,57,8,26,46,2,33,30,0,32
434159,Dan Meyer,FLO,NL,RP,4,3,,64,58,7,29,61,2,31,29,0,71
434181,Brandon League,SEA,AL,RP,4,3,,61,54,5,22,53,4,26,24,0,67
434298,Todd Coffey,MIL,NL,RP,4,4,,69,68,8,22,55,3,33,30,0,78
434378,Justin Verlander,DET,AL,SP,12,10,,193,177,18,62,190,10,86,79,35,0
434438,Billy Buckner,ARI,NL,SP,9,10,,167,179,21,64,127,5,92,85,13,3
434442,J.P. Howell,TBA,AL,RP,5,3,4,69,57,7,27,72,3,29,27,0,69
434479,Mike Hinckley,BAL,AL,RP,3,4,,55,58,7,30,31,2,33,30,0,14
434482,Jesse Carlson,TOR,AL,RP,4,3,,63,61,7,21,50,3,31,29,0,73
434523,Mike Jones,MIL,NL,SP,3,7,,95,115,19,54,52,9,72,66,,
434524,Luis Pena,SEA,AL,RP,1,3,,35,35,4,22,24,2,21,19,,
434538,Francisco Liriano,MIN,AL,SP,8,7,,135,138,17,54,114,5,74,68,24,5
434561,Francisco Butto,PHI,NL,RP,1,2,,29,31,4,15,21,2,19,17,,
434564,Zack Segovia,NYA,AL,RP,3,4,,57,59,7,25,36,3,32,29,0,8
434565,Robinson Tejeda,KCA,AL,RP,3,3,,50,41,4,28,54,2,22,20,6,29
434578,Joe Saunders,LAA,AL,SP,10,10,,181,199,24,56,102,6,100,92,31,0
434579,Steven Shell,SEA,AL,RP,3,3,,53,49,7,19,39,2,26,24,0,4
434590,Yorman Bazardo,HOU,NL,SP,7,11,,161,180,25,59,95,8,96,88,6,4
434591,Randy Messenger,,,RP,4,4,,65,69,7,20,39,2,34,31,0,12
434594,Vince Perkins,CHN,NL,RP,2,4,,54,57,6,33,40,2,33,30,,
434619,Enrique Gonzalez,DET,AL,SP,6,10,,143,169,22,63,83,3,97,89,0,2
434622,Ubaldo Jimenez,COL,NL,SP,11,9,,177,170,14,79,158,9,86,79,33,0
434623,Juan Morillo,MIN,AL,RP,3,3,,58,53,6,41,54,2,32,29,0,3
434627,Ryan Speier,WAS,NL,RP,3,3,,50,48,4,21,33,2,23,21,0,5
434628,Jason Hammel,COL,NL,SP,8,9,,157,175,19,50,113,7,89,82,30,4
434629,Chris Seddon,SEA,AL,SP,5,10,,139,148,21,63,87,7,85,78,,
434637,Matt Lindstrom,HOU,NL,RP,3,3,15,54,51,4,21,41,2,24,22,0,54
434638,Brian Burres,PIT,NL,SP,6,9,,133,155,18,51,87,5,85,78,2,0
434639,Scott Munter,SDN,NL,RP,2,3,,53,61,6,23,28,2,34,31,,
434641,Juan Gutierrez,ARI,NL,RP,4,4,,64,64,6,26,52,3,33,30,0,65
434642,Mark McLemore,MIN,AL,RP,2,2,,39,37,4,17,28,2,20,18,,
434643,Wandy Rodriguez,HOU,NL,SP,9,10,,171,163,19,56,155,5,80,74,33,0
434663,Leo Nunez,FLO,NL,RP,3,3,20,54,50,7,19,47,3,27,25,0,75
434665,Nick Masset,CIN,NL,RP,4,3,,63,55,6,22,52,2,25,23,0,74
434666,Josh Rupe,KCA,AL,RP,2,3,,48,51,4,23,29,3,26,24,0,4
434668,Manny Delcarmen,BOS,AL,RP,4,3,,63,59,5,27,51,3,30,28,0,64
434669,Luis Mendoza,TEX,AL,SP,6,8,,126,146,14,53,70,9,80,74,0,1
434671,Anibal Sanchez,FLO,NL,SP,4,5,,89,92,10,44,74,4,52,48,16,0
434672,Chris Smith,MIL,NL,RP,3,4,,64,63,10,22,54,3,35,32,0,35
434678,Kyle Davies,KCA,AL,SP,7,11,,158,172,19,71,108,4,92,85,22,0
434679,Anthony Lerew,KCA,AL,SP,3,8,,102,124,16,50,55,4,74,68,2,1
434702,Ryan Ketchner,DET,AL,SP,3,6,,85,103,15,33,43,4,60,55,,
434718,Huston Street,COL,NL,RP,4,2,27,55,45,5,16,61,1,21,19,0,64
434879,Angel Garcia,OAK,AL,RP,2,2,,36,37,5,23,22,1,23,21,,
434884,Ryan Rowland-Smith,SEA,AL,SP,8,10,,160,160,18,54,98,6,81,75,15,0
434898,Tim Corcoran,LAN,NL,RP,2,3,,42,43,5,22,34,2,25,23,,
434958,Sean Green,NYN,NL,RP,4,4,,72,70,4,34,56,6,36,33,0,79
435039,Anthony Reyes,CLE,AL,SP,4,6,,90,96,12,38,56,5,53,49,8,0
435040,John Hudgins,SDN,NL,RP,1,2,,34,33,4,20,27,2,20,18,,
435043,Zach Duke,PIT,NL,SP,8,11,,173,200,19,42,85,4,93,86,32,0
435044,Scott Baker,MIN,AL,SP,12,9,,183,184,23,43,142,5,87,80,33,0
435045,Sergio Santos,CHA,AL,RP,1,2,,24,28,4,16,16,2,20,18,,
435058,Jonah Bayliss,TOR,AL,RP,2,3,,50,51,8,21,38,2,30,28,,
435080,Thomas Diamond,TEX,AL,RP,1,2,,31,32,5,22,23,2,22,20,,
435140,Hayden Penn,FLO,NL,SP,4,6,,92,101,15,44,77,2,60,55,1,15
435158,Keiichi Yabu,SFN,NL,RP,2,3,,39,39,4,21,26,3,23,21,,
435178,Josh Johnson,FLO,NL,SP,9,6,,130,128,10,40,117,3,57,52,33,0
435179,Scott Olsen,WAS,NL,SP,5,9,,125,140,20,47,77,2,78,72,11,0
435221,Brandon McCarthy,TEX,AL,SP,5,6,,95,100,12,37,65,3,54,50,17,0
435261,Zach Miner,DET,AL,RP,4,4,,67,67,6,27,44,2,33,30,5,46
435298,Jeff Niemann,TBA,AL,SP,9,8,,156,158,20,58,110,7,83,76,30,1
435378,Chad Orvella,KCA,AL,RP,1,3,,35,39,5,14,22,1,22,20,,
435400,Jason Motte,SLN,NL,RP,4,3,,61,53,7,24,64,2,28,26,0,69
435458,Travis Chick,LAA,AL,SP,5,8,,117,133,20,59,71,7,82,75,,
435498,Kenny Perez,COL,NL,1B,1,2,,27,32,5,11,14,1,18,17,,
435500,Dan Giese,OAK,AL,RP,3,2,,45,44,5,15,34,2,22,20,1,6
435538,Bill Bray,CIN,NL,RP,2,2,,36,29,3,14,38,1,14,13,,
435618,Jeremy Accardo,TOR,AL,RP,2,2,,42,42,4,17,32,2,22,20,0,26
435619,Pat Misch,SFN,NL,RP,3,4,,67,68,8,20,42,3,34,31,7,19
435620,Jack Taschner,,,RP,2,3,,44,46,5,24,31,2,27,25,0,24
435638,Zach Jackson,TOR,AL,SP,6,10,,146,179,22,56,83,10,102,94,1,2
435658,Jorge Campillo,KCA,AL,SP,5,8,,112,129,13,35,62,3,65,60,0,5
435679,Jon Huber,ATL,NL,RP,2,3,,43,45,6,13,34,1,23,21,,
441292,Felix Romero,SFN,NL,RP,3,4,,66,64,8,26,57,4,35,32,,
441368,Alberto Castillo,BAL,AL,RP,2,2,,29,28,3,11,21,3,15,14,0,20
441799,Brian Mazone,PHI,NL,SP,5,6,,100,113,19,31,59,3,62,57,,
442707,Mark DiFelice,MIL,NL,RP,4,2,,54,48,6,15,50,2,23,21,0,59
444126,Rafael Rodriguez,LAA,AL,RP,3,3,,56,62,7,20,30,2,32,29,0,18
444127,Warner Madrigal,TEX,AL,RP,3,3,,56,56,7,24,42,1,31,29,0,13
444354,Daryl Thompson,CIN,NL,SP,4,6,,88,93,17,32,55,3,54,50,,
444360,Daniel Davidson,LAA,AL,RP,2,2,,38,41,6,17,25,3,24,22,0,4
444370,Carlos Muniz,NYN,NL,RP,2,2,,41,40,6,17,31,2,23,21,,
444371,Jeff Karstens,PIT,NL,SP,5,8,,118,131,16,41,66,2,69,63,13,26
444382,Eddie Bonine,DET,AL,SP,6,9,,139,168,21,35,63,6,85,78,4,6
444418,Matt Wright,OAK,AL,SP,4,7,,100,113,17,39,52,4,64,59,,
444427,Kanekoa Texeira,SEA,AL,RP,2,4,,54,56,8,29,40,2,34,31,,
444434,Philippe-Alexandre Valiquette,CIN,NL,RP,1,3,,39,40,7,23,28,2,25,23,,
444436,Ryan Webb,SDN,NL,RP,3,4,,59,57,7,23,46,2,30,28,0,28
444444,Mitch Atkins,CHN,NL,SP,6,11,,146,165,31,58,114,9,102,94,0,2
444446,Collin Balester,WAS,NL,SP,6,10,,148,162,23,56,99,7,89,82,7,0
444468,Hector Rondon,CLE,AL,SP,6,9,,133,147,20,50,99,7,81,75,,
444474,Roque Mercedes,MIL,NL,RP,1,2,,32,33,5,20,28,1,21,19,,
444520,Craig Breslow,OAK,AL,RP,4,3,,59,50,5,23,45,2,24,22,0,77
444523,Ronnie Ray,SFN,NL,RP,2,4,,53,59,7,21,33,2,32,29,,
444524,Polin Trinidad,HOU,NL,SP,6,11,,151,171,31,49,98,4,99,91,,
444553,Aneury Rodriguez,TBA,AL,SP,6,10,,139,157,28,70,84,10,100,92,,
444836,Aaron Laffey,CLE,AL,SP,8,9,,152,173,14,59,81,7,86,79,19,6
444849,Jay Sborz,DET,AL,RP,1,2,,33,35,6,18,26,2,23,21,,
444857,Scott Feldman,TEX,AL,SP,9,9,,164,173,19,62,94,9,88,81,31,3
444864,Jimmy Barthmaier,PIT,NL,SP,3,6,,87,96,12,41,66,4,55,51,,
444865,Jason Hirsh,NYA,AL,SP,6,8,,122,145,24,52,66,3,88,81,,
444874,Juan Abreu,ATL,NL,RP,1,2,,29,30,5,22,28,1,22,20,,
444884,Chris Ray,TEX,AL,RP,2,2,,42,41,5,18,36,1,22,20,0,46
444970,James Parr,ATL,NL,SP,5,7,,104,112,16,38,74,3,61,56,0,8
445001,Bobby Cassevah,OAK,AL,RP,2,4,,58,63,7,36,30,3,38,35,,
445030,Adrian Alaniz,WAS,NL,SP,3,6,,84,95,16,50,55,2,60,55,,
445060,Ricky Nolasco,FLO,NL,SP,9,8,,160,160,21,39,153,3,80,74,31,0
445069,T.J. Burton,HOU,NL,RP,1,3,,40,48,8,19,24,2,30,28,,
445074,Jason Mackintosh,PHI,NL,RP,2,2,,36,39,6,14,24,2,23,21,,
445090,Bobby Korecky,LAA,AL,RP,3,3,,56,58,6,21,39,1,29,27,0,5
445104,Brad Salmon,LAA,AL,RP,3,4,,61,61,7,33,45,3,35,32,,
445153,Darin Downs,TBA,AL,RP,3,3,,54,56,8,26,38,2,33,30,,
445156,Sean Marshall,CHN,NL,RP,4,3,,59,57,6,20,49,2,28,26,9,46
445159,James Heuser,OAK,AL,RP,2,3,,47,49,7,31,32,4,32,29,,
445163,Casey Janssen,TOR,AL,RP,3,2,,44,45,4,14,29,2,22,20,5,16
445170,Todd Redmond,ATL,NL,SP,6,10,,145,165,28,53,98,7,97,89,,
445177,Deunte Heath,ATL,NL,SP,4,10,,126,149,20,74,85,6,93,86,,
445185,Clayton Hamilton,TEX,AL,RP,2,3,,42,49,7,17,22,1,28,26,,
445197,Michael Dunn,ATL,NL,RP,2,3,,50,47,7,31,50,2,29,27,0,4
445200,Joshua Wahpepah,MIL,NL,RP,2,4,,50,55,7,34,34,3,36,33,,
445202,Joe Bisenius,PHI,NL,RP,2,2,,39,38,6,22,33,1,23,21,,
445204,Tyson Brummett,PHI,NL,SP,4,8,,113,142,24,51,66,4,88,81,,
445213,Brandon Kintzler,MIL,NL,SP,2,4,,53,63,11,25,36,2,40,37,,
445216,Daniel McCutchen,PIT,NL,SP,7,11,,162,174,25,45,112,5,91,84,6,0
445222,Jack Cassel,CLE,AL,SP,5,8,,120,146,16,46,64,5,78,72,,
445229,Joe Torres,TEX,AL,RP,1,2,,35,36,5,24,28,2,24,22,,
445239,Adam Bostick,KCA,AL,RP,1,2,,33,35,5,15,25,1,20,18,,
445246,Jeff Fulchino,HOU,NL,RP,3,3,,61,57,6,24,51,2,28,26,0,61
445590,Eric Stults,LAN,NL,SP,7,9,,138,153,17,57,101,4,82,75,10,0
445612,Dale Thayer,TBA,AL,RP,4,3,,64,63,7,22,41,2,33,30,0,11
445666,Henry Bonilla,LAN,NL,RP,3,3,,58,58,8,25,46,2,32,29,,
445926,Jesse Chavez,TBA,AL,RP,4,4,,73,70,10,25,52,2,37,34,0,73
445938,Calvin Medlock,TBA,AL,RP,3,3,,62,60,10,25,42,2,34,31,,
445956,Mike Musgrave,SFN,NL,RP,1,3,,38,41,5,24,24,2,25,23,,
445961,Reid Santos,MIN,AL,RP,3,3,,52,58,8,19,34,1,32,29,,
445968,Dana Eveland,TOR,AL,SP,7,9,,144,157,14,63,87,6,81,75,9,4
445971,Tim Wood,FLO,NL,RP,3,3,,49,49,5,23,39,2,26,24,0,18
445984,Jesus Delgado,CIN,NL,RP,2,3,,45,45,5,23,28,1,25,23,,
445986,Geivy Garcia,SFN,NL,RP,1,3,,32,34,5,22,24,2,22,20,,
445995,Arturo Lopez,SDN,NL,RP,2,3,,38,37,4,19,25,1,20,18,0,4
446003,Luis Valdez,ATL,NL,RP,4,5,,78,77,9,36,69,3,43,40,0,3
446099,John Axford,MIL,NL,RP,3,3,,46,40,5,31,44,2,24,22,0,7
446135,Barret Browning,LAA,AL,RP,3,4,,58,64,7,33,39,5,38,35,,
446162,Sean Watson,CIN,NL,RP,2,4,,49,48,9,31,41,3,32,29,,
446185,Logan Ondrusek,CIN,NL,RP,2,4,,56,57,8,27,36,3,34,31,,
446207,Josh Geer,SDN,NL,SP,7,12,,168,183,26,48,94,6,95,87,17,2
446209,Jesse Litsch,TOR,AL,SP,6,7,,116,129,15,31,74,6,64,59,2,0
446213,Brett Sinkbeil,FLO,NL,RP,2,3,,51,58,7,26,31,2,33,30,,
446231,Neal Frontz,TBA,AL,RP,2,4,,56,62,9,27,29,4,38,35,,
446246,Abe Woody,ARI,NL,RP,2,4,,58,68,8,29,28,3,38,35,,
446248,Bryan Augenstein,ARI,NL,SP,4,5,,75,86,9,25,49,3,44,40,2,5
446250,Vincent Bongiovanni,TOR,AL,RP,2,4,,52,58,9,29,34,3,35,32,,
446264,Barry Enright,ARI,NL,SP,5,10,,128,162,25,50,75,4,95,87,,
446267,Cody Evans,ARI,NL,RP,2,4,,56,70,12,25,24,3,43,40,,
446290,Danny Moskos,PIT,NL,SP,4,9,,116,141,19,58,59,5,82,75,,
446321,Ross Detwiler,WAS,NL,SP,6,8,,126,136,12,59,88,4,72,66,14,1
446332,David Kopp,SLN,NL,SP,3,5,,70,81,11,40,39,3,47,43,,
446333,Eddie Kunz,NYN,NL,RP,2,3,,43,46,6,22,29,3,27,25,,
446337,Eric Niesen,NYN,NL,SP,4,8,,111,124,19,63,86,5,79,73,,
446341,Scott Richmond,TOR,AL,SP,6,9,,132,143,24,52,106,3,84,77,24,3
446354,Eric Berger,CLE,AL,SP,3,6,,89,102,13,53,62,2,63,58,,
446358,Bryson Cox,BOS,AL,RP,2,3,,45,54,7,24,23,3,34,31,,
446372,Corey Kluber,SDN,NL,SP,4,9,,110,116,18,64,89,5,73,67,,
446379,Cory Arbiso,NYA,AL,SP,3,6,,79,105,19,38,35,3,67,62,,
446399,Brett Cecil,TOR,AL,SP,6,7,,116,127,15,48,88,6,70,64,17,1
446452,Troy Cate,TOR,AL,RP,2,2,,36,39,6,14,23,1,23,21,,
446453,Levale Speigner,SEA,AL,RP,3,4,,58,61,6,21,31,1,31,29,,
446454,Brian Bannister,KCA,AL,SP,8,11,,171,192,20,52,103,6,97,89,26,0
446488,Scott Rice,SDN,NL,RP,1,2,,26,28,4,16,17,2,18,17,,
446527,Derell McCall,FLO,NL,SP,3,7,,95,121,19,51,57,5,77,71,,
446550,Nick Green,MIL,NL,SP,6,9,,132,152,27,42,86,3,86,79,,
446552,John Mariotti,BAL,AL,SP,3,6,,77,98,13,47,29,4,61,56,,
446575,Chris Kelly,CIN,NL,RP,2,4,,46,52,8,29,22,2,33,30,,
446624,Charlie Haeger,LAN,NL,SP,8,11,,170,176,23,82,123,13,103,95,3,3
446641,Wilton Lopez,HOU,NL,RP,2,3,,50,56,6,14,31,1,28,26,2,6
446859,Camilo Vazquez,LAA,AL,SP,4,9,,119,154,23,62,70,6,98,90,,
446861,Guillermo Moscoso,TEX,AL,SP,6,6,,103,105,13,38,80,3,57,52,0,10
446884,T.J. Beam,ARI,NL,RP,3,4,,63,65,8,21,47,2,34,31,,
446885,Jason Stephens,NYA,AL,SP,3,6,,82,105,17,41,44,4,66,61,,
446899,Brad Ziegler,OAK,AL,RP,5,3,1,74,67,3,26,47,2,26,24,0,69
446901,James Houser,FLO,NL,SP,3,6,,85,94,15,51,55,7,61,56,,
446911,Virgil Vasquez,,,SP,7,11,,158,185,32,44,97,8,104,96,7,7
446916,Mike Burns,MIL,NL,RP,4,3,,64,64,8,18,48,2,32,29,8,7
446952,Luis Munoz,SEA,AL,SP,4,11,,137,158,26,64,75,5,96,88,,
447714,Eric O'Flaherty,ATL,NL,RP,3,2,,48,45,3,18,37,4,21,19,0,78
447763,JesusA Castillo,LAN,NL,SP,5,9,,131,159,21,64,70,7,93,86,,
447764,Robert Hinton,MIL,NL,RP,3,4,,58,60,9,33,45,3,37,34,,
447797,Ben Julianel,MIN,AL,RP,2,3,,44,45,6,21,35,1,26,24,,
447808,Philip Barzilla,SDN,NL,RP,2,3,,41,41,4,20,31,2,22,20,,
447821,Stephen Marek,ATL,NL,RP,2,3,,44,48,7,27,32,2,31,29,,
448147,Nick Blackburn,MIN,AL,SP,10,10,,173,202,21,36,83,5,96,88,33,0
448159,Manny Parra,MIL,NL,SP,8,10,,159,170,17,74,129,3,92,85,27,0
448165,Matt Capps,WAS,NL,RP,3,3,27,57,52,6,15,44,2,25,23,0,57
448167,Brandon Mann,TBA,AL,SP,4,8,,112,135,20,54,51,4,82,75,,
448178,Kevin Jepsen,LAA,AL,RP,4,3,,63,63,5,31,51,1,32,29,0,54
448179,Rich Hill,SLN,NL,SP,5,6,,96,94,12,52,81,5,55,51,13,1
448200,Chris Sampson,HOU,NL,RP,4,3,,62,63,5,18,36,2,28,26,0,49
448235,Craig Whitaker,SFN,NL,RP,1,4,,42,46,6,34,30,5,33,30,,
448249,Dallas Trahern,FLO,NL,SP,4,6,,94,111,14,44,65,5,63,58,,
448252,Kyle Waldrop,MIN,AL,RP,2,3,,49,57,7,21,25,4,32,29,,
448266,James Adkins,LAN,NL,SP,3,8,,100,126,17,68,56,7,86,79,,
448269,Brad Bergesen,BAL,AL,SP,7,9,,141,157,18,43,73,6,80,74,19,0
448287,Luke French,SEA,AL,SP,6,11,,153,165,21,61,96,5,89,82,12,3
448306,James Shields,TBA,AL,SP,13,9,,199,196,25,42,148,6,91,84,33,0
448322,Ian Ostlund,SLN,NL,RP,2,2,,44,44,6,16,35,1,23,21,,
448337,Josh Kinney,SLN,NL,RP,2,2,,39,37,4,19,34,4,21,19,0,17
448588,J.R. Mathes,CHN,NL,SP,6,9,,136,175,22,33,61,7,91,84,,
448592,Cla Meredith,BAL,AL,RP,4,4,,64,70,6,21,36,3,33,30,0,64
448609,Tony Sipp,CLE,AL,RP,2,2,,41,36,5,20,44,1,20,18,0,46
448614,Carlos Torres,CHA,AL,RP,4,4,,65,61,7,31,56,3,33,30,5,3
448623,Garrett Broshuis,SFN,NL,SP,4,11,,134,170,24,50,64,7,99,91,,
448656,Chad Reineke,CIN,NL,SP,6,9,,135,146,22,59,84,4,85,78,1,0
448665,Jack Spradlin,WAS,NL,RP,2,4,,54,57,7,25,38,3,32,29,,
448693,Ross Wolf,BAL,AL,RP,3,3,,53,56,7,23,34,2,31,29,,
448694,Randy Wells,CHN,NL,SP,8,9,,153,166,18,49,108,5,84,77,27,0
448722,Juan Perez,LAN,NL,RP,2,3,,44,42,6,26,43,2,26,24,,
448753,Justin Berg,CHN,NL,RP,3,3,,52,55,5,26,30,4,30,28,0,11
448802,Jaime Garcia,SLN,NL,SP,5,5,,89,89,12,42,76,4,49,45,,
448807,Dave Johnson,MIL,NL,RP,2,3,,51,54,7,24,39,2,31,29,,
448811,Tim Lahey,MIN,AL,RP,3,4,,58,66,9,24,36,2,37,34,,
448842,Eulogio DeLaCruz,SDN,NL,RP,4,3,,60,56,5,31,48,2,29,27,0,3
448857,Jose Ascanio,PIT,NL,RP,3,3,,54,49,5,20,49,4,25,23,0,16
449060,Clay Rapada,TEX,AL,RP,3,2,,48,47,5,21,38,1,24,22,0,3
449061,Edgar Alfonzo,NYN,NL,RP,2,3,,49,55,8,25,29,1,33,30,,
449072,Kyle McClellan,SLN,NL,RP,4,3,,63,58,5,25,48,2,28,26,0,66
449079,Wesley Wright,HOU,NL,RP,3,4,,61,54,8,32,60,2,31,29,0,49
449081,Steve Bray,SEA,AL,RP,3,4,,58,58,9,22,34,2,32,29,,
449096,Justin Mallett,CIN,NL,RP,2,3,,41,38,6,17,31,2,21,19,,
449097,Jonathan Papelbon,BOS,AL,RP,5,2,35,61,46,5,16,64,2,21,19,0,66
449100,Brooks McNiven,SFN,NL,SP,2,7,,83,106,14,32,30,4,61,56,,
449104,Jim Henderson,MIL,NL,RP,2,3,,45,47,7,26,31,2,30,28,,
449127,Cory Doyne,WAS,NL,RP,1,2,,29,28,4,12,21,1,15,14,,
449137,Ryan Keefer,BAL,AL,RP,1,3,,32,37,7,24,21,4,28,26,,
449145,Brian Esposito,HOU,NL,C,1,2,,26,31,5,14,17,1,20,18,,
449160,Jay Rainville,MIN,AL,SP,4,8,,105,131,22,46,56,5,82,75,,
449164,Rob Semerano,HOU,NL,RP,1,3,,33,41,6,17,15,1,26,24,,
449165,Carlton Smith,CLE,AL,RP,2,3,,48,56,7,22,24,2,33,30,,
449173,Lucas Harrell,CHA,AL,SP,4,7,,96,112,15,52,49,4,64,59,,
449774,Evan MacLane,SLN,NL,SP,7,10,,155,185,27,39,77,7,99,91,,
449777,Mitch Stetter,MIL,NL,RP,3,2,,42,35,4,20,41,3,19,17,0,71
449811,David Austen,LAA,AL,RP,1,2,,26,31,4,9,13,1,17,16,,
449820,Leo Rosales,ARI,NL,RP,3,3,,51,52,6,19,36,1,27,25,0,33
449822,Scott Roehl,CLE,AL,RP,1,2,,33,37,5,17,23,1,23,21,,
449881,R.J. Swindle,TBA,AL,RP,2,3,,45,46,6,17,37,2,25,23,0,6
449905,Joseph Krebs,CIN,NL,RP,2,3,,44,45,7,23,29,1,28,26,,
450172,Edinson Volquez,CIN,NL,SP,7,6,,115,94,12,55,115,8,51,47,9,0
450191,Jon George,COL,NL,RP,2,3,,42,51,8,19,22,2,31,29,,
450203,Charlie Morton,PIT,NL,SP,8,10,,155,155,14,62,111,6,77,71,18,0
450249,Paul Estrada,HOU,NL,RP,1,2,,34,35,5,18,26,1,21,19,,
450264,Josh Muecke,HOU,NL,SP,5,11,,148,169,27,70,92,6,103,95,,
450275,Mark Lowe,SEA,AL,RP,3,3,,55,51,5,22,45,1,26,24,0,75
450282,Glen Perkins,MIN,AL,SP,6,7,,116,138,18,35,59,3,73,67,17,1
450291,Ryan Rote,CHA,AL,RP,1,3,,40,46,8,33,26,3,34,31,,
450298,Jeff Sues,PIT,NL,RP,2,4,,49,49,8,26,41,2,31,29,,
450306,Jason Vargas,SEA,AL,SP,6,8,,123,129,18,39,81,4,66,61,14,9
450308,Jered Weaver,LAA,AL,SP,11,9,,180,179,22,54,145,4,89,82,33,0
450320,Carmen Pignatiello,MIN,AL,RP,2,2,,33,36,5,13,23,1,20,18,,
450348,JimEd Warden,NYN,NL,RP,3,3,,54,53,6,25,42,3,29,27,,
450351,C.J. Wilson,TEX,AL,RP,4,3,,61,53,5,26,59,4,27,25,0,74
450527,Alex Hinshaw,SFN,NL,RP,2,3,,46,37,4,25,49,2,21,19,0,9
450532,Adam Carr,WAS,NL,RP,2,4,,49,55,9,34,29,3,38,35,,
450545,Doug Mathis,TEX,AL,RP,3,3,,49,51,5,17,31,2,25,23,2,22
450580,Dustin Richardson,BOS,AL,RP,3,3,,47,45,6,26,41,2,26,24,0,3
450583,Zach Simons,DET,AL,RP,3,4,,56,57,8,28,39,2,33,30,,
450596,Tommy Baumgardner,COL,NL,RP,2,4,,49,58,8,24,29,4,37,34,,
450648,David Welch,MIL,NL,SP,4,9,,121,153,27,52,61,4,95,87,,
450663,Andrew Johnston,COL,NL,RP,2,4,,50,61,8,25,27,3,37,34,,
450665,Kris Medlen,ATL,NL,RP,4,2,,57,49,5,21,61,2,23,21,4,33
450729,Doug Fister,SEA,AL,SP,6,11,,159,179,24,45,95,8,94,86,10,1
450832,Jesse English,SFN,NL,SP,3,8,,99,115,18,60,64,3,73,67,,
450852,Cristhian Martinez,FLO,NL,SP,5,8,,116,138,17,41,68,4,75,69,0,15
450864,Bobby Cramer,OAK,AL,SP,3,5,,72,82,9,31,46,3,46,42,,
451070,Elvis Hernandez,SLN,NL,RP,1,2,,31,32,5,22,22,1,21,19,,
451085,Brian Matusz,BAL,AL,SP,5,6,,100,102,13,38,80,2,55,51,8,0
451131,Tyler Herron,SLN,NL,SP,4,7,,104,120,16,53,66,7,72,66,,
451135,Dan Cortes,SEA,AL,SP,4,9,,117,123,18,77,83,6,78,72,,
451216,Brian Wilson,SFN,NL,RP,4,3,32,63,51,4,25,64,2,24,22,0,68
451256,Kurt Birkins,COL,NL,RP,3,3,,47,48,5,21,37,2,25,23,,
451257,Kason Gabbard,BOS,AL,SP,4,5,,74,82,8,45,47,5,48,44,,
451262,A.J. Murray,MIL,NL,RP,3,2,,42,40,4,18,32,1,20,18,,
451482,Armando Galarraga,DET,AL,SP,7,11,,160,171,26,65,109,6,97,89,25,4
451491,Joel Zumaya,DET,AL,RP,1,2,1,31,30,4,18,27,1,19,17,0,29
451497,Brian Slocum,PIT,NL,RP,1,2,,33,33,5,16,28,2,19,17,,
451518,Scott Nestor,PIT,NL,RP,2,4,,52,48,8,36,50,4,32,29,,
451532,Chad Billingsley,LAN,NL,SP,11,9,,181,170,16,76,175,6,83,76,32,1
451538,Miguel Pinango,LAN,NL,SP,5,7,,103,118,18,36,66,5,66,61,,
451546,Julio DePaula,TBA,AL,RP,3,4,,65,68,10,32,40,5,41,38,,
451584,Wade Davis,TBA,AL,SP,9,9,,160,156,20,72,122,8,86,79,6,0
451585,Sam Demel,OAK,AL,RP,2,3,,49,49,5,28,38,2,30,28,,
451590,Evan Englebrook,HOU,NL,RP,2,3,,38,41,5,19,24,1,23,21,,
451595,Sean Gallagher,SDN,NL,SP,5,6,,102,94,9,45,92,5,49,45,2,12
451596,Yovani Gallardo,MIL,NL,SP,9,7,,145,124,15,63,160,4,64,59,30,0
451600,Christian Garcia,NYA,AL,SP,2,3,,49,56,9,32,37,3,38,35,,
451617,Josh Kite,DET,AL,RP,1,2,,29,33,5,15,17,2,20,18,,
451628,Alfredo Figaro,DET,AL,SP,3,5,,75,83,11,31,50,2,46,42,3,2
451650,Rommie Lewis,TOR,AL,RP,2,3,,51,54,7,25,38,3,31,29,,
451657,Chase Wright,MIL,NL,SP,5,9,,130,153,21,59,61,8,91,84,,
451661,Josh Fields,SEA,AL,RP,1,2,,26,27,4,16,19,1,18,17,,
451711,Jesus Rodriguez,LAN,NL,RP,2,4,,53,62,11,25,29,2,38,35,,
451767,Freddy Dolsi,CHA,AL,RP,3,3,,53,56,5,24,30,3,30,28,0,6
451769,Ryan McKeller,HOU,NL,RP,3,5,,68,72,11,31,56,2,43,40,,
451774,Matt DeSalvo,FLO,NL,SP,5,7,,106,112,12,64,79,5,66,61,,
451783,Dustin Molleken,PIT,NL,RP,2,4,,46,51,8,22,33,1,31,29,,
451788,Shaun Marcum,TOR,AL,SP,5,6,,104,108,15,34,85,4,58,53,,
451990,Jose Valdez,HOU,NL,RP,2,4,,50,52,8,26,42,2,31,29,,
452049,Scot Drucker,DET,AL,RP,2,3,,40,43,6,16,24,3,24,22,,
452059,Chris Mobley,FLO,NL,RP,2,3,,53,59,7,23,40,3,33,30,,
452061,Zachary Phillips,TEX,AL,RP,2,3,,50,55,7,29,35,2,34,31,,
452075,Connor Robertson,NYN,NL,RP,3,3,,54,53,7,22,43,3,29,27,,
452077,Todd Blackford,CHN,NL,RP,1,2,,28,32,4,16,15,2,20,18,,
452217,Wes Whisler,CHA,AL,SP,5,11,,148,188,24,61,60,5,107,98,0,3
452227,Ray Liotta,KCA,AL,SP,2,5,,66,86,12,36,28,2,52,48,,
452230,Kyle Crist,KCA,AL,RP,1,3,,37,44,6,22,20,2,28,26,,
452240,Adam Russell,SDN,NL,RP,3,4,,64,59,6,29,51,3,31,29,0,15
452241,Garrett Mock,WAS,NL,SP,7,9,,143,147,16,58,114,5,77,71,15,13
452249,Micah Owings,CIN,NL,SP,6,9,,135,135,20,57,89,11,78,72,19,7
452259,Steven Jackson,PIT,NL,RP,3,4,,63,66,7,25,45,2,34,31,0,40
452287,Charles Weatherby,HOU,NL,RP,1,2,,31,33,5,15,20,1,19,17,,
452291,Henry Owens,FLO,NL,RP,1,1,,24,22,2,12,20,1,12,11,,
452293,Jonathan Albaladejo,NYA,AL,RP,3,3,,56,58,8,20,37,2,31,29,0,32
452298,Kevin Cameron,SFN,NL,RP,2,2,,34,31,2,17,27,1,16,15,0,11
452318,Gabe DeHoyos,SDN,NL,RP,2,3,,49,46,5,23,43,2,25,23,,
452326,Omar Poveda,TEX,AL,SP,4,8,,114,138,22,61,61,4,87,80,,
452624,Daniel Haigwood,OAK,AL,RP,1,2,,34,34,5,20,22,2,22,20,,
452643,Dan Cevette,KCA,AL,RP,1,2,,23,28,4,14,14,1,18,17,,
452656,David Davidson,,,RP,2,3,,42,42,5,24,34,3,25,23,0,1
452657,Jon Lester,BOS,AL,SP,13,7,,181,170,17,61,167,5,79,73,32,0
452673,John Bannister,,,RP,2,3,,43,47,6,26,25,4,29,27,,
452676,Mitch Talbot,TBA,AL,SP,5,7,,108,127,13,42,69,6,68,63,,
452706,Kyle Middleton,OAK,AL,RP,2,2,,31,31,4,11,18,1,17,16,,
452718,Kyle Kendrick,PHI,NL,SP,9,9,,168,188,22,50,76,9,96,88,2,7
452724,Billy Sadler,,,RP,3,2,,45,40,4,25,42,3,22,20,0,1
452725,Wes Littleton,MIL,NL,RP,3,3,,54,53,6,28,42,4,30,28,,
452733,Tom Gorzelanny,CHN,NL,SP,8,9,,157,159,20,63,129,6,84,77,7,15
452735,Matthew Scherer,SLN,NL,RP,3,4,,59,61,8,21,37,2,33,30,,
452741,Michael Stutes,PHI,NL,SP,4,6,,94,108,18,45,63,5,66,61,,
452743,Jason Urquidez,ARI,NL,RP,2,3,,52,55,7,23,40,1,31,29,,
452747,Matt Zaleski,CHA,AL,RP,2,4,,55,62,10,24,31,5,37,34,,
452764,Christopher Carpenter,CHN,NL,SP,3,6,,81,95,14,46,60,5,61,56,,
452771,Gilbert DeLaVara,KCA,AL,RP,2,4,,54,63,7,29,27,2,37,34,,
452772,Andrew Dobies,BOS,AL,RP,2,2,,32,35,5,14,22,1,20,18,,
452774,Michael Dubee,PIT,NL,RP,2,4,,56,58,8,24,45,2,32,29,,
452993,Chris Mason,NYN,NL,SP,5,9,,127,154,21,54,79,4,87,80,,
453040,Michael Ballard,TEX,AL,SP,6,10,,141,177,25,50,74,5,100,92,,
453050,Jayson Ruhlman,CHN,NL,RP,2,4,,61,69,10,35,42,5,44,40,,
453143,Christian Castorri,PIT,NL,RP,1,3,,36,44,6,18,21,2,27,25,,
453156,Brooks Brown,DET,AL,SP,5,10,,135,161,18,68,59,7,91,84,,
453170,Tim Gustafson,ATL,NL,RP,2,3,,38,41,5,22,26,1,25,23,,
453172,Jared Hughes,PIT,NL,SP,3,8,,95,115,15,51,55,6,70,64,,
453173,Lee Hyde,ATL,NL,RP,1,2,,26,27,4,14,23,1,17,16,,
453178,Ian Kennedy,ARI,NL,SP,5,5,,94,91,11,41,87,4,50,46,0,1
453184,Brad Lincoln,PIT,NL,SP,4,7,,95,104,14,30,65,3,54,50,,
453186,Scott Maine,ARI,NL,RP,2,3,,44,46,6,20,36,2,26,24,,
453190,Kyle McCulloch,CHA,AL,SP,4,11,,142,194,28,63,55,6,115,106,,
453192,Andrew Miller,FLO,NL,SP,6,8,,123,130,11,66,105,6,73,67,14,6
453198,Chris Perez,CLE,AL,RP,3,3,,55,44,6,30,60,3,25,23,0,61
453212,Cory VanAllen,WAS,NL,SP,3,8,,97,118,18,44,61,6,72,66,,
453214,Steven Wright,CLE,AL,RP,2,3,,50,54,7,21,36,3,30,28,,
453216,Zechry Zinicola,TOR,AL,RP,3,3,,53,58,7,26,36,3,32,29,,
453221,Randy Boone,TOR,AL,SP,4,7,,95,117,16,44,54,5,67,62,,
453222,Scott Carroll,CIN,NL,SP,2,5,,62,74,13,30,30,4,45,41,,
453232,Graham Godfrey,OAK,AL,SP,5,10,,138,157,20,62,74,8,92,85,,
453240,Casey Hudspeth,HOU,NL,SP,4,10,,126,159,24,69,59,8,101,93,,
453241,Kris Johnson,BOS,AL,SP,5,8,,125,154,17,60,69,5,89,82,,
453246,Richard Lentz,BOS,AL,RP,2,3,,46,45,6,32,40,5,30,28,,
453247,Jeff Mandel,WAS,NL,SP,3,8,,104,125,19,49,56,7,76,70,,
453249,Jeff Manship,MIN,AL,SP,8,9,,151,174,18,59,88,5,92,85,5,6
453254,Kyle Parker,SEA,AL,SP,3,8,,104,119,17,61,53,6,75,69,,
453264,Donald Veal,PIT,NL,SP,4,8,,109,110,15,73,89,5,68,63,0,19
453265,Tony Watson,PIT,NL,SP,2,6,,71,85,15,35,45,4,54,50,,
453268,Daniel Bard,BOS,AL,RP,3,2,,44,36,4,23,48,2,19,17,0,49
453271,Dallas Buck,CIN,NL,SP,2,4,,56,65,10,29,34,2,39,36,,
453273,Michael Crotta,PIT,NL,SP,4,11,,137,175,20,50,78,6,99,91,,
453281,Wade LeBlanc,SDN,NL,SP,7,10,,157,150,24,57,130,6,82,75,9,0
453282,Kenneth Maiques,SLN,NL,RP,1,2,,25,28,4,22,18,3,21,19,,
453284,Blake Parker,CHN,NL,RP,2,2,,40,36,5,21,41,2,21,19,,
453286,Max Scherzer,DET,AL,SP,7,8,,137,133,15,53,127,8,71,65,30,0
453301,Cole DeVries,MIN,AL,SP,5,10,,131,167,26,59,69,6,102,94,,
453304,John Gaub,CHN,NL,RP,2,2,,36,33,5,20,40,1,20,18,,
453307,David Huff,CLE,AL,SP,7,8,,133,147,18,46,85,3,78,72,22,0
453311,Tim Lincecum,SFN,NL,SP,13,9,,197,162,12,68,224,5,71,65,32,0
453326,Keith Weiser,COL,NL,SP,6,11,,154,201,29,51,76,6,115,106,,
453329,Clay Buchholz,BOS,AL,SP,9,8,,150,151,18,59,123,4,78,72,16,0
453332,Josh Butler,MIL,NL,SP,4,8,,106,121,17,57,69,9,74,68,0,3
453334,Justin Cassel,CHA,AL,SP,4,9,,122,152,22,57,61,7,90,83,,
453337,Josh Ellis,ARI,NL,RP,2,3,,47,48,5,21,40,2,27,25,,
453343,Mark Melancon,NYA,AL,RP,4,3,,58,57,7,21,46,5,31,29,0,13
453344,Brandon Morrow,TOR,AL,RP,4,3,,62,54,7,32,60,1,30,28,10,16
453353,Greg Reynolds,COL,NL,SP,4,5,,77,91,11,29,42,4,50,46,,
453371,Richard Brooks,CHA,AL,RP,2,3,,43,47,7,20,30,2,28,26,,
453380,Roy Merritt,NYN,NL,RP,2,3,,40,43,7,21,29,2,26,24,,
453381,Kevin Mulvey,ARI,NL,SP,7,10,,155,175,23,62,107,7,98,90,4,4
453385,Clayton Richard,SDN,NL,SP,8,10,,166,164,16,62,123,5,80,74,26,12
453402,Daryl Maday,SFN,NL,SP,3,8,,94,118,16,43,46,5,68,63,,
453416,Jonah Nickerson,DET,AL,SP,4,12,,146,194,30,60,59,10,119,109,,
453450,Paul Bush,NYA,AL,RP,1,1,,23,22,3,12,21,1,13,12,,
453515,David Purcey,TOR,AL,SP,8,9,,146,149,17,71,114,7,82,75,9,0
453517,Jon Hunton,OAK,AL,RP,2,3,,45,45,6,19,30,2,25,23,,
453519,Ryan Aldridge,LAA,AL,RP,1,2,,23,26,4,12,14,1,16,15,,
453526,Jesse Estrada,WAS,NL,RP,2,4,,56,63,10,23,32,4,38,35,,
453536,Ryan Coultas,NYN,NL,SP,3,6,,76,90,14,37,41,3,55,51,,
453538,Grant Duff,NYA,AL,RP,2,3,,47,53,8,28,30,3,35,32,,
453562,Jake Arrieta,BAL,AL,SP,5,8,,114,122,19,56,86,9,74,68,,
453580,Steve Edlefsen,SFN,NL,RP,2,4,,55,53,6,31,42,4,30,28,,
453592,Brad James,HOU,NL,SP,3,9,,105,129,18,61,50,8,81,75,,
453646,Carlos Villanueva,MIL,NL,RP,5,4,,76,71,10,27,68,2,37,34,6,58
453889,Matt Chico,WAS,NL,SP,4,6,,87,97,13,39,52,2,54,50,,
453949,Jeff Gogal,FLO,NL,RP,2,2,,35,37,6,18,30,2,23,21,,
453954,Kevin Hart,PIT,NL,RP,3,4,,67,63,7,28,57,4,33,30,14,4
453957,Justin Hedrick,BOS,AL,RP,2,3,,40,44,7,21,27,1,27,25,,
453973,Mike MacDonald,FLO,NL,SP,6,10,,144,182,22,55,69,8,102,94,,
454442,Ryan Rodriguez,BAL,AL,RP,2,3,,45,53,7,24,24,3,33,30,,
454456,Brad Knox,LAA,AL,SP,6,10,,149,184,26,57,64,8,104,96,,
454535,Clay Hensley,FLO,NL,SP,6,8,,129,141,15,65,91,4,78,72,,
454537,Jared Burton,CIN,NL,RP,4,3,,61,53,5,24,49,3,26,24,0,53
454581,Carlos Guevara,COL,NL,RP,2,2,,38,34,4,17,33,1,18,17,,
454972,Romulo Sanchez,PIT,NL,RP,3,3,,51,47,5,22,41,3,24,22,,
454978,Jose Sanchez,NYN,NL,SP,4,8,,111,134,18,50,66,5,78,72,,
454998,Matt Carson,OAK,AL,OF,1,2,,24,27,4,11,12,1,17,16,6,-6
455000,Justin Jones,WAS,NL,SP,4,8,,109,126,18,60,72,7,79,73,,
455009,Jonathan Broxton,LAN,NL,RP,6,2,31,68,49,4,25,89,2,21,19,0,73
455090,Jack Egbert,CHA,AL,SP,5,10,,132,162,23,51,82,8,96,88,0,2
455091,Mike Ekstrom,TBA,NL,RP,3,4,,62,61,6,24,48,3,31,29,0,12
455092,Scott Elbert,LAN,NL,RP,3,2,,47,39,5,24,56,2,21,19,0,19
455100,Gaby Hernandez,BOS,AL,SP,5,11,,140,153,23,58,88,9,90,83,,
455106,Blake Johnson,KCA,AL,SP,4,10,,122,161,21,54,54,7,94,86,,
455110,Andrew Liebel,TOR,AL,SP,4,8,,104,131,22,52,64,3,81,75,,
455111,Chuck Lofgren,MIL,NL,SP,5,9,,125,137,24,68,92,7,89,82,,
455114,John Lujan,NYN,NL,RP,2,4,,54,57,8,31,37,3,35,32,,
455122,Bradley Meyers,WAS,NL,SP,4,6,,87,96,13,40,60,4,55,51,,
455137,Jacobo Meque,LAN,NL,RP,1,3,,36,37,6,25,33,1,25,23,,
455374,Antonio Bastardo,PHI,NL,SP,5,5,,85,81,14,38,76,4,48,44,5,1
455377,Rolando Valdez,NYN,NL,RP,2,3,,40,43,7,19,29,1,26,24,,
455603,Andy Mitchell,BAL,AL,RP,3,4,,59,65,9,29,28,4,38,35,,
455605,J.D. Martin,WAS,NL,SP,6,8,,125,133,18,37,77,6,69,63,15,0
455666,Dwayne Pollok,LAN,NL,RP,3,3,,58,63,7,18,39,2,32,29,,
455730,Jason Waddell,,,RP,2,3,,46,46,6,21,34,2,26,24,0,3
455750,Marcus McBeth,OAK,AL,RP,2,2,,44,40,6,18,33,1,22,20,,
455751,Bobby Livingston,CIN,NL,SP,5,9,,132,153,20,39,66,4,81,75,,
455927,Ryan Houston,MIL,NL,RP,2,3,,45,47,7,24,35,1,28,26,,
455949,Scott Mathieson,PHI,NL,RP,1,1,,22,23,4,11,17,1,15,14,,
455961,Ryan Sadowski,HOU,NL,RP,3,3,,53,51,6,26,45,3,28,26,6,0
455970,Bob McCrory,BOS,AL,RP,2,3,,50,56,6,27,30,2,33,30,0,7
456027,Ross Ohlendorf,PIT,NL,SP,7,11,,156,169,22,51,106,6,87,80,29,0
456029,David Patton,CHN,NL,RP,2,3,,47,49,7,25,38,1,30,28,0,20
456034,David Price,TBA,AL,SP,7,7,,124,120,17,54,100,5,67,62,23,0
456043,Jonathan Sanchez,SFN,NL,SP,7,10,,152,142,17,73,157,7,78,72,29,3
456045,Joe Savery,PHI,NL,SP,6,8,,129,147,21,69,78,3,87,80,,
456046,Michael Schlact,TEX,AL,SP,3,7,,93,121,18,48,40,3,75,69,,
456048,Steven Sharpe,OAK,AL,RP,2,3,,40,42,5,19,21,2,24,22,,
456071,Yohan Flande,PHI,NL,SP,5,6,,99,114,17,43,64,7,67,62,,
456102,David Pauley,SEA,AL,SP,6,11,,153,172,21,55,91,11,92,85,,
456108,Edward Buzachero,TOR,AL,RP,3,3,,56,60,9,19,39,2,33,30,,
456138,Nick DeBarr,LAN,NL,RP,2,3,,48,52,8,24,33,3,32,29,,
456150,Marco Carrillo,CHN,NL,RP,2,3,,43,48,8,25,31,2,31,29,,
456379,Al Alburquerque,COL,NL,RP,2,2,,34,36,5,19,30,2,22,20,,
456383,David Shinskie,TOR,AL,RP,1,3,,35,41,6,17,20,2,25,23,,
456397,Amalio Diaz,LAA,AL,SP,5,10,,140,176,25,64,73,9,105,97,,
456496,Marcos Mateo,CHN,NL,RP,2,4,,51,56,8,27,35,4,35,32,,
456499,Scott Patterson,BOS,AL,RP,3,3,,52,44,5,27,51,2,24,22,,
456501,Johnny Cueto,CIN,NL,SP,8,11,,171,163,25,60,144,12,89,82,30,0
456585,Michael O'Connor,SDN,NL,SP,4,7,,102,110,17,34,66,1,59,54,,
456589,Jason Bergmann,WAS,NL,RP,4,4,,69,65,9,26,53,2,35,32,0,56
456599,Corey Hamman,PIT,NL,RP,2,4,,54,59,7,22,35,3,32,29,,
456630,Davis Romero,TOR,AL,SP,4,7,,96,115,19,37,63,4,67,62,,
456662,Jeremy Horst,CIN,NL,SP,3,8,,103,122,26,51,64,5,79,73,,
456682,Josh Newman,KCA,AL,RP,2,3,,40,43,4,21,25,2,24,22,,
456687,Omar Aguilar,MIL,NL,RP,2,3,,47,49,8,31,42,2,33,30,,
456696,David Hernandez,BAL,AL,SP,7,10,,148,154,28,69,120,5,94,86,19,1
456699,Kyle Aselton,CIN,NL,RP,2,3,,41,41,7,26,32,1,26,24,,
456701,Homer Bailey,CIN,NL,SP,8,10,,159,157,22,68,129,5,85,78,20,0
456703,Andrew Baldwin,SEA,AL,SP,6,11,,156,174,24,46,86,8,94,86,,
456707,Kristian Bell,OAK,AL,RP,1,2,,25,29,4,14,11,1,18,17,,
456708,Chad Blackwell,LAA,AL,RP,2,3,,40,49,7,18,23,1,30,28,,
456709,Kyle Bloom,PIT,NL,SP,3,9,,110,123,17,65,71,5,78,72,,
456744,Chris Schroder,FLO,NL,RP,3,3,,51,47,5,28,39,2,27,25,,
456776,Alexander Torres,TBA,AL,SP,5,6,,96,100,12,65,67,5,60,55,,
456899,Jon Link,LAN,NL,RP,2,3,,49,48,7,25,49,2,29,27,,
456989,Jake Muyco,CHN,NL,RP,1,3,,39,46,8,20,23,1,28,26,,
457117,Ernesto Frieri,SDN,NL,SP,6,11,,148,147,24,71,115,5,88,81,0,2
457122,Rocky Cherry,SDN,NL,RP,3,4,,58,54,6,29,45,3,30,28,,
457422,Tim Dillard,MIL,NL,RP,3,4,,64,70,7,26,34,3,36,33,0,2
457425,Evan Meek,PIT,NL,RP,3,3,,57,53,5,29,48,1,27,25,0,41
457428,James McDonald,LAN,NL,RP,4,3,,62,53,7,28,65,3,28,26,4,41
457429,Boone Logan,NYA,AL,RP,3,3,,49,50,6,21,39,3,28,26,0,20
457435,Phil Coke,DET,AL,RP,4,3,,62,60,7,24,50,1,30,28,0,72
457437,Jared Wells,SEA,AL,RP,2,3,,46,44,6,26,34,2,26,24,,
457440,Dewon Day,TBA,AL,RP,2,3,,41,43,5,24,28,1,25,23,,
457444,Jay Marshall,OAK,AL,RP,3,3,,55,58,5,20,26,2,28,26,0,10
457447,Luis Atilano,WAS,NL,SP,3,7,,89,108,16,35,43,3,60,55,,
457448,Matt Harrison,TEX,AL,SP,5,7,,110,125,15,42,61,3,66,61,11,0
457452,Randor Bierd,BOS,AL,RP,2,2,,38,38,4,15,29,3,20,18,,
457453,Jair Jurrjens,ATL,NL,SP,10,9,,172,168,14,61,130,4,79,73,34,0
457456,Jo-Jo Reyes,ATL,NL,SP,6,8,,127,139,18,58,88,4,77,71,5,1
457458,Ty Taubenheim,PIT,NL,SP,4,9,,116,130,17,46,70,5,72,66,,
457461,Sean White,SEA,AL,RP,3,3,,52,54,5,18,24,3,26,24,0,52
457468,Josh Banks,HOU,NL,SP,7,10,,155,163,20,46,96,5,82,75,3,3
457484,Jose Marte,ARI,NL,RP,2,3,,53,56,7,28,42,2,33,30,,
457495,Heath Phillips,TBA,AL,SP,5,11,,143,179,19,58,80,4,96,88,,
457498,Jeff Kennard,CHN,NL,RP,2,4,,53,53,9,25,40,1,32,29,,
457539,Garrett Parcell,FLO,NL,RP,1,2,,27,28,4,15,25,1,18,17,,
457544,Jarrett Santos,FLO,NL,RP,3,4,,61,72,8,20,31,2,38,35,,
457547,Pat Stanley,DET,AL,SP,3,6,,81,100,18,39,43,2,65,60,,
457554,Joseph Williams,SLN,NL,RP,1,2,,26,29,5,13,15,2,18,17,,
457561,Derek Rodriguez,CHA,AL,RP,2,4,,53,56,8,26,38,3,33,30,,
457564,Patrick Ryan,SEA,AL,RP,1,3,,40,45,6,21,21,1,26,24,,
457565,Henry Williamson,CHN,NL,RP,2,4,,52,57,8,28,41,1,35,32,,
457566,Greg Burke,SDN,NL,RP,3,4,,63,59,7,24,51,2,30,28,0,48
457567,Carlos Fisher,CIN,NL,RP,3,3,,58,52,6,26,51,2,27,25,0,39
457591,Matthew Kniginyzky,KCA,AL,SP,3,9,,108,142,21,59,49,7,90,83,,
457642,Ryan Morse,TBA,AL,SP,4,8,,110,136,21,62,48,4,87,80,,
457654,Charles Shirek,CHA,AL,SP,3,8,,98,130,21,41,39,2,77,71,,
457671,T.J. Large,BOS,AL,RP,3,4,,63,72,8,35,36,2,43,40,,
457707,Trevor Bell,LAA,AL,SP,6,8,,134,157,16,54,75,4,84,77,4,4
457710,A.J. Battisto,FLO,NL,RP,2,2,,38,38,5,17,32,1,21,19,,
457711,Sean O'Sullivan,LAA,AL,SP,6,10,,144,170,22,54,83,6,96,88,10,2
457729,Ryan Mullins,MIN,AL,SP,6,10,,147,178,25,58,95,6,101,93,,
457730,Matt Torra,ARI,NL,SP,6,12,,159,204,32,49,86,5,116,107,,
457732,Andrew Bailey,OAK,AL,RP,4,3,25,62,50,6,26,59,2,26,24,0,68
457733,Joey Devine,OAK,AL,RP,3,1,,36,29,2,14,35,1,13,12,,
457744,Aaron Thompson,WAS,NL,SP,4,9,,116,145,19,60,65,3,87,80,,
457761,Ryan Tucker,FLO,NL,SP,4,7,,96,105,13,54,70,5,64,59,,
457779,Michael Kirkman,TEX,AL,SP,4,7,,96,114,18,51,57,5,71,65,,
457781,Kyle Cofield,ATL,NL,SP,4,10,,118,143,19,87,67,7,97,89,,
457796,Garrett Olson,SEA,AL,SP,6,11,,155,158,22,69,107,8,89,82,11,20
457812,Jeffrey Marquez,CHA,AL,SP,2,7,,82,108,19,36,38,4,67,62,,
457820,Eric Hull,SEA,AL,RP,3,4,,56,54,6,27,45,2,30,28,,
457858,Rich Rundles,,,RP,2,3,,46,47,5,21,36,2,26,24,0,1
457882,Josh Shortslef,PHI,NL,RP,2,2,,35,38,5,17,22,2,22,20,,
457886,Jeremy Johnson,HOU,NL,RP,2,3,,45,46,5,16,31,1,24,22,,
457910,Geno Espineli,SFN,NL,RP,3,4,,57,60,6,18,35,2,30,28,,
457915,Javy Guerra,LAN,NL,RP,2,3,,49,51,7,34,41,2,34,31,,
457918,J.A. Happ,PHI,NL,SP,10,8,,162,156,24,62,130,5,84,77,23,12
457925,Neil Jamison,SDN,NL,RP,1,3,,33,36,5,15,21,1,21,19,,
457928,Andrew Kown,WAS,NL,SP,5,10,,127,153,22,50,63,5,88,81,,
457935,Matt Daley,COL,NL,RP,4,3,,59,53,7,22,57,3,28,26,0,57
457963,Randy Newsom,PIT,NL,RP,1,3,,36,42,5,21,19,2,26,24,,
458001,Sean Smith,PIT,NL,SP,5,9,,119,124,19,57,87,5,73,67,,
458003,Blake Hawksworth,SLN,NL,SP,6,8,,123,130,16,47,84,6,70,64,0,30
458006,Matt Albers,BAL,AL,RP,3,3,,59,59,6,26,39,2,31,29,0,56
458008,Humberto Sanchez,NYA,AL,RP,1,1,,21,22,4,10,16,1,14,13,,
458020,Greg Atencio,KCA,AL,RP,2,4,,53,57,6,25,39,2,31,29,,
458076,Ben Snyder,TEX,AL,RP,3,3,,54,58,9,25,38,2,34,31,,
458094,Daniel Stange,ARI,NL,RP,1,3,,36,43,6,17,25,1,26,24,,
458107,Brett Jensen,DET,AL,RP,2,3,,38,41,7,16,27,2,25,23,,
458155,Joe Martinez,SFN,NL,SP,4,8,,113,129,13,40,71,4,68,63,5,4
458220,Esmerling Vasquez,ARI,NL,RP,3,3,,53,50,6,29,42,4,29,27,0,53
458222,Bobby Brownlie,ATL,NL,SP,3,6,,85,100,18,34,58,3,61,56,,
458250,Dusty Hughes,KCA,AL,RP,3,3,,54,54,5,26,39,2,28,26,1,7
458524,Daniel Barone,OAK,AL,SP,4,6,,96,109,16,31,46,5,59,54,,
458534,Derek Hankins,PIT,NL,SP,3,7,,93,110,17,39,65,4,66,61,,
458537,Cory Luebke,SDN,NL,SP,3,7,,92,100,13,40,67,4,56,52,,
458563,Jake Ruckle,NYN,NL,RP,1,2,,30,33,5,13,18,2,19,17,,
458567,Andy Sonnanstine,TBA,AL,SP,10,10,,172,189,24,42,104,5,94,86,18,4
458571,Michael Wlodarczyk,WAS,NL,RP,2,4,,48,54,7,26,28,3,33,30,,
458584,Xavier Cedeno,COL,NL,RP,2,3,,43,53,7,23,24,2,34,31,,
458589,David Herndon,PHI,NL,RP,3,3,,55,65,10,20,29,2,36,33,,
458595,Robert Mosebach,LAA,AL,RP,3,4,,63,69,6,31,33,5,37,34,0,3
458637,Federico Baez,CIN,NL,RP,2,3,,41,42,7,17,29,2,25,23,,
458657,Adalberto Mendez,FLO,NL,RP,2,3,,41,43,7,24,31,1,27,25,,
458664,Dan Denham,LAA,AL,SP,5,9,,125,155,23,65,56,4,95,87,,
458676,Josh Lindblom,LAN,NL,RP,2,2,,37,36,4,15,33,3,20,18,,
458678,Michael Broadway,ATL,NL,RP,1,3,,41,48,7,26,26,2,32,29,,
458681,Lance Lynn,SLN,NL,SP,5,6,,98,106,12,50,68,3,59,54,,
458690,Chris Volstad,FLO,NL,SP,8,10,,165,183,22,67,116,5,98,90,29,0
458705,Zach Ward,MIN,AL,RP,2,3,,47,54,6,30,30,3,34,31,,
458708,Josh Tomlin,CLE,AL,SP,5,9,,133,157,27,49,92,7,92,85,,
458709,John Lannan,WAS,NL,SP,8,11,,171,182,20,64,88,6,93,86,33,0
458713,Kevin Slowey,MIN,AL,SP,8,7,,135,144,20,25,103,5,71,65,16,0
458717,Tommy Mendoza,LAA,AL,SP,4,8,,108,134,19,48,53,4,80,74,,
458722,Chance Chapman,PHI,NL,RP,2,2,,39,39,6,17,30,1,22,20,,
458728,Sam Walls,PHI,NL,RP,1,2,,34,38,6,21,23,2,26,24,,
458729,Brett Harker,FLO,NL,RP,2,3,,43,51,7,23,25,2,32,29,,
458730,Bobby Parnell,NYN,NL,RP,4,4,,66,65,7,31,54,3,35,32,8,60
458894,Josh Rainwater,DET,AL,RP,2,3,,50,52,6,24,29,3,29,27,,
458911,Tom Cochran,CIN,NL,SP,2,6,,74,83,14,37,50,3,53,49,,
458918,Adrian Martin,TOR,AL,RP,2,3,,42,47,7,16,28,2,26,24,,
458919,Ryan Mattheus,COL,NL,RP,2,3,,41,46,6,19,30,2,26,24,,
458924,Jonny Venters,ATL,NL,SP,4,7,,104,122,14,59,62,4,71,65,,
458930,Ramon Garcia,DET,AL,RP,1,3,,41,53,8,16,18,1,33,30,,
458950,Philip Humber,KCA,AL,SP,5,11,,144,175,27,61,85,8,105,97,0,8
458951,Alan Horne,NYA,AL,SP,3,5,,68,84,14,39,46,4,55,51,,
458974,Willie Collazo,FLO,NL,RP,4,4,,65,67,8,23,42,4,34,31,,
458986,Justin Dowdy,OAK,AL,RP,1,2,,32,34,5,20,19,1,21,19,,
459011,Joey Newby,SEA,AL,RP,1,3,,38,40,5,25,22,1,25,23,,
459345,Eric Hacker,PIT,NL,SP,6,10,,142,162,17,58,88,8,85,78,0,3
459371,Ramon Ramirez,BOS,AL,SP,8,9,,158,168,23,70,101,7,94,86,0,11
459376,Kelvin Jimenez,CHA,AL,RP,3,4,,65,74,9,23,36,3,39,36,,
459403,Jon Coutlangus,ARI,NL,RP,2,2,,30,31,3,15,22,2,17,16,,
459407,Shawn Nottingham,PIT,NL,RP,1,3,,40,43,6,21,30,2,26,24,,
459409,Beau Vaughan,OAK,AL,RP,3,3,,52,51,6,23,38,2,27,25,,
459411,Travis Schlichting,LAN,NL,RP,1,2,,33,35,5,18,25,2,22,20,0,2
459414,Matt Wilhite,COL,NL,RP,3,3,,53,59,9,17,35,1,32,29,,
459415,Tommy Hottovy,BOS,AL,SP,3,5,,69,86,14,33,37,4,54,50,,
459419,Jason Jones,MIN,AL,SP,6,10,,140,177,26,50,66,4,100,92,,
459424,Eric Krebs,PIT,NL,RP,1,3,,34,34,5,25,28,2,22,20,,
459439,Jarrett Grube,COL,NL,RP,2,3,,42,48,7,20,26,2,29,27,,
459459,Zach Schreiber,LAN,NL,RP,2,2,,38,38,6,21,31,1,23,21,,
459850,Reid Mahon,ARI,NL,RP,2,3,,49,56,7,21,31,1,31,29,,
459900,Trey Hearne,SLN,NL,SP,5,8,,120,136,17,52,65,3,77,71,,
459932,Hector Ambriz,CLE,AL,SP,7,10,,149,170,22,59,99,3,94,86,,
459939,Mitchell Boggs,SLN,NL,SP,7,9,,148,157,17,70,98,7,84,77,9,7
459967,Sam LeCure,CIN,NL,SP,6,10,,137,142,25,56,105,7,82,75,,
459974,Jon Meloan,OAK,AL,RP,3,3,,60,55,7,29,48,3,31,29,0,6
459980,Chris Nicoll,KCA,AL,RP,2,3,,44,48,6,21,32,1,28,26,,
459983,Lance Pendleton,NYA,AL,SP,4,6,,93,112,18,45,61,5,71,65,,
459986,Edgar Ramirez,NYN,NL,RP,2,3,,43,47,6,22,28,1,27,25,,
459987,Cesar Ramos,SDN,NL,SP,5,9,,129,139,16,52,80,3,74,68,2,3
459988,Robert Ray,TOR,AL,SP,4,6,,86,101,13,34,53,5,57,52,4,0
459999,Jeff Stevens,CHN,NL,RP,4,3,,61,54,7,28,63,3,30,28,0,11
460001,Sean Stidfole,TOR,AL,RP,3,4,,60,65,9,30,40,3,38,35,,
460008,Anthony Varvaro,SEA,AL,RP,2,3,,46,44,6,35,35,4,29,27,,
460024,Luke Hochevar,KCA,AL,SP,7,11,,161,182,21,55,108,7,94,86,25,0
460029,Jensen Lewis,CLE,AL,RP,4,4,,74,67,9,30,67,3,36,33,0,47
460044,Cesar Carrillo,SDN,NL,SP,3,8,,100,113,15,48,53,7,65,60,3,0
460059,Mike Pelfrey,NYN,NL,SP,9,10,,175,196,16,63,103,10,97,89,31,0
460069,Ricky Romero,TOR,AL,SP,8,9,,154,165,19,74,113,8,88,81,29,0
460070,James Avery,CIN,NL,SP,3,8,,95,111,20,43,52,6,69,63,,
460072,Jason Berken,BAL,AL,SP,7,10,,149,172,22,56,85,7,95,87,24,0
460079,J.B. Cox,NYA,AL,RP,1,2,,31,36,5,16,16,2,23,21,,
460081,Brandon Durden,COL,NL,SP,5,10,,133,179,27,53,53,5,107,98,,
460089,Mark Holliman,MIL,NL,SP,5,10,,133,157,26,74,79,5,98,90,,
460092,Chris Leroux,FLO,NL,RP,3,4,,61,65,7,29,46,2,35,32,0,5
460094,Matt Long,CHA,AL,RP,2,3,,47,54,8,23,30,2,33,30,,
460102,Robert Rohrbaugh,SEA,AL,SP,4,6,,89,95,14,32,55,3,53,49,,
460104,Anthony Slama,MIN,AL,RP,3,3,,56,52,7,30,57,2,30,28,,
460105,Greg Smith,COL,NL,SP,5,6,,103,112,15,41,65,3,60,55,,
460128,Kevin Whelan,NYA,AL,RP,2,2,,43,41,6,30,40,1,26,24,,
460129,Matt Avery,WAS,NL,RP,2,3,,45,49,8,27,29,2,32,29,,
460146,Ryan Edell,CLE,AL,SP,6,9,,136,160,24,48,93,5,91,84,,
460154,Jason Godin,KCA,AL,RP,1,3,,33,40,4,19,19,2,24,22,,
460156,Brandon Gomes,SDN,NL,RP,2,3,,42,37,5,20,45,2,21,19,,
460188,Jarod Plummer,BOS,AL,RP,3,3,,52,55,9,24,38,3,33,30,,
460209,Tim McNab,NYN,NL,RP,3,4,,62,70,9,23,30,3,39,36,,
460239,Jason Cromer,TBA,AL,RP,3,3,,55,59,6,21,29,2,31,29,,
460257,Matt Fox,MIN,AL,SP,5,9,,127,149,23,60,78,5,88,81,,
460260,Scott Lewis,CLE,AL,SP,4,5,,81,87,12,27,58,2,47,43,1,0
460265,Jeremy Sowers,CLE,AL,SP,8,10,,164,187,20,58,81,5,98,90,22,1
460274,Tyler Lumsden,HOU,NL,SP,3,8,,102,127,18,58,46,5,79,73,,
460283,Jerry Blevins,OAK,AL,RP,4,4,,72,65,7,23,60,4,32,29,0,20
460284,Dallas Braden,OAK,AL,SP,8,8,,138,140,15,44,88,3,68,63,22,0
460291,Jon Ellis,SDN,NL,RP,2,4,,60,59,8,31,44,3,34,31,,
460295,Reidier Gonzalez,TOR,AL,SP,4,7,,102,128,17,45,55,4,74,68,,
460313,Kyler Newby,ARI,NL,RP,2,4,,46,53,9,24,32,2,35,32,,
460344,Wilkin DeLaRosa,NYA,AL,SP,3,5,,67,79,16,39,49,2,53,49,,
460349,Carlos Rosa,KCA,AL,RP,3,3,,49,49,5,20,38,1,24,22,0,7
460366,Rich Thompson,LAA,AL,RP,2,3,,45,44,7,17,42,2,25,23,0,13
460370,Rafael Perez,CLE,AL,RP,4,4,,71,70,7,24,58,2,34,31,0,54
460371,Alberto Bastardo,LAN,NL,SP,5,9,,124,148,22,67,85,5,92,85,,
460374,Adam Bright,COL,NL,RP,2,3,,37,42,6,20,24,2,26,24,,
460597,Jim Hoey,BAL,AL,RP,2,2,,39,37,4,21,30,1,20,18,,
460602,Dirk Hayhurst,TOR,AL,RP,4,3,,63,64,8,21,51,2,33,30,0,15
460639,Jailen Peguero,TEX,AL,RP,2,3,,49,49,7,25,37,3,29,27,,
460648,Harvey Garcia,LAN,NL,RP,2,2,,36,35,5,16,32,2,20,18,,
460657,Doug Slaten,WAS,NL,RP,2,2,,39,38,4,15,31,1,20,18,0,11
460677,Cory Wade,LAN,NL,RP,4,3,,62,59,8,21,48,3,31,29,0,27
460701,James Russell,CHN,NL,SP,4,8,,110,134,23,43,70,3,80,74,,
461212,Matt Palmer,LAA,AL,SP,8,9,,152,166,19,76,95,8,93,86,13,27
461213,Joe Bateman,TBA,AL,RP,3,3,,56,52,6,28,43,5,30,28,,
461218,Daniel Christensen,SEA,AL,SP,3,10,,117,140,22,58,59,6,87,80,,
461233,Luis Villarreal,SEA,AL,RP,1,2,,25,28,4,12,16,1,17,16,,
461260,Jose Vaquedano,BOS,AL,RP,3,3,,54,60,7,30,27,5,36,33,,
461325,Tyler Clippard,WAS,NL,RP,4,3,,65,55,8,31,64,1,30,28,0,41
461361,Matt Yourkin,SFN,NL,RP,2,4,,53,54,7,26,43,1,30,28,,
461377,Neal Musser,HOU,NL,RP,2,2,,42,37,5,19,40,2,20,18,,
461725,Jose Lugo,MIN,AL,RP,2,4,,57,63,8,34,42,5,40,37,,
461766,Jose Arredondo,CIN,NL,RP,4,3,,64,55,6,29,62,2,28,26,0,43
461791,Carlos Marmol,CHN,NL,RP,5,3,23,70,50,5,40,88,6,28,26,0,79
461829,Gio Gonzalez,OAK,AL,SP,8,9,,155,143,21,81,151,5,82,75,17,3
461833,Phil Hughes,NYA,AL,SP,8,5,,116,110,13,41,109,5,56,52,7,44
461836,Chris Lambert,BAL,AL,SP,7,10,,150,164,22,54,108,5,91,84,0,6
461848,Jim Miller,BAL,AL,RP,3,4,,65,63,8,28,50,2,35,32,,
461851,Eduardo Morlan,TBA,AL,RP,2,4,,54,56,10,27,36,3,36,33,,
461856,Troy Patton,BAL,AL,SP,4,7,,99,114,20,39,54,6,69,63,,
461862,Steven Register,TOR,AL,RP,3,3,,56,58,8,21,39,2,31,29,0,1
461863,Mumba Rivera,SEA,AL,RP,2,4,,50,52,9,32,36,4,36,33,,
461872,Anthony Swarzak,MIN,AL,SP,6,8,,131,149,20,46,76,6,82,75,12,0
461902,Nic Ungs,FLO,NL,SP,4,6,,96,109,16,41,61,3,63,58,,
461904,Chris Britton,SDN,NL,RP,2,3,,41,40,5,15,29,1,21,19,,
462102,Tommy Hanson,ATL,NL,SP,9,8,,152,134,18,63,158,9,72,66,21,0
462135,Steve Hammond,SFN,NL,SP,5,12,,150,179,27,67,89,7,107,98,,
462136,Marco Estrada,MIL,NL,SP,6,9,,142,153,20,54,101,5,82,75,1,3
462382,Jim Johnson,BAL,AL,RP,4,3,3,63,63,7,23,41,3,32,29,0,64
462402,Chris Farley,OAK,AL,RP,1,3,,34,38,6,22,20,2,25,23,,
462472,Rayner Oliveros,TBA,AL,RP,3,3,,49,48,7,20,34,2,26,24,,
462522,Jeff Gray,CHN,NL,RP,3,4,,64,68,8,20,46,3,35,32,0,24
462896,Tristan Crawford,PHI,NL,RP,1,2,,29,32,5,13,21,1,19,17,,
462940,Juan Mateo,LAA,AL,RP,2,3,,49,52,7,16,31,2,28,26,,
462945,Cesar Jimenez,SEA,AL,RP,2,2,,39,34,3,15,33,1,17,16,,
462956,Felipe Paulino,HOU,NL,SP,5,8,,113,118,17,49,98,5,67,62,17,6
462985,Franklin Morales,COL,NL,SP,7,8,,134,137,17,77,105,7,79,73,2,38
462995,Rick VandenHurk,FLO,NL,SP,6,7,,117,116,18,52,111,5,68,63,11,0
463017,Shairon Martis,WAS,NL,SP,6,10,,148,162,22,63,86,4,92,85,15,0
463036,Carlos Martinez,WAS,NL,RP,1,3,,39,46,6,20,22,2,29,27,,
463037,Atahualpa Severino,WAS,NL,RP,2,3,,41,44,6,25,32,3,28,26,,
463068,Misael DeJesus,CIN,NL,SP,2,7,,87,101,21,58,59,7,73,67,,
463314,Rafael Cruz,ATL,NL,RP,1,2,,24,28,4,12,16,1,18,17,,
463643,Celson Polanco,TOR,AL,RP,2,3,,42,46,7,22,30,2,28,26,,
463645,Samuel Gervacio,HOU,NL,RP,4,4,,70,60,8,30,77,3,32,29,0,29
463660,Yunior Novoa,WAS,NL,RP,2,3,,44,44,6,22,33,1,25,23,,
463675,Luis Montano,CIN,NL,SP,3,8,,97,119,23,51,47,6,78,72,,
463713,Kris Regas,DET,AL,RP,1,2,,26,31,6,12,17,2,21,19,,
463726,Ruben Medina,CIN,NL,RP,2,4,,54,56,9,35,34,3,36,33,,
464244,Alberto Arias,HOU,NL,RP,3,3,,50,47,3,20,41,4,22,20,0,42
464318,Mario Alvarez,LAN,NL,SP,3,6,,81,99,16,45,48,7,64,59,,
464400,Henry Sosa,SFN,NL,SP,2,6,,76,87,13,40,48,2,53,49,,
464416,Yohan Pino,MIN,AL,SP,7,8,,132,145,22,46,91,7,80,74,,
464436,Clevelan Santeliz,CHA,AL,RP,1,3,,40,44,8,29,27,2,30,28,,
464939,Carlos Sencion,KCA,AL,RP,1,3,,39,44,6,27,27,2,29,27,,
465015,Leyson Septimo,ARI,NL,RP,1,3,,40,42,6,31,34,3,29,27,,
465065,Sergio Escalona,PHI,NL,RP,3,3,,46,46,6,20,36,3,26,24,0,14
465583,Juan Sandoval,MIL,NL,RP,2,4,,53,58,8,28,33,4,35,32,,
465593,Carlos Martinez,,,RP,2,4,,57,63,10,26,37,2,38,35,0,2
465615,ChingLung Lo,COL,NL,SP,3,6,,81,108,17,38,42,4,68,63,,
465629,Edward Mujica,SDN,NL,RP,4,4,,66,61,8,17,54,1,29,27,4,63
465657,Joakim Soria,KCA,AL,RP,4,2,32,54,43,4,17,59,3,20,18,0,47
465679,Samuel Deduno,COL,NL,SP,5,7,,106,116,14,65,86,6,70,64,,
465701,Marlon Arias,LAN,NL,SP,2,6,,72,87,15,41,47,3,57,52,,
465719,Francisco Felix,LAN,NL,RP,3,3,,60,57,8,28,52,3,33,30,,
465759,Kristhiam Linares,SLN,NL,RP,1,2,,29,31,4,20,19,2,21,19,,
466312,Bryan Dumesnil,TOR,AL,RP,2,3,,43,48,7,27,34,4,33,30,,
466338,Douglas Arguello,HOU,NL,SP,4,8,,101,115,16,56,64,6,69,63,,
466339,Victor Garate,WAS,NL,RP,2,3,,39,38,5,22,31,3,23,21,0,4
466388,Alex Concepcion,PHI,NL,RP,2,3,,46,49,8,16,28,3,28,26,,
466412,Luis Perdomo,SDN,NL,RP,2,3,,52,47,6,26,47,1,26,24,0,35
466457,Edgar Osuna,KCA,AL,SP,2,8,,92,123,17,42,47,4,78,72,,
466838,Juan Salas,CLE,AL,RP,2,2,,33,31,3,14,28,2,16,15,,
466918,Manuel Corpas,COL,NL,RP,4,2,,54,55,5,15,37,2,25,23,0,35
466948,Jean Machi,PIT,NL,RP,2,3,,46,47,6,22,30,1,26,24,,
466983,Fabio Castro,TOR,AL,SP,6,10,,145,161,21,73,92,6,95,87,,
467008,Pedro Strop,TEX,AL,RP,2,3,,47,47,6,26,37,2,28,26,0,7
467016,Dumas Garcia,TOR,AL,RP,2,3,,44,48,7,25,30,4,31,29,,
467094,Felix Doubront,BOS,AL,SP,3,6,,80,96,13,42,51,5,60,55,,
467099,Jordan Norberto,ARI,NL,RP,1,3,,38,41,7,25,35,2,27,25,,
467100,Ivan Nova,NYA,AL,SP,6,8,,126,154,21,64,68,6,90,83,,
467683,Osiris Matos,SFN,NL,RP,3,3,,58,56,7,21,46,2,30,28,0,5
467726,Jose Mijares,MIN,AL,RP,3,3,,56,51,7,24,48,2,28,26,0,71
467728,Erick Abreu,HOU,NL,RP,2,3,,51,53,9,21,38,2,30,28,,
467761,Fernando Hernandez,OAK,AL,RP,3,4,,60,58,7,28,41,3,32,29,,
467779,Ramon Sanchez,ARI,NL,RP,1,2,,25,30,5,20,19,1,23,21,,
467785,Radhames Liz,SDN,NL,SP,6,9,,137,133,17,64,112,8,74,68,0,2
467850,Edgmer Escalona,COL,NL,RP,1,3,,40,46,8,19,30,3,31,29,,
467856,Carlos Monasterios,NYN,NL,RP,2,3,,48,53,8,26,34,2,32,29,,
467857,Noel Castillo,NYA,AL,RP,1,3,,35,41,7,25,27,4,31,29,,
468275,Fredy Deza,BAL,AL,RP,2,3,,45,50,9,22,26,2,31,29,,
468402,Charlie Zink,SLN,NL,SP,6,10,,142,168,19,79,54,17,104,96,,
468435,Josh Perrault,BAL,AL,RP,3,4,,63,67,11,25,46,3,39,36,,
468477,Marwin Vega,SEA,AL,RP,1,3,,40,43,6,25,23,2,27,25,,
468504,Jhoulys Chacin,COL,NL,SP,4,6,,95,106,14,49,74,5,62,57,1,8
468962,Devern Hansack,BOS,AL,SP,5,6,,99,108,14,37,66,3,58,53,,
469097,Frank Mata,BAL,AL,RP,2,4,,54,62,9,30,31,4,40,37,,
469134,Esmil Rogers,COL,NL,SP,6,9,,141,162,20,63,101,7,92,85,1,0
469159,Henry Rodriguez,OAK,AL,RP,2,3,,45,40,5,32,45,2,25,23,0,3
469164,Ehren Wassermann,PHI,NL,RP,3,3,,52,53,5,20,35,3,27,25,,
469232,Kasey Olenberger,FLO,NL,RP,3,4,,61,60,9,27,49,2,34,31,,
469580,Kendy Batista,LAN,NL,RP,2,2,,40,40,5,20,35,3,23,21,,
469685,Julio DeLaCruz,NYN,NL,RP,2,3,,40,43,6,22,27,2,26,24,,
469686,Alfredo Aceves,NYA,AL,RP,4,2,,56,54,8,15,43,2,28,26,1,42
469690,Victor Marte,KCA,AL,RP,2,3,,44,46,4,23,29,1,25,23,0,8
469722,Josh Hill,PIT,NL,SP,2,7,,84,103,15,42,46,3,63,58,,
469735,Edwar Ramirez,NYA,AL,RP,4,3,,62,56,9,28,64,2,32,29,0,20
469802,Luis Perez,TOR,AL,SP,4,8,,102,125,18,55,59,8,78,72,,
469834,Shane Lindsay,COL,NL,RP,1,1,,22,21,3,15,21,1,14,13,,
470358,Oneli Perez,SLN,NL,RP,3,2,,45,43,6,18,40,2,23,21,,
470462,Ramon Troncoso,LAN,NL,RP,4,4,,71,72,5,28,51,4,35,32,0,73
470473,Moises Robles,PIT,NL,RP,1,3,,38,46,7,15,21,2,28,26,,
470939,Marcos Yepez,WAS,NL,3B,1,2,,28,32,5,14,16,2,20,18,,
471162,Anthony Ortega,LAA,AL,SP,4,7,,105,126,18,46,52,5,75,69,3,0
471177,Wilfrido Perez,BAL,AL,RP,2,3,,37,38,6,24,29,2,24,22,,
471178,Jose Ortegano,ATL,NL,SP,3,6,,85,100,14,42,61,4,62,57,,
471183,Waldis Joaquin,SFN,NL,RP,2,3,,40,37,4,22,35,1,21,19,0,10
471803,Armando Gabino,BAL,AL,RP,3,4,,64,64,9,26,36,3,35,32,1,1
471822,Jose Diaz,TEX,AL,RP,1,2,,28,31,5,17,20,1,21,19,,
471839,Alexander Smit,CIN,NL,RP,2,3,,44,40,8,27,38,3,26,24,,
471886,Edgar Estanga,TOR,AL,RP,2,3,,41,45,7,23,31,1,28,26,,
471911,Carlos Carrasco,CLE,AL,SP,7,10,,154,169,24,69,116,7,98,90,5,0
471919,Jhonny Nunez,CHA,AL,RP,2,3,,48,50,9,24,39,2,31,29,0,7
472551,Fernando Abad,HOU,NL,SP,3,7,,92,107,20,37,65,4,66,61,,
473265,Jose DeLaTorre,NYN,NL,RP,2,3,,38,39,5,21,33,2,24,22,,
473560,Lance Broadway,TOR,AL,SP,6,11,,153,188,24,64,83,5,107,98,0,16
474022,Paul Phillips,TBA,AL,RP,2,3,,44,45,7,24,30,2,28,26,,
474029,Zach Putnam,CLE,AL,RP,2,2,,37,40,5,18,28,1,23,21,,
474039,Pedro Beato,BAL,AL,SP,4,10,,119,154,26,62,54,7,99,91,,
474126,Adam Mills,CLE,AL,SP,6,7,,121,148,17,38,57,3,77,71,,
474256,Ryan Reid,TBA,AL,RP,3,4,,57,59,7,32,39,2,35,32,,
474463,Brett Anderson,OAK,AL,SP,8,7,,138,137,16,42,116,4,67,62,30,0
474544,Eric Wordekemper,NYA,AL,RP,2,3,,43,51,8,20,27,2,32,29,,
474599,Neil Wagner,CLE,AL,RP,3,4,,55,57,7,32,46,2,34,31,,
474699,Vance Worley,PHI,NL,SP,4,7,,97,116,19,42,57,4,69,63,,
475022,Craig Hansen,PIT,NL,RP,2,3,,42,41,3,24,34,3,23,21,0,5
475054,Chaz Roe,COL,NL,SP,5,9,,121,145,22,59,72,7,90,83,,
475115,Tyson Ross,OAK,AL,SP,3,7,,86,99,15,47,50,5,63,58,,
475138,Kyle Drabek,TOR,AL,SP,4,7,,96,114,18,46,69,3,70,64,,
475243,Travis Wood,CIN,NL,SP,5,8,,123,123,20,60,88,7,73,67,,
475300,Connor Graham,COL,NL,SP,3,6,,83,97,14,53,68,3,63,58,,
475416,Justin Masterson,CLE,AL,SP,9,9,,159,160,16,71,132,10,84,77,16,26
475561,Kasey Kiker,TEX,AL,SP,4,8,,109,124,21,65,79,11,82,75,,
475622,Steven Hensley,SEA,AL,SP,3,8,,95,109,18,50,60,5,68,63,,
475747,Bradley Holt,NYN,NL,SP,3,5,,74,82,15,38,57,3,50,46,,
475913,Beau Jones,TEX,AL,RP,2,3,,48,50,7,29,37,2,31,29,,
476011,Matt Maloney,CIN,NL,SP,8,11,,166,165,29,47,139,8,89,82,7,0
476037,Jared Lansford,OAK,AL,RP,2,3,,50,53,6,28,27,3,31,29,,
476127,Zach Kroenke,ARI,NL,RP,2,3,,47,49,7,25,36,1,29,27,,
476134,Brian Omogrosso,CHA,AL,SP,2,6,,80,95,16,53,50,5,64,59,,
476190,Blake Maxwell,BOS,AL,SP,5,9,,132,173,22,54,53,9,102,94,,
476206,Justin Thomas,SEA,AL,RP,2,4,,56,56,7,31,41,3,33,30,,
476258,Brandon Erbe,BAL,AL,SP,3,7,,94,107,19,55,65,7,72,66,,
476451,Jeremy Hellickson,TBA,AL,SP,6,6,,114,113,20,42,97,6,64,59,,
476570,Vin Mazzaro,OAK,AL,SP,8,9,,155,161,16,61,97,11,84,77,17,0
476601,Michael Bowden,BOS,AL,SP,8,8,,140,151,19,52,91,2,80,74,1,7
476686,Jeff Lyman,ATL,NL,RP,2,4,,52,54,7,33,42,2,34,31,,
476700,Dan Griffin,SFN,NL,RP,2,4,,51,53,7,23,41,3,30,28,,
476811,Sean West,FLO,NL,SP,5,8,,118,129,17,60,90,4,75,69,20,0
476990,Heath Rollins,TBA,AL,SP,6,10,,143,167,25,57,73,7,97,89,,
477003,Jon Niese,NYN,NL,SP,7,8,,132,141,15,50,104,4,73,67,5,0
477132,Clayton Kershaw,LAN,NL,SP,10,7,,151,130,12,78,159,2,65,60,30,1
477229,Jordan Walden,LAA,AL,SP,2,4,,59,70,10,34,41,3,44,40,,
477237,Steve Garrison,SDN,NL,SP,3,7,,92,98,15,38,65,3,56,52,,
477396,Federico Castaneda,KCA,AL,RP,1,2,,24,27,4,13,18,2,17,16,,
477557,Francisco Rodriguez,LAA,AL,RP,3,4,,61,66,9,33,39,3,40,37,,
477569,Fernando Salas,SLN,NL,RP,2,2,,42,40,7,16,36,1,23,21,,
477581,Walter Silva,SDN,NL,SP,3,6,,85,95,12,37,50,2,52,48,6,0
487675,Edward Paredes,SEA,AL,RP,1,3,,39,40,6,22,25,2,24,22,,
488654,Marco Albano,LAA,AL,RP,2,3,,43,46,7,24,33,2,29,27,,
488674,Burke Badenhop,FLO,NL,RP,3,2,,45,44,4,17,36,2,22,20,2,33
488683,Scott Barnes,SFN,NL,SP,3,7,,89,102,17,47,65,6,64,59,,
488722,Zach Braddock,MIL,NL,RP,1,2,,27,26,5,16,29,2,18,17,,
488737,Eric Brown,NYN,NL,SP,5,10,,132,167,25,52,70,10,100,92,,
488751,Alex Burnett,MIN,AL,RP,3,4,,57,62,8,26,38,3,36,33,,
488768,Andrew Cashner,CHN,NL,SP,2,5,,69,83,11,41,47,3,54,50,,
488782,Anthony Claggett,PIT,NL,RP,2,3,,50,53,6,23,31,2,29,27,0,3
488787,Casey Coleman,CHN,NL,SP,3,7,,92,112,16,48,49,4,68,63,,
488828,Eddie Degerman,SLN,NL,RP,1,2,,31,32,5,25,23,1,22,20,,
488846,Brian Duensing,MIN,AL,SP,8,9,,157,180,21,48,86,6,92,85,9,15
488875,Mike Finocchi,CLE,AL,RP,1,3,,37,44,6,25,21,2,28,26,,
488957,Carlos Hernandez,OAK,AL,SP,4,7,,99,115,16,51,54,3,69,63,,
488965,Ronald Hill,FLO,NL,RP,1,3,,39,45,7,23,27,2,29,27,,
488984,Tommy Hunter,TEX,AL,SP,7,9,,148,168,22,48,87,4,89,82,19,0
488989,Will Inman,SDN,NL,SP,5,11,,144,149,23,68,108,8,89,82,,
489002,Steve Johnson,SFN,NL,SP,3,8,,101,112,19,59,79,6,72,66,,
489020,Brad Kilby,OAK,AL,RP,4,3,,65,56,8,26,59,2,30,28,1,10
489030,Kea Kometani,TEX,AL,RP,2,3,,39,43,7,17,26,3,26,24,,
489052,Brent Leach,LAN,NL,RP,3,3,,51,48,6,32,46,2,28,26,0,38
489077,John Madden,NYN,NL,RP,1,3,,38,44,6,20,22,2,27,25,,
489078,Michael Madsen,OAK,AL,SP,3,5,,70,75,11,36,40,3,45,41,,
489082,Jacob Marceaux,CHA,AL,RP,1,3,,35,41,6,24,21,2,28,26,,
489150,Clay Mortensen,OAK,AL,SP,6,9,,128,142,18,56,73,7,79,73,6,1
489153,Kyle Mura,SLN,NL,SP,3,6,,88,108,15,34,43,3,62,57,,
489172,Michael Nix,COL,NL,RP,2,3,,42,46,6,24,28,2,28,26,,
489176,Tyler Norrick,SLN,NL,RP,2,3,,46,42,6,30,43,2,26,24,,
489189,Josh Outman,OAK,AL,SP,6,7,,117,115,14,52,85,3,62,57,12,2
489190,Pat Overholt,PHI,NL,RP,2,4,,54,58,10,33,38,3,38,35,,
489204,Nick Pereira,SFN,NL,SP,3,6,,82,92,14,44,60,4,57,52,,
489234,Greg Reinhard,CHN,NL,RP,3,3,,53,51,8,27,53,4,31,29,,
489265,Sergio Romo,SFN,NL,RP,3,2,,50,41,4,16,51,2,19,17,0,45
489292,Cody Satterwhite,DET,AL,RP,1,2,,33,36,5,19,25,1,23,21,,
489295,Brian Schlitter,CHN,NL,RP,2,4,,49,55,9,26,38,1,35,32,,
489296,Josh Schmidt,NYA,AL,RP,3,3,,50,51,7,28,43,3,31,29,,
489334,Craig Stammen,WAS,NL,SP,6,10,,144,165,20,50,77,4,87,80,19,0
489336,Will Startup,BAL,AL,RP,2,2,,34,31,4,15,29,1,17,16,,
489342,Brad Stone,FLO,NL,RP,2,3,,51,57,6,21,29,2,31,29,,
489347,Houston Summers,SLN,NL,SP,1,4,,50,66,12,34,35,3,49,45,,
489362,Chad Thall,BAL,AL,RP,2,4,,52,58,9,27,34,2,36,33,,
489403,Chad Wagler,HOU,NL,RP,1,3,,37,44,7,16,18,1,26,24,,
489434,Kyle Winters,FLO,NL,SP,3,6,,80,98,13,43,45,4,60,55,,
489436,Brendan Wise,DET,AL,RP,2,3,,45,54,7,20,18,2,30,28,,
489448,Mike Zagurski,PHI,NL,RP,2,2,,39,35,5,18,38,2,20,18,,
489567,Alan Johnson,COL,NL,SP,6,11,,151,193,27,61,74,7,113,104,,
489702,Brian Baker,TBA,AL,SP,5,9,,127,148,23,56,70,8,90,83,,
489735,Todd Doolittle,FLO,NL,RP,1,2,,32,33,5,18,29,1,21,19,,
489759,Luis Lebron,BAL,AL,RP,2,3,,43,41,7,29,40,1,27,25,,
490008,Robert Manuel,SEA,AL,RP,3,4,,59,54,7,20,43,2,29,27,0,3
490011,Kyle Fernandes,BOS,AL,RP,2,4,,57,65,10,32,36,4,42,39,,
490063,Matt Garza,TBA,AL,SP,11,9,,181,170,20,65,151,8,86,79,32,0
490313,Amaury Sanit,NYA,AL,RP,2,2,,33,39,6,14,19,1,23,21,,
490580,Derrick Ellison,NYN,NL,RP,1,2,,31,34,5,16,24,1,21,19,,
491159,Joe Thatcher,SDN,NL,RP,4,3,,62,52,4,22,64,3,24,22,0,52
491179,Matt Rusch,DET,AL,RP,2,4,,56,63,10,21,32,2,35,32,,
491624,Cesar Valdez,ARI,NL,SP,5,8,,117,137,19,46,76,5,77,71,,
491646,Jeanmar Gomez,CLE,AL,SP,5,10,,129,156,24,65,86,6,96,88,,
491688,Enerio Del Rosario,CIN,NL,RP,2,3,,43,44,6,18,27,2,24,22,,
491703,Neftali Feliz,TEX,AL,SP,6,5,,95,88,9,41,85,5,44,40,0,20
491704,Wilkins Arias,NYA,AL,RP,3,3,,52,57,9,27,41,2,35,32,,
492733,Ramon Geronimo,CIN,NL,RP,2,4,,53,55,9,31,36,2,35,32,,
492827,Hyang-Nam Choi,LAN,NL,RP,2,2,,40,36,5,20,47,1,21,19,,
493131,Masa Kobayashi,,,RP,2,2,,37,40,5,13,22,1,21,19,0,10
493133,Hiroki Kuroda,LAN,NL,SP,9,8,,154,165,15,42,108,4,79,73,20,1
493137,Daisuke Matsuzaka,BOS,AL,SP,8,7,,137,135,16,62,121,6,73,67,12,0
493157,Koji Uehara,BAL,AL,RP,3,2,,40,38,4,10,31,0,18,17,12,0
493161,Yasuhiko Yabuta,,,RP,3,3,,54,56,7,22,41,1,31,29,0,12
493247,Peter Moylan,ATL,NL,RP,3,2,,52,48,3,22,42,3,22,20,0,87
493256,Alex Maestri,CHN,NL,RP,2,4,,51,53,9,30,39,4,34,31,,
493416,Takashi Saito,ATL,NL,RP,3,2,8,50,42,4,20,51,3,20,18,0,56
493475,Matt Meyer,SLN,NL,RP,2,3,,49,50,7,31,38,3,31,29,,
493547,Mickey Storey,OAK,AL,RP,1,2,,31,30,4,14,26,2,18,17,,
493555,Carlos Gutierrez,MIN,AL,RP,2,3,,37,43,5,20,21,2,26,24,,
493564,Ricky Orta,SEA,AL,RP,1,2,,31,31,5,17,24,2,20,18,,
493603,Adam Ottavino,SLN,NL,SP,6,9,,131,139,18,77,99,9,84,77,,
496528,Steve Palazzolo,SFN,NL,RP,2,3,,48,48,5,25,33,4,27,25,,
496529,Chris Hayes,KCA,AL,RP,3,4,,60,70,6,19,26,2,34,31,,
497807,Frank Herrmann,CLE,AL,RP,3,4,,59,66,8,21,33,2,35,32,,
499107,Francisley Bueno,ATL,NL,SP,4,7,,99,115,15,39,60,5,64,59,,
499856,Chris Jakubauskas,PIT,NL,SP,4,7,,101,109,14,36,57,3,58,53,8,27
499877,Kenshin Kawakami,ATL,NL,SP,7,9,,145,154,17,48,111,6,79,73,25,7
500610,Deolis Guerra,MIN,AL,SP,4,9,,120,149,22,61,66,7,94,86,,
500674,Eduardo Sanchez,SLN,NL,RP,2,2,,42,40,6,22,36,3,23,21,,
501540,Ramon Aguero,PIT,NL,RP,1,3,,43,46,6,23,30,4,29,27,,
501638,Pedro Viola,CIN,NL,RP,3,4,,61,57,10,32,55,2,35,32,0,9
501687,Luis Marte,DET,AL,SP,3,7,,89,108,19,39,52,3,66,61,,
501740,Francisco Samuel,SLN,NL,RP,2,3,,42,39,5,35,41,4,27,25,,
501806,Brandon Magee,TOR,AL,SP,4,9,,110,143,21,58,42,5,90,83,,
501817,Tony Barnette,ARI,NL,SP,6,11,,155,179,28,62,107,6,105,97,,
501826,Clay Zavada,ARI,NL,RP,2,2,,43,39,5,19,41,2,22,20,0,49
501828,Ryan Ouellette,BAL,AL,RP,2,4,,55,64,8,32,26,3,39,36,,
501862,Andy Graham,COL,NL,RP,2,3,,44,48,7,21,34,2,29,27,,
501863,Kevin Gunderson,ATL,NL,RP,2,3,,49,54,7,26,31,4,33,30,,
501866,Chris Cody,MIL,NL,SP,5,8,,112,128,19,44,70,7,75,69,,
501869,Graham Taylor,FLO,NL,SP,5,10,,142,173,22,72,78,8,104,96,3,0
501870,Everett Teaford,KCA,AL,SP,3,11,,134,176,29,68,65,5,113,104,,
501873,Mike McClendon,MIL,NL,RP,2,4,,53,61,8,21,31,2,34,31,,
501874,Kam Mickolio,BAL,AL,RP,3,3,,52,48,6,25,45,2,28,26,0,11
501879,Kevin Pucetas,SFN,NL,SP,6,10,,138,155,17,52,79,7,81,75,,
501914,Aaron Hartsock,KCA,AL,RP,2,5,,58,70,9,28,30,1,41,38,,
501925,Joe Smith,CLE,AL,RP,3,2,,44,42,4,19,36,2,21,19,0,37
501936,Matt Buschmann,SDN,NL,SP,6,11,,149,163,22,61,89,7,89,82,,
501955,Joba Chamberlain,NYA,AL,SP,9,7,,145,142,17,62,138,8,76,70,31,1
501957,Chris Tillman,BAL,AL,SP,7,9,,144,151,23,63,109,5,87,80,12,0
501996,Gary Daley,SLN,NL,RP,1,3,,37,41,6,28,24,3,28,26,,
502000,Derrik Lutz,CIN,NL,RP,1,3,,38,41,6,20,25,2,25,23,,
502001,Brandon Hynick,COL,NL,SP,7,11,,157,187,29,52,86,7,106,98,,
502004,George Kontos,NYA,AL,SP,4,6,,92,108,20,45,69,4,70,64,,
502009,Mat Latos,SDN,NL,SP,4,5,,87,81,9,34,74,2,41,38,10,0
502012,Casey Mulligan,SLN,NL,RP,2,3,,43,41,6,26,40,2,25,23,,
502026,Jeremy Jeffress,MIL,NL,SP,3,5,,72,76,12,60,66,5,54,50,,
502028,Blake Wood,KCA,AL,SP,3,7,,88,108,14,44,52,5,63,58,,
502032,Bud Norris,HOU,NL,SP,6,8,,126,123,16,58,118,6,67,62,10,1
502055,Jay Buente,FLO,NL,RP,3,4,,57,57,7,33,50,2,34,31,,
502075,Justin Souza,SEA,AL,SP,3,8,,102,120,18,44,58,8,73,67,,
502083,Zach McAllister,NYA,AL,SP,4,5,,88,103,15,37,54,5,61,56,,
502085,David Robertson,NYA,AL,RP,5,2,,66,54,6,31,79,2,28,26,0,45
502102,Duane Below,DET,AL,SP,3,7,,88,104,17,56,62,3,69,63,,
502103,Michael Antonini,NYN,NL,SP,4,7,,96,112,17,41,61,3,66,61,,
502105,Brad Furnish,SLN,NL,SP,4,9,,111,128,21,78,62,6,87,80,,
502106,Thomas Palica,ATL,NL,RP,1,3,,37,40,6,22,31,2,26,24,,
502108,Nick Hill,SEA,AL,RP,2,4,,49,52,7,22,37,3,31,29,,
502130,Dan Runzler,SFN,NL,RP,2,3,,39,37,4,20,40,3,23,21,0,11
502136,Jordan Smith,CIN,NL,SP,3,7,,93,111,18,39,50,4,66,61,,
502155,Nathan Culp,SDN,NL,SP,5,12,,149,182,23,49,64,4,97,89,,
502157,Timothy Bascom,BAL,AL,SP,4,8,,104,129,20,53,54,5,79,73,,
502158,Josh Roenicke,TOR,AL,RP,3,3,,51,49,5,21,47,2,26,24,0,24
502162,Angel Castro,TBA,AL,RP,2,3,,41,46,7,24,21,2,29,27,,
502165,Drew Carpenter,PHI,NL,SP,8,10,,157,176,30,61,105,4,101,93,1,2
502166,Brad Mills,TOR,AL,SP,3,5,,75,80,12,37,61,3,47,43,2,0
502188,Jeff Samardzija,CHN,NL,RP,3,4,,65,67,9,28,50,2,36,33,2,18
502192,Sean Gleason,BAL,AL,SP,3,8,,99,130,20,51,40,4,82,75,,
502201,Ryne Lawson,BOS,AL,SP,3,6,,77,99,13,45,32,6,63,58,,
502208,P.J. Walters,SLN,NL,SP,7,9,,147,153,20,65,124,9,87,80,1,7
502239,Trevor Cahill,OAK,AL,SP,7,9,,138,143,18,61,79,5,78,72,32,0
502246,Chase Christianson,ARI,NL,RP,2,3,,46,55,8,26,24,3,34,31,,
502260,Vinnie Pestano,CLE,AL,RP,1,2,,27,30,4,15,19,1,19,17,,
502272,Casey Fien,DET,AL,RP,3,3,,57,56,8,21,46,2,30,28,0,9
502308,Ben Jukich,SLN,NL,SP,7,9,,136,149,20,55,97,4,80,74,,
502334,Jason Fernandez,OAK,AL,SP,5,10,,135,158,22,76,65,9,96,88,,
502381,Luke Gregerson,SDN,NL,RP,4,3,,68,56,5,28,73,3,27,25,0,72
502401,Steven Calicutt,SFN,NL,RP,1,2,,28,33,5,17,17,2,22,20,,
502424,Stephen Faris,SDN,NL,SP,5,10,,133,154,19,57,72,5,86,79,,
502430,Brennan Garr,TEX,AL,RP,2,3,,45,48,7,27,32,3,31,29,,
502447,Rudy Darrow,ATL,NL,RP,1,2,,30,35,4,20,22,3,24,22,,
502477,Lee Tabor,CIN,NL,RP,2,3,,45,48,8,20,27,2,28,26,,
502497,Zach Dials,TOR,AL,RP,1,3,,37,43,6,20,22,2,27,25,,
502533,Jeremy Papelbon,CHN,NL,RP,2,3,,53,59,8,22,36,2,33,30,,
502609,Danny Herrera,CIN,NL,RP,4,3,,65,59,7,23,52,2,29,27,0,70
502621,Tobi Stoner,NYN,NL,SP,6,9,,135,146,21,56,85,4,82,75,0,4
502641,Erik Arnesen,WAS,NL,SP,4,8,,109,129,20,42,67,4,74,68,,
502645,Ryne Reynoso,ATL,NL,SP,4,10,,127,151,24,67,70,5,94,86,,
502659,L.J. Gagnier,DET,AL,SP,4,9,,114,134,22,59,72,7,86,79,,
502687,Christopher Salamida,HOU,NL,RP,2,4,,52,61,11,23,32,4,38,35,,
502706,Derek Holland,TEX,AL,SP,5,6,,105,112,17,37,82,3,60,55,21,12
502836,Nicholas Additon,SLN,NL,SP,3,6,,84,95,14,52,50,5,64,59,,
503027,Erik Stiller,CLE,AL,RP,2,3,,49,50,7,26,40,2,31,29,,
503228,Rowdy Hardy,KCA,AL,SP,4,10,,125,165,19,47,57,13,94,86,,
503285,Darren O'Day,TEX,AL,RP,4,3,,59,53,5,20,49,4,25,23,0,68
503328,Chad Rhoades,BOS,AL,RP,3,4,,61,67,9,31,43,3,41,38,,
503346,Nathan Starner,TOR,AL,RP,1,3,,40,46,7,24,24,3,30,28,,
503351,Blake Lalli,CHN,NL,1B,1,2,,19,23,4,11,15,1,16,15,,
503352,Rocky Roquet,OAK,AL,RP,2,3,,52,54,7,28,32,2,31,29,,
503415,Nick Abel,NYN,NL,RP,1,2,,31,35,4,19,19,2,22,20,,
503427,Josh Wilkie,WAS,NL,RP,3,4,,60,61,7,25,44,3,32,29,,
503438,Rob Delaney,MIN,AL,RP,4,3,,62,61,8,22,47,2,32,29,,
503441,Loek VanMil,MIN,AL,RP,1,2,,31,35,5,19,17,2,22,20,,
503483,Zachary Clark,BAL,AL,RP,1,2,,34,39,5,14,16,1,22,20,,
503941,Sergio Perez,HOU,NL,SP,3,9,,108,134,20,56,55,6,84,77,,
504186,Arnold Leon,OAK,AL,RP,2,2,,36,36,4,18,24,2,21,19,,
504211,Marco Gonzalez,SLN,NL,RP,2,4,,53,59,7,28,22,3,34,31,,
504308,Chris Chavez,KCA,AL,RP,2,3,,45,50,5,24,27,3,29,27,,
505447,Brandon Dickson,SLN,NL,SP,6,10,,140,165,21,67,80,6,94,86,,
506432,Kei Igawa,NYA,AL,SP,7,9,,145,173,31,52,90,5,102,94,,
506606,Hideki Okajima,BOS,AL,RP,4,3,,58,54,6,21,50,2,28,26,0,68
506648,Yoslan Herrera,PIT,NL,SP,5,9,,126,146,17,50,70,5,79,73,,
506882,Jeremy Thorne,LAA,AL,SP,3,7,,93,122,19,48,40,4,75,69,,
507081,Jared Hyatt,TEX,AL,SP,3,7,,90,111,19,42,48,5,71,65,,
511448,Derek McDaid,SDN,NL,RP,1,3,,37,41,6,18,22,2,25,23,,
511668,Emary Frederick,NYN,NL,RP,2,4,,50,57,9,33,35,4,40,37,,
511669,Aaron Cotter,SEA,AL,RP,1,4,,45,52,8,22,22,2,32,29,,
514108,Mike DeMark,SDN,NL,RP,2,4,,57,55,7,32,47,2,33,30,,
516769,Jenrry Mejia,NYN,NL,SP,2,5,,67,76,10,40,54,4,49,45,,
518396,Tim Alderson,PIT,NL,SP,4,9,,112,135,18,44,62,4,77,71,,
518410,Michael Anton,LAA,AL,SP,3,6,,84,103,15,49,49,6,67,62,,
518418,Phillippe Aumont,PHI,NL,RP,1,2,,33,36,6,20,27,2,25,23,,
518432,Travis Banwart,OAK,AL,SP,4,7,,99,117,17,46,47,3,70,64,,
518434,Casey Baron,MIL,NL,RP,2,3,,44,47,7,20,31,2,27,25,,
518444,Blake Beavan,TEX,AL,SP,4,7,,99,130,17,38,38,4,76,70,,
518487,Bobby Bramhall,MIL,NL,SP,4,8,,110,125,20,61,81,3,78,72,,
518489,Ryan Brasier,LAA,AL,RP,1,3,,37,44,7,21,24,1,28,26,,
518495,Brian Broderick,SLN,NL,SP,4,7,,97,121,16,41,44,4,70,64,,
518516,Madison Bumgarner,SFN,NL,SP,4,7,,92,100,13,38,60,3,56,52,1,3
518519,Brett Butts,ATL,NL,RP,2,4,,55,59,9,30,42,4,38,35,,
518547,Austin Chambliss,COL,NL,RP,2,3,,47,55,8,27,30,3,36,33,,
518565,Stephen Clyne,NYN,NL,RP,2,3,,41,46,6,26,25,2,28,26,,
518629,Brodie Downs,SEA,AL,RP,1,3,,41,44,5,25,23,4,28,26,,
518655,John Ely,LAN,NL,SP,5,8,,125,141,22,59,93,3,82,75,,
518674,Chuckie Fick,SLN,NL,RP,2,3,,40,46,6,19,20,2,27,25,,
518693,Samuel Freeman,SLN,NL,RP,1,2,,34,37,6,21,24,1,24,22,,
518697,Justin Friend,OAK,AL,RP,1,3,,43,47,7,26,32,3,32,29,,
518715,Cory Gearrin,ATL,NL,RP,1,3,,34,38,6,18,28,3,25,23,,
518716,Dillon Gee,NYN,NL,SP,4,5,,78,81,11,29,58,6,44,40,,
518764,Donovan Hand,MIL,NL,SP,4,8,,104,132,22,42,48,3,78,72,,
518807,Scott Hodsdon,OAK,AL,RP,2,3,,40,44,6,18,22,3,26,24,,
518813,Greg Holland,KCA,AL,RP,2,3,,40,43,5,22,29,1,25,23,,
518865,Josh Judy,CLE,AL,RP,2,2,,35,35,5,18,34,2,22,20,,
518875,Shawn Kelley,SEA,AL,RP,2,2,,41,37,5,13,33,2,19,17,0,41
518882,Jon Kibler,DET,AL,SP,3,8,,99,125,17,50,42,3,74,68,,
518886,Craig Kimbrel,ATL,NL,RP,2,2,,37,34,5,27,42,2,23,21,,
518895,Matt Klinker,CIN,NL,SP,3,6,,81,82,15,36,68,3,48,44,,
518901,Paul Koss,LAN,NL,RP,1,3,,36,39,6,21,28,2,25,23,,
518910,Casey Lambert,CHN,NL,RP,2,3,,48,54,7,22,30,2,30,28,,
518922,Andrew Laughter,TEX,AL,RP,1,3,,37,44,6,20,18,2,27,25,,
518927,Tom Layne,ARI,NL,SP,3,6,,85,104,13,50,48,5,64,59,,
518944,Mitch Lively,SFN,NL,RP,1,3,,40,45,7,23,24,1,28,26,,
518956,Johnnie Lowe,CHA,AL,SP,3,8,,96,128,22,48,44,5,81,75,,
518967,Henry Mabee,CHA,AL,RP,1,3,,38,44,6,22,23,1,27,25,,
518972,Trystan Magnuson,TOR,AL,RP,2,3,,42,49,7,25,25,2,31,29,,
518999,Mike McCardell,MIN,AL,SP,4,6,,93,110,18,39,59,7,66,61,,
519013,Eddie McKiernan,LAA,AL,RP,1,3,,39,46,7,21,22,2,30,28,,
519096,Dan Otero,SFN,NL,RP,1,2,,29,33,4,12,20,1,19,17,,
519099,Dylan Owen,NYN,NL,SP,4,9,,121,144,22,61,77,5,88,81,,
519105,Jarrod Parker,ARI,NL,SP,3,5,,72,83,11,39,54,5,50,46,,
519110,Joe Paterson,SFN,NL,RP,2,3,,42,41,5,21,35,2,24,22,,
519143,Ryan Pope,NYA,AL,SP,5,7,,107,135,21,43,61,6,81,75,,
519144,Rick Porcello,DET,AL,SP,5,8,,124,144,17,44,69,4,76,70,31,0
519145,Aaron Poreda,SDN,NL,SP,5,9,,125,119,13,75,106,9,70,64,0,14
519157,Chris Province,MIN,AL,RP,2,3,,41,48,5,19,22,2,27,25,,
519174,Trevor Reckling,LAA,AL,SP,4,6,,97,109,13,61,61,3,64,59,,
519181,Matt Renfree,SEA,AL,RP,1,2,,27,32,5,14,19,1,22,20,,
519186,Matt Reynolds,COL,NL,RP,2,3,,42,44,7,19,35,1,25,23,,
519218,Wes Roemer,ARI,NL,SP,5,10,,131,162,25,59,77,9,97,89,,
519240,Marc Rzepczynski,TOR,AL,SP,5,6,,98,99,10,48,95,3,54,50,11,0
519250,Dustin Sasser,CHN,NL,RP,1,3,,41,47,7,26,28,2,31,29,,
519259,Daniel Schlereth,DET,AL,RP,2,2,,33,30,3,19,32,2,18,17,0,21
519267,Evan Scribner,SDN,NL,RP,2,3,,45,43,6,19,43,1,25,23,,
519285,James Simmons,OAK,AL,SP,5,8,,115,128,15,46,68,4,70,64,,
519310,Billy Spottiswood,ARI,NL,RP,2,3,,42,46,6,18,27,3,26,24,,
519318,Spencer Steedley,MIN,AL,RP,2,3,,38,42,6,22,25,2,26,24,,
519322,Drew Storen,WAS,NL,RP,1,2,,26,27,4,15,22,1,18,17,,
519343,Matt Teague,SDN,NL,SP,3,7,,88,106,16,42,45,4,64,59,,
519357,Jess Todd,SLN,NL,RP,3,3,,56,52,6,21,49,3,27,25,0,20
519391,Jay Voss,FLO,NL,RP,1,2,,31,35,5,18,26,1,22,20,,
519403,Thad Weber,DET,AL,SP,3,7,,93,116,18,36,43,4,67,62,,
519405,Robbie Weinhardt,DET,AL,RP,1,3,,39,41,6,21,31,3,27,25,,
519437,Chris Withrow,LAN,NL,SP,4,6,,84,89,13,55,70,4,55,51,,
519455,Jordan Zimmermann,WAS,NL,SP,5,6,,98,93,12,37,93,4,48,44,16,0
520470,Matt German,PHI,NL,RP,2,2,,33,33,6,18,28,2,21,19,,
520531,Ben Swaggerty,KCA,AL,RP,2,3,,44,47,6,25,35,2,27,25,,
520868,Pete Parise,SLN,NL,RP,3,3,,46,45,6,20,32,1,24,22,,
520969,Pat Egan,BAL,AL,SP,3,6,,82,101,16,38,44,3,62,57,,
521448,Jason Glushon,OAK,AL,RP,1,2,,29,33,5,13,15,2,20,18,,
524108,Justin Fiske,SLN,NL,RP,1,2,,28,27,3,15,23,1,16,15,,
524289,Kenny Rodriguez,TOR,AL,SP,3,9,,108,134,23,63,70,4,90,83,,
525630,Ryne Miller,BOS,AL,RP,2,3,,45,46,6,22,34,2,27,25,,
525665,Matthew Sartor,LAN,NL,RP,2,3,,46,49,7,24,39,1,31,29,,
525768,Tim Collins,TOR,AL,RP,2,3,,43,46,7,28,43,2,31,29,,
526269,Hung-Wen Chen,CHN,NL,SP,3,7,,96,120,20,37,60,4,71,65,,
526700,Ryohei Tanaka,BAL,AL,SP,2,5,,68,82,13,32,36,3,50,46,,
527048,Martin Perez,TEX,AL,SP,3,6,,80,102,16,47,50,2,67,62,,
527128,Kat Maekawa,SLN,NL,RP,1,2,,25,24,3,16,19,2,15,14,,
534428,Esmailin Caridad,CHN,NL,SP,6,9,,131,146,22,49,96,5,84,77,0,14
534631,Elih Villanueva,FLO,NL,SP,3,8,,101,128,19,45,64,7,81,75,,
539438,Scott Diamond,ATL,NL,SP,4,7,,100,122,15,51,70,3,72,66,,
541077,Jeff Dietz,ARI,NL,RP,1,3,,43,49,8,23,34,3,33,30,,
542946,Jeremy Bleich,NYA,AL,SP,4,6,,91,115,19,51,56,5,75,69,,
542996,David Cales,CHN,NL,RP,2,3,,43,46,7,22,32,1,26,24,,
543025,Michael Cisco,PHI,NL,SP,3,6,,79,100,17,33,44,3,61,56,,
543144,Daniel Farquhar,TOR,AL,RP,2,3,,39,39,5,26,33,3,25,23,,
543195,Eddie Gamboa,BAL,AL,RP,2,3,,47,52,8,23,28,2,31,29,,
543209,Jared Gayhart,DET,AL,RP,1,3,,37,42,6,21,24,3,28,26,,
543236,Matt Gorgen,TBA,AL,RP,2,3,,41,40,6,24,30,1,25,23,,
543237,Scott Gorgen,SLN,NL,SP,3,6,,84,93,15,56,62,4,62,57,,
543251,Brian Grening,CLE,AL,RP,1,2,,24,25,4,14,19,1,15,14,,
543339,Daniel Hudson,CHA,AL,SP,5,7,,106,109,15,44,88,7,62,57,2,4
543351,Jay Jackson,CHN,NL,SP,3,6,,84,94,16,45,71,2,60,55,,
543385,Shane Kaufman,SFN,NL,RP,1,3,,36,42,6,20,26,2,28,26,,
543397,Tim Kiely,LAA,AL,SP,4,8,,100,133,22,36,44,3,80,74,,
543418,Ryan Kulik,SLN,NL,SP,3,7,,94,119,17,44,40,3,71,65,,
543540,Daniel Meszaros,HOU,NL,RP,2,3,,42,45,7,19,31,2,27,25,,
543634,Ryan Perry,DET,AL,RP,2,3,,45,43,5,23,41,1,25,23,0,53
543699,Tanner Roark,TEX,AL,SP,3,7,,88,107,18,49,57,6,71,65,,
543725,B.J. Rosenberg,PHI,NL,RP,2,2,,35,37,6,18,27,2,23,21,,
543819,Zachary Stewart,TOR,AL,RP,2,2,,39,41,5,18,31,1,22,20,,
543834,Richard Sullivan,ATL,NL,SP,3,7,,95,119,15,54,56,6,74,68,,
543942,Robert Wooten,MIL,NL,RP,2,3,,37,38,6,20,36,2,25,23,,
543953,Corey Young,TEX,AL,RP,1,3,,38,42,6,24,29,3,28,26,,
545059,Bryan Rembisz,LAA,AL,RP,2,3,,37,44,7,17,20,1,26,24,,
545411,Michael Benacka,OAK,AL,RP,3,3,,50,44,5,26,41,3,24,22,,
547568,Chia-Jen Lo,HOU,NL,RP,2,3,,38,36,5,22,36,2,22,20,,
547749,Junichi Tazawa,BOS,AL,SP,5,5,,91,100,12,32,58,5,54,50,4,2
547820,Fu-Te Ni,DET,AL,RP,2,2,,41,39,5,14,30,1,19,17,0,36
547958,Leon Boyd,TOR,AL,RP,2,3,,41,47,6,30,25,3,31,29,,
548092,Ken Takahashi,,,RP,2,2,,39,39,4,19,26,2,21,19,0,28
575089,Nolan Cain,DET,AL,RP,1,2,,25,31,5,14,14,1,21,19,,
