old,new,Name,Team,Pos
1,97,Mike Edwards,FA,3B
9,1799,Jamie Moyer,Phi,SP
13,1834,Kenny Rogers,FA,SP
17,1975,Tom Glavine,FA,SP
23,2077,John Smoltz,FA,SP
26,2113,Gary Sheffield,FA,OF
27,2122,Tom Gordon,FA,RP
30,2148,Ken Griffey Jr.,Sea,DH
31,2149,Omar Vizquel,CWS,SS
36,2234,Mike Stanton,FA,RP
39,2257,Rudy Seanez,FA,RP
50,2419,Luis Gonzalez,FA,OF
58,2523,Ivan Rodriguez,Was,C
62,2560,David Weathers,FA,RP
65,2578,Arthur Rhodes,Cin,RP
68,2604,Jim Thome,Min,DH
73,2657,Miguel Batista,Was,RP
77,2670,Russ Springer,FA,RP
79,2690,Matt Stairs,SD,OF
82,2717,Pedro Martinez,FA,SP
87,2748,Tim Wakefield,Bos,SP
96,2786,Doug Brocail,FA,RP
97,2790,Jose Valentin,FA,2B
99,2800,Alan Embree,FA,RP
102,2807,Javy Lopez,FA,C
104,2817,Trevor Hoffman,Mil,RP
105,2836,Mike Hampton,FA,SP
106,2867,Woody Williams,FA,SP
108,2893,Eddie Guardado,Was,RP
110,2904,Aaron Sele,FA,RP
117,2933,Chris Gomez,FA,3B
119,2937,Brad Ausmus,LAD,C
120,2940,Brian Shouse,Bos,RP
121,2945,Julian Tavarez,FA,RP
123,2960,Salomon Torres,FA,RP
126,2974,Manny Ramirez,LAD,OF
127,2993,Jim Edmonds,Mil,OF
133,3006,Chipper Jones,Atl,3B
134,3007,Hector Carrasco,FA,RP
138,3020,Carlos Delgado,FA,1B
143,3029,Chan Ho Park,FA,SP
153,3071,Jeff Cirillo,FA,3B
154,3075,Jon Lieber,FA,RP
159,3106,Joey Eischen,FA,RP
161,3115,Alex Rodriguez,NYY,3B
162,3129,Garret Anderson,FA,OF
163,3130,Armando Benitez,FA,RP
169,3143,Todd Williams,FA,RP
170,3147,Mike Myers,FA,RP
171,3150,Tomas Perez,FA,2B
172,3155,Troy Percival, FA,RP
174,3163,Ray Durham,FA,2B
175,3169,Al Reyes,FA,RP
176,3171,Andy Pettitte,NYY,SP
177,3176,LaTroy Hawkins,Mil,RP
179,3180,Jason Schmidt,FA,SP
180,3181,Tanyon Sturtze,FA,RP
183,3186,Ron Villone,FA,RP
184,3199,Mark Grudzielanek,Cle,2B
185,3203,Edgardo Alfonzo,FA,3B
187,3208,Esteban Loaiza,FA,RP
190,3226,Jason Giambi,Col,1B
193,3235,Ron Mahay,FA,RP
194,3240,Mariano Rivera,NYY,RP
196,3243,Alberto Castillo,FA,C
197,3246,Derek Jeter,NYY,SS
199,3256,Pete Walker,FA,RP
203,3267,Gregg Zaun,Mil,C
207,3288,Joe Borowski,FA,RP
208,3289,Jason Isringhausen,FA,RP
209,3294,Jeff Suppan,Mil,SP
211,3307,Paul Byrd,FA,SP
212,3312,Mark Sweeney,FA,1B
214,3323,Johnny Damon,FA,OF
215,3329,John Wasdin,FA,SP
216,3331,Mike Cameron,Bos,OF
218,3341,Jorge Posada,NYY,C
219,3343,Mark Loretta,FA,3B
221,3347,Juan Castro,Phi,2B
222,3348,Shannon Stewart,FA,OF
224,3352,Tony Clark,FA,1B
227,3356,Gary Bennett,FA,C
228,3360,Mike Sweeney,FA,DH
229,3362,Rich Aurilia,FA,1B
231,3375,Billy Wagner,Atl,RP
232,3376,Shawn Estes,FA,SP
233,3382,Brian Giles,LAD,OF
235,3386,Craig Counsell,Mil,2B
238,3392,Sal Fasano,FA,C
240,3401,Jason Kendall,KC,C
244,3425,Miguel Cairo,Cin,2B
246,3429,Tony Graffanino,FA,2B
247,3441,Edgar Renteria,SF,SS
249,3449,Jermaine Dye,FA,OF
250,3455,Raul Casanova,FA,C
253,3473,Darin Erstad,FA,OF
254,3479,Elmer Dessens,NYM,RP
256,3488,Danny Graves,FA,RP
257,3489,Jamey Wright,Cle,RP
258,3492,Jay Witasick,FA,RP
260,3504,Raul Ibanez,Phi,OF
262,3507,Scott Rolen,Cin,3B
263,3515,Luis Castillo,NYM,2B
265,3520,Andruw Jones,CWS,DH
266,3526,Greg Norton,FA,1B
268,3531,Doug Mirabelli,FA,C
269,3533,Einar Diaz,FA,C
271,3536,Raul Chavez,Tor,C
272,3537,Bobby Abreu,LAA,OF
273,3538,Dmitri Young,FA,C
276,3544,Trever Miller,StL,RP
278,3547,Mike DiFelice,FA,C
279,3570,Trot Nixon,FA,OF
281,3573,Livan Hernandez,FA,SP
282,3576,Vladimir Guerrero,Tex,DH
283,3577,Scott Spiezio,FA,3B
284,3582,Brian Moehler,Hou,SP
288,3591,Tom Martin,FA,RP
289,3592,Jose Guillen,KC,OF
291,3595,Emil Brown,FA,OF
292,3596,Ricardo Rincon,FA,RP
293,3602,Bartolo Colon,FA,SP
294,3603,Glendon Rusch,FA,RP
295,3604,Ronnie Belliard,LAD,1B
297,3608,Ricky Ledee,FA,OF
298,3610,Chris Carpenter,StL,SP
299,3611,John Thomson,FA,SP
300,3612,Jay Payton,Col,OF
301,3614,Derrek Lee,ChC,1B
302,3617,Steve Kline,FA,RP
303,3620,Jamie Walker,FA,RP
305,3625,Jose Cruz Jr.,FA,OF
307,3640,Derek Lowe,Atl,SP
308,3642,Mike DeJean,FA,RP
310,3656,Keith Foulke,FA,RP
311,3658,Brett Tomko,FA,SP
313,3662,Dave Dellucci,FA,DH
316,3670,Mark Bellhorn,FA,3B
317,3674,Antonio Alfonseca,FA,RP
319,3678,Jaret Wright,FA,SP
320,3680,Kelvim Escobar,NYM,SP
321,3685,Mark Kotsay,CWS,1B
322,3686,Dennys Reyes,StL,RP
323,3687,Kevin Millwood,Bal,SP
324,3689,Chad Fox,FA,SP
325,3701,Henry Blanco,NYM,C
326,3708,Scott Eyre,FA,RP
327,3709,Todd Helton,Col,1B
329,3717,Damian Miller,FA,C
331,3723,Torii Hunter,LAA,OF
332,3724,Jason Johnson,FA,RP
333,3725,Abraham Nunez,FA,3B
334,3727,Miguel Tejada,Bal,SS
335,3728,Magglio Ordonez,Det,OF
338,3736,Eli Marrero,FA,OF
339,3739,Orlando Cabrera,Cin,SS
340,3743,Juan Encarnacion,FA,OF
341,3746,Frank Catalanotto,NYM,OF
342,3747,Paul Konerko,CWS,1B
343,3748,David Ortiz,Bos,DH
345,3754,Javier Valentin,FA,C
346,3760,Jason Varitek,Bos,C
349,3770,Richie Sexson,FA,1B
352,3782,John Halama,Mil,RP
353,3783,Eric Milton,FA,SP
354,3784,Carl Pavano,Min,SP
355,3786,Javier Vazquez,NYY,SP
356,3787,Geoff Jenkins,FA,OF
358,3793,Russ Ortiz,LAD,SP
359,3799,Cliff Politte,FA,RP
360,3805,Braden Looper,FA,SP
361,3806,Vic Darensbourg,FA,RP
363,3820,Kevin Millar,ChC,1B
364,3821,Kerry Wood,Cle,RP
365,3823,Sidney Ponson,FA,SP
366,3826,Damon Hollins,FA,OF
367,3829,Paul Bako,FA,C
368,3833,Preston Wilson,FA,OF
369,3834,Jarrod Washburn,FA,SP
371,3837,Randy Winn,NYY,OF
372,3841,Daryle Ward,FA,1B
373,3845,Ryan Dempster,ChC,SP
374,3847,Mike Redmond,Cle,C
375,3853,Aramis Ramirez,ChC,3B
376,3854,Justin Speier,Col,RP
377,3858,Orlando Hernandez,FA,SP
379,3862,Alex Cora,NYM,SS
380,3865,Bengie Molina,SF,C
381,3869,Scott Elarton,FA,RP
382,3871,Paul Lo Duca,Col,C
384,3873,Ramon Martinez,FA,SS
385,3875,Bob Howry, Ari,RP
386,3878,Adrian Beltre,Bos,3B
388,3888,Placido Polanco,Phi,2B
390,3900,Chad Bradford,FA,RP
391,3902,Troy Glaus,Atl,3B
392,3903,Vance Wilson,KC,C
393,3910,Tim Byrdak,Hou,RP
394,3916,Alex Gonzalez,Tor,SS
395,3919,Wes Helms,Fla,3B
396,3926,Bruce Chen,KC,SP
397,3927,Odalis Perez,FA,SP
398,3930,Joe McEwing,FA,2B
399,3933,Mark DeRosa,SF,3B
400,3937,Michael Barrett,FA,C
401,3938,Matt Clement,FA,SP
402,3940,Marlon Anderson,FA,C
403,3944,Carlos Guillen,Det,OF
404,3948,A.J. Pierzynski,CWS,C
405,3949,Corey Koskie,FA,3B
406,3950,Octavio Dotel,Pit,RP
408,3953,Eric Chavez,Oak,3B
409,3956,J.D. Drew,Bos,OF
412,3966,Jerry Hairston Jr.,SD,OF
413,3971,Carlos Beltran,NYM,OF
414,3972,Mike Lowell,Bos,3B
415,3973,Roy Halladay,Phi,SP
417,3977,Doug Mientkiewicz,LAD,1B
418,3978,Robert Fick,FA,1B
419,3979,Gabe Kapler,TB,OF
420,3985,Rafael Betancourt,Col,RP
421,3987,Jonathan Johnson,FA,SP
422,3988,Russell Branyan,FA,1B
424,3993,Alfonso Soriano,ChC,OF
426,4000,Carlos Lee,Hou,OF
427,4006,Kris Benson,FA,RP
428,4007,Freddy Garcia,CWS,SP
430,4010,Scott Schoeneweis,Mil,RP
431,4013,Scott Williamson,FA,RP
435,4025,Cristian Guzman,Was,SS
436,4026,Joe Mays,FA,SP
437,4027,Jason Phillips,FA,C
438,4028,Scott Sauerbeck,FA,RP
440,4039,Jeff Weaver,LAD,SP
441,4044,Joe Nathan,Min,RP
442,4049,Kyle Farnsworth,KC,RP
443,4053,Guillermo Mota,FA,RP
444,4058,Jose Macias,FA,3B
445,4062,Ted Lilly,ChC,SP
446,4064,Ryan Franklin,StL,RP
448,4068,Ray King,FA,RP
449,4076,Byung-Hyun Kim,FA,SP
450,4078,Melvin Mora,Col,3B
451,4079,Dan Kolb,FA,RP
452,4080,Gary Matthews Jr.,NYM,OF
453,4081,David Newhan,FA,2B
454,4083,Chris Woodward,Sea,2B
455,4084,Tim Hudson,Atl,SP
456,4085,Jacque Jones,Min,OF
457,4087,Randy Wolf,Mil,SP
458,4091,Jason LaRue,StL,C
459,4094,Chad Harville,FA,RP
460,4096,Vicente Padilla,LAD,SP
461,4097,Ramon Hernandez,Cin,C
462,4100,Damaso Marte,NYY,RP
463,4105,Gil Meche,KC,SP
464,4108,John McDonald,Tor,SS
465,4109,Wade Miller,FA,SP
466,4110,Yamid Haad,FA,C
467,4112,Ken Ray,FA,RP
468,4115,Brad Penny,StL,SP
469,4118,Lance Berkman,Hou,1B
470,4119,Dave Borkowski,FA,RP
471,4122,Tomo Ohka,FA,SP
472,4124,Mark Redman,FA,SP
473,4126,Micah Bowie,FA,RP
474,4128,Humberto Cota,FA,C
475,4130,Luis Vizcaino,FA,RP
476,4132,Erubiel Durazo,FA,1B
477,4133,B.J. Ryan,FA,RP
479,4135,Matt Herges,KC,RP
480,4138,Doug Davis,Mil,SP
481,4139,Francisco Cordero,Cin,RP
482,4140,Kip Wells,FA,SP
484,4144,Dave Roberts,FA,OF
485,4146,Geoff Blum,Hou,3B
486,4148,David Riske,Mil,SP
488,4150,Scott Strickland,Fla,RP
490,4152,Tony Armas,FA,RP
491,4153,A.J. Burnett,NYY,SP
492,4156,Ramon Ortiz,LAD,SP
493,4157,Adam Kennedy,FA,2B
495,4163,Buddy Carlyle,FA,RP
496,4164,Ramon Castro,CWS,C
497,4166,Vernon Wells,Tor,OF
498,4169,Jose Molina,FA,C
499,4170,Dan Wheeler,TB,RP
500,4171,Shea Hillenbrand,FA,DH
501,4176,Jim Brower,FA,RP
502,4181,Eric Gagne,FA,RP
503,4183,Frank Menechino,FA,2B
504,4188,Matt Riley,FA,RP
505,4193,Josh Paul,FA,C
506,4194,Jeff DaVanon,FA,OF
507,4196,Michael Tejera,FA,RP
510,4202,J.C. Romero,Phi,RP
511,4203,Lance Carter,FA,RP
512,4207,Rod Barajas,FA,C
513,4208,Gary Glover,FA,RP
514,4209,John Bale,FA,RP
515,4210,Chad Durbin,Phi,RP
516,4212,Brian Falkenborg,FA,RP
517,4214,Pat Burrell,TB,DH
518,4223,Junior Spivey,FA,2B
519,4228,Adam Everett,Det,SS
520,4229,Mike Lamb,FA,3B
522,4232,Mark Mulder,FA,RP
523,4233,Barry Zito,SF,SP
524,4234,Danys Baez,Phi,RP
525,4235,Jon Garland,SD,SP
526,4239,Corey Patterson,Sea,OF
527,4240,Nick Johnson,NYY,1B
528,4241,Sean Burroughs,FA,3B
529,4242,Josh Beckett,Bos,SP
530,4243,Rafael Furcal,LAD,SS
532,4245,Milton Bradley,Sea,OF
534,4250,Joe Crede,FA,3B
536,4254,Felipe Lopez,FA,2B
537,4255,Michael Restovich,LAD,OF
538,4256,Luis Rivas,FA,2B
539,4258,Jimmy Rollins,Phi,SS
540,4259,Derrick Turnbow,Fla,RP
542,4262,Jayson Werth,Phi,OF
543,4263,Rob Bell,FA,SP
544,4266,Sun-Woo Kim,FA,RP
546,4280,Johan Santana,NYM,SP
548,4284,Aaron Fultz,FA,RP
549,4286,Scott Downs,Tor,RP
550,4290,Julio Lugo,StL,2B
551,4292,Kevin Walker,FA,RP
552,4294,Scott Linebrink,CWS,RP
553,4334,Pablo Ozuna,FA,2B
554,4336,Rodrigo Lopez,Ari,SP
555,4350,Jason Grilli,Cle,RP
557,4388,Brian Schneider,Phi,C
558,4390,Adam Melhuse,FA,C
559,4392,Adam Eaton,FA,SP
561,4405,Scott Podsednik,KC,OF
562,4409,Jason Marquis,Was,SP
563,4410,Jason Tyner,FA,OF
564,4411,Josh Phelps,FA,OF
566,4416,Bronson Arroyo,Cin,SP
567,4422,Jake Westbrook,Cle,SP
568,4424,Chad Moeller,Bal,C
569,4425,Luis Matos,FA,OF
571,4440,Randy Choate,TB,RP
572,4442,Tike Redman,FA,OF
573,4450,Wily Mo Pena,FA,OF
574,4454,Mark Buehrle,CWS,SP
575,4462,John Parrish,KC,RP
577,4469,Travis Harper,FA,RP
578,4474,Adam Bernero,FA,RP
579,4475,Danny Ardoin,FA,C
580,4479,Aubrey Huff,SF,1B
581,4485,Joel Pineiro,LAA,SP
582,4486,Juan Pierre,CWS,OF
585,4495,Shawn Wooten,FA,C
586,4498,Eric Byrnes,Sea,OF
587,4499,Carlos Zambrano,ChC,SP
588,4500,Ross Gload,Phi,1B
590,4510,Timo Perez,FA,OF
591,4513,Matt Ginter,FA,SP
592,4514,Ryan Vogelsong,Phi,RP
593,4520,Pedro Feliz,Hou,3B
594,4525,Kenny Kelly,FA,OF
595,4529,Brady Clark,FA,OF
596,4535,Mike Mahoney,FA,C
597,4540,Randy Keisler,FA,RP
599,4550,Toby Hall,Tex,C
601,4553,CC Sabathia,NYY,SP
602,4555,Keith Ginter,FA,2B
603,4556,Morgan Ensberg,FA,3B
605,4563,Will Ohman,Bal,RP
606,4564,Xavier Nady,ChC,OF
607,4566,Michael Young,Tex,3B
608,4568,Yorvit Torrealba,SD,C
609,4570,Ichiro Suzuki,Sea,OF
610,4571,Ben Sheets,Oak,SP
611,4572,Jon Rauch,Min,RP
612,4573,Brent Abernathy,FA,2B
613,4574,Albert Pujols,StL,1B
614,4575,Roy Oswalt,Hou,SP
615,4585,Jesus Colome,Sea,RP
616,4586,Chris Reitsma,FA,RP
617,4588,Joaquin Benoit,FA,RP
619,4593,Craig Wilson,FA,1B
620,4594,Carlos Pena,TB,1B
622,4597,Jay Gibbons,FA,OF
623,4598,Lyle Overbay,Tor,1B
624,4600,Rafael Soriano,TB,RP
625,4602,Marcus Giles,FA,2B
626,4603,Willie Bloomquist,KC,SS
627,4604,Michael Cuddyer,Min,1B
628,4606,Eric Hinske,Atl,OF
629,4607,Cesar Izturis,Bal,SS
630,4609,Jack Cust,Oak,OF
631,4610,Alex Escobar,FA,OF
632,4611,Bobby Kielty,FA,OF
633,4612,Brad Wilkerson,FA,OF
634,4614,Ben Broussard,FA,1B
635,4615,Jody Gerut,Mil,OF
637,4623,Brandon Inge,Det,3B
638,4625,David Eckstein,SD,2B
640,4627,Jack Wilson,Sea,SS
641,4629,Ryan Freel,FA,OF
642,4632,Joe Beimel,FA,RP
643,4634,Mike MacDougal,FA,RP
644,4640,Justin Miller,LAD,RP
645,4641,Brandon Duckworth,FA,SP
646,4643,Bret Prinz,FA,RP
647,4644,Juan Rincon,FA,RP
650,4652,Josh Hamilton,Tex,OF
651,4653,Jason Michaels,Hou,OF
652,4655,Victor Santos,FA,SP
653,4657,Juan Uribe,SF,2B
654,4660,Matt Wise,FA,RP
655,4661,Brian Lawrence,FA,SP
656,4676,Chad Paronto,FA,RP
657,4682,Jason Karnuth,FA,RP
658,4695,R.A. Dickey,NYM,RP
659,4698,Jorge Julio,FA,RP
660,4701,Josh Towers,LAD,SP
661,4702,Shawn Chacon,FA,SP
662,4712,Jamie Burke,Was,C
663,4713,Johnny Estrada,FA,C
665,4718,Rob Mackowiak,FA,OF
666,4722,Scot Shields,LAA,RP
667,4727,Endy Chavez,FA,OF
668,4731,Brian Fuentes,LAA,RP
671,4745,Aaron Rowand,SF,OF
672,4752,Travis Hafner,Cle,DH
673,4753,Josh Fogg,NYM,RP
674,4755,Scott Atchison,Bos,RP
675,4762,Aaron Cook,Col,SP
676,4763,Josh Bard,Sea,C
677,4767,Alex Sanchez,FA,OF
678,4769,Joe Nelson,Bos,RP
679,4773,Brian Roberts,Bal,2B
680,4779,Jason Smith,FA,2B
681,4787,Jose Acevedo,FA,RP
682,4789,Kyle Lohse,StL,SP
683,4791,Victor Zambrano,FA,SP
685,4794,Tim Redding,Col,SP
687,4808,Adam Dunn,Was,1B
688,4811,Grant Balfour,TB,RP
689,4814,Alex Cintron,FA,2B
690,4816,Justin Duchscherer,Oak,SP
692,4819,Erasmo Ramirez,FA,RP
693,4821,Ryan Drese,FA,SP
694,4823,Casey Fossum,FA,RP
695,4824,Craig Monroe,FA,OF
696,4825,Henry Mateo,FA,2B
698,4835,Bobby Seay,Det,RP
699,4838,Juan Cruz,KC,RP
700,4840,Jason Jennings,FA,RP
701,4843,Dewon Brazelton,FA,RP
702,4936,Mark Prior,FA,SP
703,4937,Mark Teixeira,NYY,1B
704,4939,Blaine Neal,FA,RP
705,4940,Dustan Mohr,FA,OF
706,4944,Rick Bauer,FA,RP
707,4946,Nick Punto,Min,2B
708,4949,Willie Harris,Was,OF
709,4951,Corky Miller,Cin,C
710,4956,Juan Rivera,LAA,OF
711,4958,Mike Koplove,Sea,RP
712,4968,Wilson Betemit,KC,1B
713,4971,Ramon Vazquez,Pit,2B
714,4972,Geronimo Gil,FA,C
715,4975,Angel Berroa,LAD,3B
716,4980,Mike Rivera,NYY,C
717,4981,Tyler Walker,Was,RP
719,4986,Dane Sardinha,Phi,C
720,4992,Ken Harvey,FA,1B
722,5001,Brendan Donnelly,Pit,RP
723,5004,So Taguchi,FA,OF
725,5007,Victor Martinez,Bos,C
727,5012,Austin Kearns,Cle,OF
728,5014,Joe Borchard,FA,OF
729,5016,Brandon Claussen,FA,SP
730,5017,Brett Myers,Hou,SP
731,5019,Jake Peavy,CWS,SP
732,5022,Billy Traber,FA,SP
734,5026,Jerome Williams,FA,SP
735,5029,Orlando Hudson,Min,2B
736,5030,Hank Blalock,FA,1B
737,5031,Brandon Phillips,Cin,2B
738,5032,Jason Lane,FA,OF
739,5033,Marlon Byrd,ChC,OF
741,5035,Carl Crawford,TB,OF
742,5036,Ryan Ludwick,StL,OF
743,5056,Carlos Silva,ChC,SP
744,5061,Jeremy Affeldt,SF,RP
745,5062,Miguel Asencio,FA,SP
746,5063,Jorge Sosa,Bos,RP
747,5066,Alfredo Amezaga,LAD,OF
749,5071,Nick Green,LAD,SS
750,5072,Horacio Ramirez,FA,RP
753,5086,Mark Ellis,Oak,2B
754,5088,Kevin Mench,FA,OF
755,5089,Andres Torres,SF,OF
756,5091,Nate Field,FA,RP
757,5093,Kevin Gryboski,FA,RP
758,5097,Brandon Puffer,FA,RP
759,5098,Tyler Yates,Pit,RP
760,5099,Erik Bedard,Sea,SP
761,5102,Brad Lidge,Phi,RP
762,5105,Randy Flores,Col,RP
763,5106,Travis Driskill,FA,RP
764,5109,Ryan Langerhans,Sea,OF
765,5111,Fernando Rodney,LAA,RP
766,5137,Julio Mateo,FA,RP
768,5178,Ramon Santiago,Det,2B
769,5179,Lee Gardner,FA,RP
770,5180,Esteban German,Tex,3B
771,5181,Aaron Harang,Cin,SP
772,5182,Chris Snelling,FA,OF
773,5186,Mike Maroth,Min,SP
774,5189,Marcus Thames,NYY,OF
775,5192,Oliver Perez,NYM,SP
776,5193,Kirk Saarloos,FA,RP
777,5194,Duaner Sanchez,FA,RP
779,5196,Alexis Gomez,FA,OF
781,5203,John Lackey,Bos,SP
782,5205,Jaime Cerda,FA,RP
784,5207,Luke Hudson,FA,SP
785,5210,Ryan Bukvich,FA,RP
786,5215,Brandon Backe,FA,RP
787,5217,Marco Scutaro,Bos,SS
788,5219,Wil Nieves,Was,C
789,5222,Runelvys Hernandez,FA,SP
790,5292,Matt Cepicky,FA,OF
791,5293,Matt Childers,FA,RP
792,5295,Mark Hendrickson,Bal,SP
793,5299,Coco Crisp,Oak,OF
794,5301,Ricardo Rodriguez,FA,SP
795,5302,Chone Figgins,Sea,3B
796,5306,Clay Condrey,Min,RP
797,5311,Bill Hall,Bos,3B
798,5314,Pedro Feliciano,NYM,RP
799,5315,Freddy Sanchez,SF,2B
801,5323,Ed Rogers,FA,2B
803,5326,Kevin Cash,Hou,C
805,5336,Nate Robertson,Det,SP
806,5339,Omar Infante,Atl,2B
807,5341,Franklyn German,FA,RP
808,5346,Jason Davis,FA,RP
809,5349,Jamey Carroll,LAD,2B
810,5352,Rocco Baldelli,FA,OF
811,5353,Cliff Lee,Sea,SP
812,5354,Brian Tallet,Tor,SP
813,5355,Miguel Olivo,Col,C
814,5357,Francisco Rodriguez,NYM,RP
815,5358,Eric DuBose,FA,RP
816,5361,Michael Ryan,LAA,OF
817,5365,Wes Obermueller,FA,SP
818,5370,Jeremy Guthrie,Bal,SP
819,5371,Jeff Baker,ChC,2B
820,5372,Hideki Matsui,LAA,DH
821,5373,Jose Contreras,Phi,SP
822,5375,Kevin Youkilis,Bos,3B
824,5378,Joe Mauer,Min,C
825,5379,Justin Morneau,Min,1B
827,5382,Ryan Madson,Phi,RP
828,5383,Chase Utley,Phi,2B
829,5384,Sean Burnett,Was,RP
830,5385,Koyie Hill,ChC,C
831,5386,Ben Hendrickson,FA,SP
832,5388,Javier Lopez,Pit,RP
833,5389,Luis Ayala,LAD,RP
834,5391,Wil Ledezma,Pit,RP
835,5393,D.J. Carrasco,Pit,RP
836,5394,Ronny Paulino,Fla,C
837,5395,Chris Spurling,FA,RP
838,5396,John Koronka,FA,SP
839,5398,Marshall McDougall,FA,3B
840,5399,Aquilino Lopez,FA,RP
841,5400,Mike Gosling,Cle,RP
842,5401,Scott Hairston,SD,OF
843,5402,Chad Tracy,ChC,1B
844,5403,Adam Wainwright,StL,SP
845,5404,Cody Ross,Fla,OF
846,5405,Adrian Gonzalez,SD,1B
847,5407,John Buck,Tor,C
848,5409,Shane Victorino,Phi,OF
849,5410,Aaron Heilman,Ari,RP
850,5411,Jose Reyes,NYM,SS
852,5415,Jesse Foppert,FA,SP
853,5416,Todd Linden,FA,OF
854,5417,Vinnie Chulk,Pit,RP
855,5418,Gabe Gross,Oak,OF
858,5421,Hector Luna,Fla,3B
859,5427,Gary Majewski,Hou,RP
860,5428,Jason Dubois,FA,OF
861,5430,Matt Roney,FA,RP
863,5432,Choo Freeman,FA,OF
864,5433,Chris Burke,Cin,SS
865,5435,Antonio Perez,FA,3B
866,5436,Jeremy Bonderman,Det,RP
867,5438,Seth McClung,Fla,RP
868,5440,Jason Anderson,FA,RP
870,5442,Oscar Villarreal,FA,RP
871,5446,Kiko Calero,FA,RP
872,5447,Robby Hammock,FA,C
873,5452,Reed Johnson,LAD,OF
875,5455,Brandon Webb,Ari,SP
876,5456,Kyle Snyder,FA,RP
878,5460,Claudio Vargas,Mil,RP
879,5465,Gerald Laird,Det,C
881,5469,Chris Capuano,Mil,SP
882,5470,Dontrelle Willis,Det,SP
883,5474,Jason Ellison,FA,OF
884,5475,Todd Wellemeyer,FA,SP
885,5478,Miguel Ojeda,FA,C
886,5496,Jason Bay,NYM,OF
887,5497,Jamal Strong,FA,OF
888,5498,Edgar Gonzalez,FA,SP
889,5502,Adam Loewen,FA,SP
890,5504,Jose Valverde,Det,RP
891,5507,Garrett Atkins,Bal,3B
892,5508,Ray Olmedo,Tex,SS
894,5511,Bubba Crosby,FA,OF
895,5527,Jhonny Peralta,Cle,SS
896,5532,Matt Kata,FA,2B
897,5544,Miguel Cabrera,Det,1B
898,5550,Eric Bruntlett,Was,2B
899,5555,Matt Miller,FA,RP
900,5558,Mike Gallo,FA,RP
902,5565,Dan Haren,Ari,SP
903,5572,Angel Guzman,ChC,RP
904,5576,Laynce Nix,Cin,OF
905,5580,Kevin Correia,SD,SP
906,5581,Luis Terrero,FA,OF
907,5588,Rich Harden,Tex,SP
908,5593,Ryan Wagner,FA,RP
909,5595,Matt Diaz,Atl,OF
910,5596,Sergio Mitre,NYY,SP
911,5606,Chin-Hui Tsao,FA,RP
913,5612,Robb Quinlan,FA,OF
914,5619,Greg Jones,FA,RP
916,5627,Chad Gaudin,NYY,SP
917,5628,Jon Switzer,FA,RP
918,5629,Jimmy Gobble,Col,RP
919,5640,J.J. Putz,CWS,RP
920,5641,Kevin Gregg,Tor,RP
921,5642,Mike Gonzalez,Bal,RP
923,5644,Neal Cotts,Pit,RP
924,5648,Jon Adkins,Cin,RP
925,5650,Matt Thornton,CWS,RP
926,5652,Rickie Weeks,Mil,2B
927,5678,Rob Bowen,FA,C
928,5687,Mike Wood,FA,RP
929,5713,Doug Waechter,FA,RP
930,5727,Geoff Geary,Tex,RP
931,5728,Jon Leicester,FA,RP
932,5752,Chad Cordero,Sea,RP
933,5770,Bobby Crosby,Pit,3B
934,5779,Noah Lowry,FA,SP
935,5780,Michel Hernandez,Bal,C
936,5792,Pete Laforest,FA,C
937,5794,Humberto Quintero,Hou,C
938,5795,Aaron Miles,Cin,2B
939,5796,Lance Niekro,FA,1B
940,5797,Khalil Greene,Tex,SS
941,5798,Clint Barmes,Col,2B
942,5799,David DeJesus,KC,OF
943,5810,Scott Proctor,Atl,RP
944,5821,Chris Bootcheck,FA,RP
945,5829,Matt Belisle,Col,RP
946,5842,Edwin Jackson,Ari,SP
947,5860,Jonny Gomes,FA,OF
949,5864,John Grabow,ChC,RP
950,5876,Kazuo Matsui,Hou,2B
951,5877,Tim Hamulack,FA,RP
952,5878,Akinori Otsuka,FA,RP
953,5879,Adam LaRoche,Ari,1B
954,5880,Alex Rios,CWS,OF
956,5882,Grady Sizemore,Cle,OF
957,5883,Zack Greinke,KC,SP
958,5884,Luis Gonzalez,FA,OF
959,5885,Chris Shelton,Hou,1B
960,5888,Frank Brooks,FA,RP
961,5890,Jose Bautista,Tor,3B
962,5894,Lenny DiNardo,Oak,SP
963,5895,Willy Taveras,FA,OF
964,5897,Colter Bean,FA,RP
967,5902,Dioner Navarro,TB,C
969,5904,Edwin Encarnacion,Tor,3B
970,5905,Jesse Crain,Min,RP
971,5906,Jorge De La Rosa,Col,SP
972,5907,Mike Jones,FA,SP
973,5908,J.J. Hardy,Min,SS
974,5909,Jeremy Reed,Tor,OF
975,5910,Bobby Jenks,CWS,RP
976,5911,John Van Benschoten,FA,SP
977,5914,Greg Miller,FA,RP
978,5915,Prince Fielder,Mil,1B
979,5916,Andy Marte,Cle,1B
980,5917,Scott Kazmir,LAA,SP
981,5918,Casey Kotchman,Sea,1B
982,5919,Dustin McGowan,Tor,SP
983,5920,Josh Barfield,FA,2B
984,5921,Jeff Mathis,LAA,C
985,5922,Gavin Floyd,CWS,SP
986,5923,Clint Nageotte,FA,RP
987,5924,J.D. Durbin,FA,SP
988,5928,Jose Castillo,FA,3B
990,5930,Shawn Camp,Tor,RP
991,5931,Casey Daigle,Hou,RP
992,5932,Michael Wuertz,Oak,RP
993,5933,David Aardsma,Sea,RP
995,5937,Nick Swisher,NYY,1B
996,5938,Jason Frasor,Tor,RP
997,5940,Matt Holliday,StL,OF
998,5941,Phil Seibel,FA,RP
999,5943,Andres Blanco,ChC,2B
1003,5955,Brad Hawpe,Col,OF
1004,5959,Brian Bruney,Was,RP
1005,5961,Daniel Cabrera,CWS,SP
1006,5963,Frank Francisco,Tex,RP
1008,5967,Scott Dohmann,LAD,RP
1009,5968,Allan Simpson,FA,RP
1011,5970,B.J. Upton,TB,OF
1012,5971,Justin Germano,FA,RP
1013,5973,Corey Hart,Mil,OF
1014,5974,Elizardo Ramirez,FA,RP
1015,5975,Denny Bautista,SF,RP
1017,5983,Tim Olson,FA,3B
1018,5984,Matt Treanor,Mil,C
1019,5986,Yadier Molina,StL,C
1020,5988,Cory Sullivan,Hou,OF
1021,5990,Joey Gathright,Tor,OF
1022,5993,Shawn Hill,Tor,SP
1023,5994,Michael Hinckley,Bal,RP
1024,5995,Andy Green,NYM,2B
1025,5996,Dallas McPherson,Oak,3B
1027,5998,Matt Guerrier,Min,RP
1028,5999,Brad Halsey,FA,RP
1029,6000,Justin Lehr,Cin,SP
1030,6003,Lance Cormier,TB,RP
1031,6005,Greg Aquino,CWS,RP
1032,6010,Charles Thomas,FA,OF
1033,6011,Mark Teahen,CWS,3B
1034,6015,Chris Aguila,FA,OF
1035,6018,Travis Blackley,NYM,SP
1036,6020,Dave Bush,Mil,SP
1037,6022,Brendan Harris,Min,SS
1038,6024,Josh Willingham,Was,OF
1040,6026,Juan Padilla,FA,RP
1041,6031,George Sherrill,LAD,RP
1042,6033,Jorge Cantu,Fla,3B
1043,6034,Chad Qualls,Ari,RP
1044,6035,David Wright,NYM,3B
1045,6038,Jeff Francis,Col,SP
1046,6039,Nook Logan,FA,OF
1048,6041,John Maine,NYM,SP
1049,6043,Abe Alvarez,FA,RP
1050,6044,Jason Bartlett,TB,SS
1051,6045,Roberto Novoa,FA,RP
1052,6048,Jose Lopez,Sea,2B
1053,6049,John Webb,FA,RP
1054,6050,Merkin Valdez,Tor,RP
1055,6051,Yhency Brazoban,FA,RP
1056,6053,Ruben Gotay,StL,3B
1057,6055,Cha Seung Baek,FA,SP
1058,6056,Brad Hennessey,FA,RP
1059,6058,Jorge Piedra,FA,OF
1060,6060,Santiago Casilla,SF,RP
1061,6061,Jorge Vasquez,FA,RP
1062,6062,Franklin Nunez,FA,RP
1063,6063,Andy Phillips,FA,3B
1064,6065,Freddy Guzman,FA,OF
1065,6067,Fernando Cabrera,Bos,RP
1066,6068,Val Majewski,FA,OF
1067,6070,Chris Snyder,Ari,C
1068,6071,Roman Colon,KC,RP
1069,6072,Ian Snell,Sea,SP
1070,6073,Chris Young,SD,SP
1071,6076,Jeff Keppinger,Hou,2B
1072,6078,Ryan Church,Pit,OF
1073,6081,Marty McLeary,FA,RP
1074,6082,Jerry Gil,FA,SS
1075,6084,Heath Bell,SD,RP
1076,6085,Pedro Liriano,FA,RP
1077,6087,Maicer Izturis,LAA,2B
1078,6088,Pete Orr,Was,2B
1079,6089,Wilson Valdez,Phi,SS
1080,6091,Jose Capellan,FA,RP
1082,6096,Dan Johnson,TB,1B
1083,6097,Ryan Howard,Phi,1B
1084,6098,Mike Fontenot,ChC,2B
1085,6099,Greg Dobbs,Phi,3B
1086,6100,Terry Tiffee,FA,OF
1087,6101,Russ Adams,NYM,OF
1088,6102,Jason Kubel,Min,OF
1089,6103,John Gall,FA,OF
1090,6104,Adam Shabala,FA,OF
1091,6105,Dave Krynzel,FA,OF
1092,6106,Dan Meyer,Fla,RP
1093,6107,Francisco Cruceta,FA,RP
1094,6110,Scott Dunn,FA,RP
1096,6112,Carmen Cali,FA,RP
1097,6113,Paul Phillips,FA,C
1098,6115,Aaron Rakers,FA,RP
1099,6116,Justin Knoedler,LAD,C
1100,6118,Logan Kensing,Was,RP
1101,6121,Victor Diaz,FA,OF
1102,6122,Randy Williams,CWS,RP
1103,6125,Curtis Granderson,NYY,OF
1104,6126,Mike Rose,FA,C
1105,6128,Rene Rivera,FA,C
1106,6130,Donnie Murphy,Fla,3B
1107,6132,Joe Blanton,Phi,SP
1110,6136,Kameron Loe,Mil,RP
1112,6138,Delmon Young,Min,OF
1113,6175,Huston Street,Col,RP
1114,6177,Andrew Sisco,FA,RP
1115,6178,Tyrell Godwin,FA,OF
1116,6179,Marcos Carvajal,FA,RP
1117,6182,Tyler Johnson,FA,RP
1118,6183,Ryan Rowland-Smith,Sea,SP
1119,6184,D.J. Houlton,FA,SP
1120,6185,Adam Stern,Mil,OF
1123,6188,Kendry Morales,LAA,1B
1124,6189,Keiichi Yabu,FA,RP
1125,6190,Aaron Hill,Tor,2B
1126,6191,Brandon McCarthy,Tex,SP
1127,6192,Carlos Quentin,CWS,OF
1128,6193,Conor Jackson,Ari,OF
1129,6194,Felix Hernandez,Sea,SP
1130,6195,Hanley Ramirez,Fla,SS
1131,6196,Brian Anderson,KC,OF
1132,6197,Ian Kinsler,Tex,2B
1133,6198,Jason Stokes,FA,1B
1134,6199,Jeremy Hermida,Bos,OF
1135,6200,Kelly Shoppach,TB,C
1136,6201,Larry Broadway,FA,1B
1137,6202,Matt Cain,SF,SP
1138,6203,Renyel Pinto,Fla,RP
1139,6204,Robinson Cano,NYY,2B
1140,6205,Shin-Soo Choo,Cle,OF
1141,6207,Tim Stauffer,SD,SP
1142,6208,Kyle Davies,KC,SP
1143,6209,Chien-Ming Wang,FA,SP
1144,6210,Ryan Garko,Sea,1B
1145,6211,Francisco Liriano,Min,SP
1146,6214,Dustin Moseley,LAA,SP
1147,6215,Chris Narveson,Mil,RP
1148,6216,Cole Hamels,Phi,SP
1149,6217,Tadahito Iguchi,FA,2B
1150,6218,Yuniesky Betancourt,KC,SS
1151,6219,Zach Duke,Pit,SP
1152,6220,Nate McLouth,Atl,OF
1153,6221,Todd Coffey,Mil,RP
1154,6222,William Bergolla,FA,2B
1155,6223,Ezequiel Astacio,FA,RP
1156,6224,Taylor Buchholz,Col,RP
1157,6225,Anthony Reyes,Cle,SP
1158,6227,Jason Repko,LAD,OF
1159,6228,Ryan Speier,Was,RP
1160,6229,Luke Scott,Bal,OF
1161,6230,Jason Bulger,LAA,RP
1162,6234,Dennis Sarfate,Bal,RP
1163,6237,Brian Myrow,Pit,1B
1164,6240,Sean Tracey,FA,RP
1165,6242,Nelson Cruz,Tex,OF
1166,6245,Brian Burres,Pit,SP
1167,6247,Jake Woods,FA,RP
1168,6248,Steve Schmoll,FA,RP
1169,6250,Chris Duffy,Phi,OF
1171,6253,Dave Gassner,FA,SP
1172,6254,Ronny Cedeno,Pit,SS
1173,6256,Ambiorix Burgos,FA,RP
1174,6257,Royce Ring,NYY,RP
1175,6258,Scott Munter,FA,RP
1176,6260,Pedro Lopez,FA,SS
1177,6261,Scott Baker,Min,SP
1178,6262,Jeremy Accardo,Tor,RP
1179,6263,Sean Henn,Tor,RP
1180,6264,Brad Thompson,KC,SP
1181,6265,Robinson Tejeda,KC,SP
1182,6268,Ray Sadler,FA,OF
1183,6269,Cla Meredith,Bal,RP
1184,6271,Oscar Robles,FA,2B
1185,6272,Leo Nunez,Fla,RP
1186,6273,Todd Self,FA,OF
1188,6276,Jeff Fiorentino,FA,OF
1190,6279,Mike Burns,FA,SP
1191,6280,Ervin Santana,LAA,SP
1192,6281,Jorge Campillo,KC,RP
1193,6283,Joe Dillon,TB,DH
1194,6284,Luis Rodriguez,Cle,2B
1195,6285,Brayan Pena,KC,C
1196,6286,Wandy Rodriguez,Hou,SP
1197,6287,Joel Peralta,Was,RP
1198,6290,Yorman Bazardo,Hou,SP
1201,6293,Hayden Penn,Fla,RP
1202,6295,Kelly Johnson,Ari,2B
1203,6296,Chad Orvella,FA,RP
1204,6298,Stephen Drew,Ari,SS
1206,6300,Mike Morse,Was,1B
1207,6302,Tony Giarratano,FA,SS
1208,6304,Ryan Doumit,Pit,C
1209,6306,Glenn Williams,FA,3B
1210,6307,Skip Schumaker,StL,2B
1211,6308,Franquelis Osoria,FA,RP
1212,6309,Brian McCann,Atl,C
1214,6311,C.J. Wilson,Tex,RP
1215,6312,J.P. Howell,TB,RP
1216,6314,Jack Taschner,Pit,RP
1217,6316,Blaine Boyer,Ari,RP
1218,6317,Ryan Shealy,TB,1B
1219,6318,Tim Corcoran,FA,SP
1220,6319,Chris Ray,Tex,RP
1221,6321,Rich Hill,StL,SP
1222,6323,Ron Flores,FA,RP
1223,6324,Brandon Medders,SF,RP
1224,6325,Justin Huber,FA,1B
1225,6327,Jonah Bayliss,FA,RP
1226,6330,Randy Messenger,FA,RP
1227,6331,Paul McAnulty,FA,OF
1228,6332,Scott Olsen,Was,SP
1229,6336,Brian Shackelford,FA,RP
1230,6337,Ben Johnson,FA,OF
1231,6338,Kevin Reese,FA,OF
1232,6340,Chris Resop,Atl,RP
1233,6341,Justin Verlander,Det,SP
1234,6342,Eli Whiteside,SF,C
1235,6343,Fernando Cortez,FA,2B
1236,6344,Kevin Hooper,FA,2B
1237,6345,Jeff Francoeur,NYM,OF
1238,6347,Melky Cabrera,Atl,OF
1239,6348,Adam Greenberg,FA,OF
1240,6349,Matt Murton,FA,OF
1241,6350,Ryan Spilborghs,Col,OF
1242,6352,Jason Vargas,Sea,SP
1243,6353,Dana Eveland,Tor,SP
1244,6354,Danny Sandoval,FA,SS
1245,6355,Jason Botts,CWS,1B
1246,6356,Fausto Carmona,Cle,SP
1247,6358,Clay Hensley,Fla,RP
1248,6359,John Rodriguez,FA,OF
1249,6360,Chip Ambres,FA,OF
1250,6362,Macay McBride,FA,RP
1251,6363,Brad Eldred,FA,OF
1252,6365,Craig Breslow,Oak,RP
1254,6370,Jonathan Broxton,LAD,RP
1255,6373,Jonathan Papelbon,Bos,RP
1256,6374,Omar Quintanilla,FA,2B
1257,6376,Jeff Harris,FA,RP
1258,6377,Eude Brito,FA,SP
1259,6378,Ryan Jorgensen,FA,C
1260,6379,Brandon Watson,FA,OF
1262,6383,Joe Saunders,LAA,SP
1263,6384,Scott Feldman,Tex,SP
1264,6385,Mike Jacobs,FA,DH
1265,6387,Joey Devine,Oak,RP
1266,6388,Andrew Brown,FA,RP
1267,6389,Ryan Zimmerman,Was,3B
1268,6390,Russell Martin,LAD,C
1269,6391,Chuck James,FA,SP
1270,6392,Joel Zumaya,Det,RP
1271,6393,Dustin Pedroia,Bos,2B
1272,6394,Alejandro Machado,FA,2B
1273,6395,Joel Guzman,FA,3B
1274,6398,Paul Maholm,Pit,SP
1275,6399,Jason Bergmann,Was,RP
1276,6400,Willy Aybar,TB,2B
1277,6401,Edinson Volquez,Cin,SP
1278,6403,Freddie Bynum,CWS,SS
1279,6405,Jermaine Van Buren,FA,RP
1280,6406,Angel Chavez,FA,SS
1281,6408,Franklin Gutierrez,Sea,OF
1282,6410,Bernie Castro,FA,2B
1283,6411,Chris Oxspring,FA,RP
1284,6414,Robert Andino,Bal,SS
1285,6415,Hong-Chih Kuo,LAD,RP
1286,6416,Anthony Lerew,KC,SP
1287,6417,Dustin Nippert,Tex,SP
1288,6418,Daniel Ortmeier,FA,1B
1289,6420,Miguel Perez,FA,C
1290,6421,Chris Booker,FA,RP
1291,6422,Darrell Rasner,FA,SP
1292,6423,Chris Duncan,FA,OF
1293,6426,John-Ford Griffin,FA,OF
1294,6427,Shaun Marcum,Tor,SP
1295,6428,Geovany Soto,ChC,C
1296,6429,Josh Wilson,Sea,SS
1297,6430,Mike Vento,FA,OF
1298,6431,Chris Denorfia,SD,OF
1300,6433,Travis Bowyer,FA,RP
1301,6434,Chris Heintz,FA,C
1302,6435,Josh Johnson,Fla,SP
1303,6437,Ryan Theriot,ChC,SS
1304,6438,Josh Rupe,KC,RP
1305,6440,J.J. Furmaniak,FA,2B
1307,6444,Doug Clark,FA,OF
1308,6445,Charlton Jimerson,FA,OF
1309,6447,Mark Woodyard,FA,RP
1310,6448,Bryan Bullington,KC,RP
1311,6449,Tom Gorzelanny,ChC,SP
1312,6450,Matt Capps,Was,RP
1313,6451,Anderson Hernandez,NYM,2B
1314,6453,Mike Esposito,FA,SP
1315,6454,Craig Hansen,Pit,RP
1316,6458,Kenji Johjima,FA,C
1317,6459,Fabio Castro,Bos,RP
1318,6462,Dan Uggla,Fla,2B
1319,6465,Juan Mateo,FA,SP
1320,6466,Mike Megrew,FA,SP
1322,6470,Yusmeiro Petit,Sea,SP
1323,6471,Jeremy Sowers,Cle,SP
1324,6472,Anibal Sanchez,Fla,SP
1325,6473,Eric Reed,FA,OF
1326,6474,Brian Bannister,KC,SP
1327,6475,Felix Pie,Bal,OF
1329,6477,Lastings Milledge,Pit,OF
1330,6478,Nick Markakis,Bal,OF
1331,6479,Jered Weaver,LAA,SP
1332,6480,Jason Hammel,Col,SP
1333,6481,Andre Ethier,LAD,OF
1334,6482,Glen Perkins,Min,SP
1335,6484,Reggie Abercrombie,FA,OF
1336,6485,Fernando Nieve,NYM,SP
1337,6486,Boone Logan,NYY,RP
1338,6487,Bill Bray,Cin,RP
1339,6488,Angel Pagan,NYM,OF
1340,6489,Sean Marshall,ChC,SP
1341,6490,Sendy Rleal,FA,RP
1342,6491,Ricky Nolasco,Fla,SP
1343,6492,Carlos Martinez,FA,SP
1344,6493,Ruddy Lugo,FA,RP
1345,6495,Jordan Tata,FA,SP
1346,6497,James Loney,LAD,1B
1347,6498,Takashi Saito,Atl,RP
1348,6500,Peter Moylan,Atl,RP
1349,6502,Chris Britton,FA,RP
1350,6503,Ramon Ramirez,Bos,RP
1351,6504,Tony Pena,SF,SS
1352,6507,Matt Smith,FA,RP
1353,6508,Saul Rivera,Cle,RP
1354,6509,Travis Ishikawa,SF,1B
1355,6510,Drew Meyer,Hou,2B
1356,6512,Rafael Perez,Cle,RP
1357,6513,Martin Prado,Atl,2B
1358,6514,Chris Young,Ari,OF
1359,6515,Brian Slocum,FA,RP
1360,6518,John Rheinecker,FA,SP
1361,6519,Reggie Willits,LAA,OF
1362,6521,Brian Wilson,SF,RP
1363,6522,Erick Aybar,LAA,SS
1364,6523,Bobby Livingston,NYM,SP
1365,6524,Howie Kendrick,LAA,2B
1366,6525,Mike O'Connor,FA,RP
1367,6526,Casey Janssen,Tor,SP
1368,6528,Kevin Frandsen,SF,2B
1369,6530,Brandon Fahey,FA,SS
1370,6531,Sean Green,NYM,RP
1371,6532,Kurt Birkins,FA,RP
1372,6533,Kelyn Acosta,FA,RP
1373,28444,Mike Napoli,LAA,C
1375,28446,Francisco Rosario,KC,RP
1376,28447,Carlos Ruiz,Phi,C
1377,28448,Charlie Haeger,LAD,SP
1379,28452,Chris Roberson,FA,OF
1380,28454,Jae-Kuk Ryu,FA,RP
1381,28456,Emiliano Fruto,FA,RP
1382,28457,Mike Thompson,FA,SP
1383,28458,Ty Taubenheim,FA,SP
1384,28459,Boof Bonser,Bos,RP
1385,28461,Anderson Garcia,FA,RP
1386,28464,Chris Coste,NYM,C
1387,28465,Alay Soler,FA,SP
1388,28466,Carlos Villanueva,Mil,SP
1389,28471,Wes Littleton,FA,RP
1390,28472,Jonathan Sanchez,SF,SP
1391,28473,Enrique Gonzalez,Det,SP
1392,28474,James Shields,TB,SP
1393,28476,Matt Kemp,LAD,OF
1394,28477,Brian Sanches,Fla,RP
1395,28478,David Pauley,Sea,RP
1396,28479,Zach Miner,Det,SP
1397,28480,Kevin Thompson,FA,OF
1398,28482,Taylor Tankersley,Fla,RP
1399,28483,Chris Sampson,Hou,RP
1400,28484,Eliezer Alfonzo,Sea,C
1401,28485,Zach Jackson,Tor,RP
1402,28486,Carlos Marmol,ChC,RP
1403,28487,Jon Lester,Bos,SP
1404,28489,Pat Neshek,Min,RP
1405,28491,Mike Rouse,FA,2B
1406,28492,Phil Stockman,FA,RP
1407,28493,Scott Mathieson,Phi,SP
1408,28495,T.J. Beam,Ari,RP
1409,28497,Scott Thorman,KC,1B
1410,28498,Jose Veras,Fla,RP
1411,28501,Edward Mujica,SD,RP
1412,28502,Joe Inglett,Mil,OF
1413,28505,Nick Masset,Cin,RP
1414,28506,Josh Kinney,StL,RP
1415,28507,Mike Pelfrey,NYM,SP
1416,28509,Henry Owens,FA,RP
1418,28513,Adam Jones,Bal,OF
1419,28515,Jason Windsor,FA,SP
1420,28516,Tony Gwynn,SD,OF
1421,28519,Josh Rabe,FA,OF
1422,28522,Manny Corpas,Col,RP
1423,30045,Tony Pena,CWS,RP
1424,28525,Matt Albers,Bal,RP
1425,28526,Kason Gabbard,FA,SP
1426,28527,Thomas Mastny,FA,RP
1427,28528,Matt Garza,TB,SP
1428,28529,Shane Komine,FA,SP
1429,28531,Jim Johnson,Bal,RP
1430,28532,Ryan Roberts,Ari,2B
1431,28533,Brent Clevlen,Atl,OF
1432,28535,Michael Bourn,Hou,OF
1433,28536,Ben Zobrist,TB,2B
1434,28538,Josh Sharpless,FA,RP
1435,28541,Alberto Callaspo,KC,2B
1436,28543,Chris Schroder,Fla,RP
1437,28544,Jason Hirsh,NYY,RP
1438,28545,Rajai Davis,Oak,OF
1439,28549,Eric O'Flaherty,Atl,RP
1440,28550,Davis Romero,FA,RP
1441,28551,John Hattig,FA,3B
1442,28552,Jeff Karstens,Pit,SP
1443,28554,Norris Hopper,FA,OF
1444,28557,Buck Coats,KC,OF
1445,28558,T.J. Bohn,FA,OF
1446,28560,Jim Hoey,FA,RP
1447,28561,Chris Iannetta,Col,C
1448,28562,Jerry Owens,Was,OF
1449,28563,Andrew Miller,Fla,SP
1451,28565,Jon Huber,FA,RP
1452,28567,Troy Tulowitzki,Col,SS
1453,28568,Brian Dopirak,Tor,1B
1454,28573,Vinny Rottino,Fla,1B
1455,28574,Fred Lewis,SF,OF
1456,28575,Alexi Casilla,Min,2B
1457,28576,Ryan Braun,CWS,RP
1458,28577,Chris Stewart,SD,C
1459,28578,Ryan Sweeney,Oak,OF
1460,28579,Adam Lind,Tor,OF
1461,28580,Brett Campbell,FA,RP
1462,28581,Beltran Perez,FA,RP
1463,28582,David Murphy,Tex,OF
1464,28583,Brian Stokes,LAA,RP
1465,28585,Kevin Kouzmanoff,Oak,3B
1466,28586,Miguel Montero,Ari,C
1467,28587,Doug Slaten,Was,RP
1468,28589,Scott Moore,Bal,2B
1469,28590,Jose Garcia,FA,SP
1470,28591,Eric Stults,LAD,SP
1471,28592,Shawn Riggans,TB,C
1472,28593,Juan Salas,FA,RP
1473,28596,Philip Humber,KC,RP
1474,28599,Juan Lara,FA,RP
1475,28602,Delwyn Young,Pit,2B
1476,28603,Joaquin Arias,Tex,2B
1477,28605,Juan Perez,LAD,RP
1478,28607,Shane Youman,FA,SP
1479,28609,Jeff Salazar,Bal,OF
1480,28610,Justin Hampson,FA,RP
1481,28611,Ryan Feierabend,Sea,SP
1482,28612,Cesar Jimenez,FA,RP
1483,28613,Oswaldo Navarro,Hou,SS
1484,28614,Josh Fields,KC,3B
1485,28615,Alvin Colina,TB,C
1486,28617,Drew Anderson,FA,OF
1487,28618,Billy Sadler,FA,SP
1488,28619,Hector Gimenez,Pit,C
1489,28620,Mike Rabelo,Det,C
1490,28621,Pat Misch,NYM,SP
1491,28622,Devern Hansack,FA,RP
1492,28623,Angel Sanchez,Bos,SS
1493,28624,Mitch Maier,KC,OF
1494,28625,Ubaldo Jimenez,Col,SP
1495,28626,Juan Morillo,FA,RP
1496,28628,Josh Shortslef,FA,SP
1497,28629,Humberto Sanchez,FA,RP
1498,28630,Hideki Okajima,Bos,RP
1499,28631,Daisuke Matsuzaka,Bos,SP
1500,28632,Akinori Iwamura,Pit,2B
1503,3460,Tony Batista,FA,1B
1506,3703,Fernando Tatis,NYM,3B
1507,3737,Luis Ordaz,FA,SS
1509,3810,Jason Wood,FA,1B
1510,3838,Bryan Corey,FA,RP
1511,3912,Chris Michalak,FA,RP
1512,3924,George Lombard,FA,OF
1516,4048,Mike Venafro,FA,RP
1518,4155,Kevin Barker,FA,1B
1519,4281,Dewayne Wise,Phi,OF
1520,4452,Tomas De La Rosa,FA,SS
1522,4798,Luis Figueroa,FA,SS
1523,4967,Winston Abreu,TB,RP
1524,4974,Paul Hoover,Phi,C
1525,4979,Andy Abad,FA,1B
1526,5027,J.R. House,FA,C
1527,5028,Joe Thurston,Atl,2B
1528,5067,Colby Lewis,Tex,SP
1529,5107,Mike Smith,FA,SP
1530,5213,Howie Clark,FA,1B
1531,5332,Jason Shiell,FA,SP
1532,5506,Julio Manon,FA,RP
1533,5518,Les Walrond,FA,RP
1534,5613,Roy Corcoran,Hou,RP
1535,5649,Brian Sweeney,FA,RP
1537,5980,Jon Knott,FA,DH
1538,5981,Eddy Rodriguez,FA,RP
1539,5989,Jason Childers,FA,RP
1541,6019,Justin Leone,FA,3B
1542,6366,Travis Chick,LAA,RP
1543,6460,Steve Andrade,FA,RP
1544,6494,Willie Eyre,Tex,RP
1545,28453,Agustin Montero,FA,RP
1547,28467,Santiago Ramirez,FA,RP
1548,28468,Jack Hannahan,Sea,3B
1549,28470,Bobby Keppel,FA,RP
1550,28488,Philip Barzilla,FA,RP
1551,28499,Jeff Fulchino,Hou,RP
1552,28503,Chris Barnwell,FA,SS
1553,28504,Kevin Barry,FA,RP
1554,28518,Chad Santos,FA,1B
1555,28524,Melvin Dorta,FA,SS
1556,28539,Brandon Harper,FA,C
1557,28548,Ryan O'Malley,FA,SP
1558,28595,Andy Cannizaro,FA,SS
1561,28601,Joselo Diaz,FA,RP
1562,28606,Carlos Maldonado,FA,C
1563,28633,Kei Igawa,NYY,RP
1564,28634,Juan Miranda,NYY,1B
1565,28635,Yoslan Herrera,FA,SP
1566,5962,Felix Diaz,FA,SP
1567,6243,Jeff Niemann,TB,SP
1568,6396,Billy Butler,KC,1B
1569,6397,Daric Barton,Oak,1B
1570,6455,Cameron Maybin,Fla,OF
1571,6499,Cory Morris,FA,RP
1572,6516,Vince Perkins,ChC,RP
1573,28460,Mitch Jones,Atl,DH
1574,28508,John Danks,CWS,SP
1575,28512,Luis Oliveros,Sea,C
1576,28604,Tim Gradoville,FA,C
1577,28627,Mark Kiger,FA,2B
1578,28636,Alex Gordon,KC,3B
1579,28637,Jacoby Ellsbury,Bos,OF
1580,28638,Phil Hughes,NYY,SP
1581,28639,Evan Longoria,TB,3B
1582,28640,Elijah Dukes,Was,OF
1583,28641,Ryan Patterson,FA,OF
1584,28642,Trevor Crowe,Cle,OF
1585,28643,Luke Hochevar,KC,SP
1586,28644,Tyler Lumsden,FA,SP
1587,28645,Brandon Wood,LAA,3B
1588,28646,Travis Buck,Oak,OF
1589,28647,Jeff Clement,Pit,C
1590,28648,Kory Casto,Det,1B
1591,28649,Matt Chico,Was,SP
1592,28650,Yovani Gallardo,Mil,SP
1593,28651,Adam Miller,Cle,SP
1594,28652,Andy LaRoche,Pit,3B
1596,28654,Terry Evans,LAA,OF
1597,28655,Nick Gorneault,FA,OF
1598,28656,Brian Barden,Fla,3B
1599,28657,Chris Carter,NYM,OF
1600,28658,Carlos Gonzalez,Col,OF
1601,28659,Evan Maclane,StL,SP
1602,28660,Micah Owings,Cin,SP
1603,28661,Gregor Blanco,Atl,OF
1604,28662,Yunel Escobar,Atl,SS
1605,28663,Jarrod Saltalamacchia,Tex,C
1606,28664,Garrett Olson,Sea,SP
1607,28665,George Kottaras,Mil,C
1608,28666,Edgar Martinez,FA,RP
1609,28667,Eric Patterson,Oak,OF
1610,28668,Homer Bailey,Cin,SP
1611,28669,David Shafer,FA,RP
1612,28670,Joey Votto,Cin,1B
1613,28671,Asdrubal Cabrera,Cle,2B
1614,28672,Ben Francisco,Phi,OF
1615,28673,Tony Sipp,Cle,RP
1616,28674,Joe Koshansky,FA,1B
1617,28675,Franklin Morales,Col,RP
1618,28676,Lance Broadway,Tor,RP
1619,28677,Dewon Day,FA,RP
1620,28678,Oneli Perez,StL,RP
1621,28679,Heath Phillips,TB,SP
1622,28680,Ed Campusano,FA,RP
1623,28681,Frankie De La Cruz,FA,RP
1624,28682,Matt Lindstrom,Hou,RP
1625,28683,Brooks Conrad,Atl,2B
1626,28684,Paul Estrada,FA,RP
1627,28685,Lincoln Holdzkom,FA,RP
1628,28686,Troy Patton,Bal,SP
1629,28687,Hunter Pence,Hou,OF
1630,28688,Joakim Soria,KC,RP
1631,28689,Scott Elbert,LAD,RP
1632,28690,Jon Meloan,Oak,RP
1633,28691,Ricky Barrett,FA,RP
1634,28692,Kevin Slowey,Min,SP
1635,28693,Blake McGinley,FA,RP
1636,28694,Tyler Clippard,Was,RP
1637,28695,Ross Ohlendorf,Pit,SP
1638,28696,Ryan Goleski,FA,OF
1639,28697,Jay Marshall,NYM,RP
1640,28698,Marcus McBeth,Oak,RP
1641,28699,Alfredo Simon,Bal,SP
1642,28700,Jim Ed Warden,FA,RP
1643,28701,Andrew McCutchen,Pit,OF
1644,28702,Kevin Cameron,FA,RP
1645,28703,Bryan LaHair,ChC,1B
1646,28704,Sean White,Sea,RP
1647,28705,Tim Lincecum,SF,SP
1648,28706,Wes Bankston,FA,1B
1649,28707,Reid Brignac,TB,SS
1650,28708,Andy Sonnanstine,TB,SP
1651,28709,Mitch Talbot,Cle,RP
1652,28710,Thomas Diamond,ChC,SP
1653,28711,Eric Hurley,Tex,SP
1654,28712,Josh Banks,Hou,SP
1655,28713,Ryan Houston,FA,RP
1656,28714,Jesus Flores,Was,C
1657,28715,Joel Hanrahan,Pit,RP
1658,28716,Levale Speigner,Sea,RP
1659,28721,Ryan Braun,Mil,OF
1660,28722,Ian Stewart,Col,2B
1662,28727,Gustavo Molina,Bos,C
1663,28728,Alejandro De Aza,CWS,OF
1664,28729,Joe Smith,Cle,RP
1665,28730,Don Kelly,Det,OF
1666,28731,Ryan Budde,LAA,C
1667,28733,Jared Burton,Cin,RP
1668,28734,Brandon Morrow,Tor,SP
1669,28735,Jon Coutlangus,FA,RP
1670,28736,Zack Segovia,NYY,RP
1671,28737,Joe Bisenius,FA,RP
1673,28738,Rick VandenHurk,Fla,SP
1674,5423,Enrique Cruz,FA,SS
1675,5444,Steve Colyer,FA,RP
1676,6464,Jamie Vermilyea,FA,RP
1677,28740,Chase Wright,FA,SP
1678,28741,Zach McClellan,FA,RP
1679,28742,Scott Tyler,FA,RP
1680,28743,Neal Musser,FA,RP
1681,28744,Andy Gonzalez,FA,SS
1682,28747,Rocky Cherry,FA,RP
1683,28748,Danny Putnam,FA,OF
1684,28749,Dallas Braden,Oak,SP
1685,5443,Stephen Randolph,FA,RP
1686,28751,Kelvin Jimenez,FA,RP
1687,28752,Brad Salmon,FA,RP
1688,28753,Alberto Arias,Hou,RP
1689,28755,Dennis Dove,FA,RP
1690,5898,Lino Urdaneta,FA,RP
1691,28757,Yoel Hernandez,FA,RP
1692,28756,Matt DeSalvo,FA,RP
1693,5113,Jason Simontacchi,FA,SP
1694,28759,Matt Brown,Tex,3B
1695,3788,Donnie Sadler,FA,2B
1696,28760,Virgil Vasquez,Pit,SP
1697,28762,Carlos Gomez,Mil,OF
1698,28763,Garrett Jones,Pit,1B
1699,28764,Jesse Litsch,Tor,SP
1700,28765,Connor Robertson,FA,RP
1701,28766,A.J. Murray,Mil,SP
1702,28770,Julio DePaula,FA,RP
1703,28771,Kevin Mahar,FA,OF
1704,28772,Mark Reynolds,Ari,3B
1705,4829,Mike Bacsik Jr.,FA,SP
1706,28774,Darren Clarke,FA,RP
1707,28775,Travis Metcalf,FA,3B
1708,28777,Tony Abreu,Ari,2B
1709,28779,Jason Miller,FA,RP
1710,28780,Mark McLemore,FA,RP
1711,28782,Mike Zagurski,Phi,RP
1712,28784,Troy Cate,FA,RP
1713,5013,Nathan Haynes,FA,OF
1714,28785,Brian Wolfe,FA,RP
1716,28786,Brian Esposito,Hou,C
1717,28787,Eric Hull,FA,RP
1718,28789,Brendan Ryan,StL,SS
1719,28790,Curtis Thigpen,FA,C
1720,28791,Sean Barker,FA,OF
1721,28792,Chris Basak,FA,3B
1722,28794,Sean Gallagher,SD,RP
1723,28795,Jordan De Jong,FA,RP
1724,28797,Andy Cavazos,FA,RP
1725,28799,Jailen Peguero,FA,RP
1727,28801,Guillermo Rodriguez,FA,C
1728,28802,Kurt Suzuki,Oak,C
1729,28804,Kyle Kendrick,Phi,RP
1730,28815,Nate Schierholtz,SF,OF
1731,28806,Lee Gronkiewicz,FA,RP
1732,28807,Clay Rapada,Tex,RP
1733,4395,Augie Ojeda,Ari,2B
1734,5570,Jason Stanford,FA,SP
1735,28809,Chase Headley,SD,3B
1736,28811,Cory Doyne,FA,RP
1737,28812,Brett Carroll,Fla,OF
1739,28816,Kevin Melillo,FA,2B
1740,28817,J.A. Happ,Phi,SP
1741,28818,Billy Petrick,FA,RP
1742,3968,Dee Brown,FA,OF
1743,28819,Edwar Ramirez,NYY,RP
1744,28820,Jo-Jo Reyes,Atl,SP
1745,6124,Ryan Raburn,Det,OF
1746,28822,Jeff Bailey,Ari,1B
1747,28823,Luis Hernandez,NYM,SS
1748,28825,Jensen Lewis,Cle,RP
1749,28826,Jose Ascanio,Pit,RP
1750,28827,Manny Parra,Mil,SP
1751,28828,Ehren Wassermann,Phi,RP
1752,28830,Jake Fox,Oak,3B
1753,4616,Darnell McDonald,Bos,OF
1754,28832,Shelley Duncan,Cle,OF
1755,5655,Mike Hessman,NYM,3B
1756,28833,Marcus Gwyn,FA,RP
1757,28834,John Lannan,Was,SP
1758,28836,Joe Thatcher,SD,RP
1759,28837,Brian Buscher,Cle,3B
1760,28838,Danny Richar,Fla,3B
1761,28839,Phil Dumatrait,Det,RP
1762,28841,Justin Upton,Ari,OF
1763,28842,Mauro Zarate,FA,RP
1764,28835,Aaron Laffey,Cle,SP
1766,28845,Edwin Bellorin,KC,C
1767,28847,Joba Chamberlain,NYY,SP
1768,28849,Tommy Watkins,FA,3B
1769,28850,Ross Wolf,Bal,RP
1770,4159,Rick Ankiel,KC,OF
1771,28848,Daniel Barone,FA,SP
1772,28852,Jack Cassel,FA,RP
1773,28853,Manny Acosta,Atl,RP
1774,28855,Clay Buchholz,Bos,SP
1775,28854,Jair Jurrjens,Atl,SP
1776,28856,Carmen Pignatiello,FA,RP
1777,28857,Juan Gutierrez,Ari,RP
1778,28858,Radhames Liz,SD,SP
1779,28859,Billy Buckner,Ari,SP
1780,28862,Romulo Sanchez,NYY,RP
1781,28863,Craig Stansberry,FA,C
1782,5094,John Ennis,FA,SP
1784,28861,Tom Shearn,FA,RP
1785,28864,Ian Kennedy,Ari,SP
1786,28865,Brad Snyder,ChC,OF
1787,28866,Rob Johnson,Sea,C
1788,28867,Wladimir Balentien,Cin,OF
1789,28868,Willie Collazo,Tor,RP
1790,28869,Ryan Ketchner,FA,RP
1791,28870,Josh Anderson,Cin,OF
1792,28871,Felipe Paulino,Hou,SP
1793,28872,J.R. Towles,Hou,C
1794,28873,Gaby Hernandez,Bos,SP
1795,28874,Chris Volstad,Fla,SP
1796,28875,Donny Lucy,CWS,C
1797,28876,Alberto Gonzalez,Was,2B
1798,28877,Emilio Bonifacio,Fla,SS
1799,28878,Bill Murphy,FA,RP
1800,28879,Mitch Stetter,Mil,RP
1801,28880,Mel Stocker,FA,OF
1802,28885,Nyjer Morgan,Was,OF
1803,28886,Steve Pearce,Pit,1B
1804,28887,Rich Thompson,LAA,RP
1805,28888,Chin-lung Hu,LAD,SS
1806,28889,Nick Blackburn,Min,SP
1807,3485,Dan Serafini,FA,SP
1808,5913,Craig Brazell,FA,1B
1809,6001,Arnie Munoz,FA,RP
1810,28893,Harvey Garcia,FA,RP
1811,28894,Chris Seddon,Sea,SP
1812,28895,Ross Detwiler,Was,SP
1813,28896,Justin Maxwell,Was,OF
1814,28897,Jonathan Albaladejo,NYY,RP
1815,28898,Dave Davidson,FA,SP
1816,28899,Ryan Hanigan,Cin,C
1817,4945,Cody Ransom,Phi,3B
1818,6244,Erick Threets,CWS,RP
1819,28901,Eugenio Velez,SF,2B
1820,28902,Dan Giese,FA,RP
1821,28903,Bill White,Phi,RP
1822,28904,Kevin Hart,Pit,SP
1823,28905,Sam Fuld,ChC,OF
1824,28906,Luis Mendoza,Tex,SP
1825,28908,Colt Morton,FA,C
1826,28909,Jose Morales,Min,C
1827,28910,Josh Newman,FA,RP
1828,3675,Jorge Velandia,FA,SS
1829,28911,Bronson Sardinha,FA,OF
1830,28913,Clint Sammons,Atl,C
1831,28914,Armando Galarraga,Det,SP
1832,28915,Jerry Blevins,Oak,RP
1833,28918,Jeff Ridgway,FA,RP
1834,28919,Brandon Jones,Pit,OF
1835,28920,Seth Smith,Col,OF
1836,5889,Jeff Bennett,TB,RP
1837,28922,Justin Ruggiano,TB,OF
1838,28923,Carlos Muniz,NYM,RP
1839,28924,Drew Macias,Ari,OF
1840,6402,Matt Tupman,FA,C
1841,6463,Jason Pridie,NYM,OF
1842,28925,Masa Kobayashi,FA,RP
1843,28932,Yasuhiko Yabuta,FA,RP
1844,28933,Tim Lahey,FA,RP
1845,28934,Evan Meek,Pit,RP
1846,28935,Randor Bierd,Bos,RP
1847,28936,Jose Capellan,FA,RP
1848,28937,Carlos Guevara,FA,RP
1849,28938,Sergio Valenzuela,FA,RP
1850,28939,Matt Whitney,Oak,3B
1851,28940,Wesley Wright,Hou,RP
1852,28941,Fernando Hernandez,Oak,RP
1853,28942,Brian Barton,LAD,OF
1854,28943,Randy Wells,ChC,SP
1855,28944,Steven Register,Tor,SP
1856,28945,Michael Gardner,FA,RP
1857,28946,Garrett Guzman,FA,OF
1858,28947,Callix Crabbe,FA,2B
1859,28948,Kosuke Fukudome,ChC,OF
1860,28949,Kazuo Fukumori,FA,RP
1861,28950,Hiroki Kuroda,LAD,SP
1862,28951,Jayson Nix,CWS,2B
1863,28952,Alexei Ramirez,CWS,SS
1864,28958,David Price,TB,SP
1865,28961,Yung-Chi Chen,FA,2B
1866,28964,Adam Bostick,KC,RP
1867,28965,Matt Harrison,Tex,SP
1868,28966,Garrett Mock,Was,SP
1869,28972,David Purcey,Tor,SP
1870,28976,Max Scherzer,Det,SP
1871,28953,Matt Antonelli,SD,2B
1872,28954,Jay Bruce,Cin,OF
1873,28955,Johnny Cueto,Cin,SP
1874,28956,Matt Maloney,Cin,SP
1875,28957,Wade Davis,TB,SP
1876,28959,Jake McGee,FA,SP
1877,28960,Brian Duensing,Min,SP
1878,28962,Gio Gonzalez,Oak,SP
1879,28963,Clayton Kershaw,LAD,SP
1880,28967,Collin Balester,Was,SP
1881,28968,Carlos Carrasco,Cle,SP
1882,28969,Aaron Cunningham,SD,OF
1883,28970,Brent Lillibridge,CWS,2B
1884,28971,Jordan Schafer,Atl,OF
1885,28973,Colby Rasmus,StL,OF
1886,28974,Nolan Reimold,Bal,OF
1887,28975,Greg Reynolds,Col,SP
1888,28977,Justin Masterson,Cle,SP
1889,29019,Lou Palmisano,FA,C
1890,29029,Andrew Brackman,NYY,RP
1891,29071,Brian Bocock,Phi,SS
1892,29072,Brian Bass,Pit,RP
1893,29073,Matt Tolbert,Min,2B
1894,29074,Jed Lowrie,Bos,SS
1895,29075,Dusty Brown,Bos,C
1896,29076,Kyle McClellan,StL,RP
1897,29077,Clete Thomas,Det,OF
1898,29078,Elliot Johnson,TB,SS
1899,29079,Alex Romero,Hou,OF
1900,29080,Rico Washington,FA,3B
1901,29081,Darren O'Day,Tex,RP
1902,29082,Steve Holm,SF,C
1903,29083,Blake DeWitt,LAD,3B
1904,29084,Ramon Troncoso,LAD,RP
1905,4023,Mike Lincoln,Cin,RP
1906,4403,Nelson Figueroa,NYM,SP
1907,29087,Denard Span,Min,OF
1908,5204,Francis Beltran,FA,RP
1909,29089,Brian Bixler,Cle,SS
1911,29093,Clay Timpner,FA,OF
1912,29092,Greg Smith,Col,SP
1913,29095,Jesse Carlson,Tor,RP
1914,29096,Hernan Iribarren,Mil,2B
1915,29099,John Bowker,SF,OF
1916,29101,Alex Serrano,FA,RP
1917,29103,German Duran,FA,3B
1918,29105,Sean Rodriguez,TB,OF
1919,29106,Emmanuel Burriss,SF,2B
1920,29107,Brad Harman,FA,2B
1921,29108,Robinzon Diaz,Det,C
1922,29110,Cory Wade,LAD,RP
1923,29111,Eider Torres,FA,SS
1924,29112,Bobby Korecky,FA,RP
1925,29113,Jose Arredondo,Cin,RP
1926,29115,Bobby Wilson,LAA,C
1927,29117,Bob McCrory,FA,RP
1928,29118,Brandon Boggs,Tex,OF
1929,29119,Jon Herrera,FA,2B
1930,29120,Adam Russell,SD,RP
1931,29121,Freddy Dolsi,CWS,RP
1932,29122,Mike Parisi,ChC,RP
1933,29124,Matt Joyce,TB,OF
1934,29125,Luke Carlin,Pit,C
1935,29126,Doug Mathis,Tex,RP
1936,29127,Edgar Gonzalez,FA,2B
1937,29128,Marino Salas,FA,RP
1938,29129,Luis Maza,FA,2B
1939,29130,Paul Janish,Cin,SS
1940,29131,Jonathan Van Every,Pit,OF
1941,29132,Alex Hinshaw,SF,RP
1942,29133,Mark DiFelice,Mil,RP
1943,29134,Chris Perez,Cle,RP
1944,29136,Gregorio Petit,Oak,2B
1945,29137,Michael Aubrey,Bal,1B
1946,29135,Micah Hoffpauir,ChC,1B
1947,29138,Chris Smith,Mil,RP
1948,29139,Travis Denker,FA,2B
1949,29097,Jared Wells,FA,RP
1950,29140,Tim Dillard,Mil,SP
1951,29141,Matt Macri,FA,3B
1952,29142,Charlie Manning,FA,RP
1953,29143,Nick Evans,NYM,OF
1954,29144,Jeff Larish,Det,DH
1955,29145,Mike Aviles,KC,SS
1956,29146,Joe Mather,StL,OF
1957,29147,Brad Ziegler,Oak,RP
1958,29148,Brian Horwitz,FA,OF
1959,29149,Scott Patterson,FA,RP
1960,29150,Mark Worrell,SD,RP
1961,29151,Danny Herrera,Cin,RP
1962,4182,Robinson Cancel,FA,C
1963,29152,Mitchell Boggs,StL,SP
1964,29153,Michael Hollimon,FA,SS
1965,29154,Ryan Tucker,Fla,RP
1966,3818,Jolbert Cabrera,NYM,OF
1967,5092,Oscar Salazar,SD,3B
1968,29157,Carlos Rosa,KC,RP
1969,29156,Eddie Bonine,Det,RP
1970,29155,Charlie Morton,Pit,SP
1971,29158,Leo Rosales,Ari,RP
1972,29159,Doug Bernier,Pit,2B
1973,29161,Daryl Thompson,FA,SP
1974,29162,Max Ramirez,Tex,C
1975,29163,Steven Shell,Sea,RP
1976,29164,Nick Stavinoha,StL,OF
1979,29168,Sergio Romo,SF,RP
1980,29169,Jimmy Barthmaier,Pit,SP
1981,29170,Chris Davis,Tex,1B
1982,29171,Warner Madrigal,Tex,RP
1983,29172,David Robertson,NYY,RP
1985,29174,Brett Gardner,NYY,OF
1986,29175,Cedrick Bowers,Oak,RP
1987,29176,Osiris Matos,SF,RP
1988,29177,R.J. Swindle,TB,RP
1989,29178,Argenis Reyes,LAD,2B
1990,29179,Jason Perry,FA,OF
1991,29180,Nick Hundley,SD,C
1992,3946,Vladimir Nunez,FA,SP
1993,29181,Michael Ballard,FA,SP
1994,29182,Alberto Castillo,Bal,RP
1995,29183,John Baker,Fla,C
1996,29184,Chad Reineke,FA,SP
1997,29185,Jaime Garcia,StL,RP
1998,29186,Luis Munoz,FA,RP
1999,29187,Mike Cervenak,NYM,3B
2000,29188,Tug Hulett,Bos,2B
2001,29189,Travis Snider,Tor,OF
2002,29190,Ivan Ochoa,FA,SS
2003,29191,Taylor Teagarden,Tex,C
2004,29192,Jesus Delgado,FA,RP
2005,29194,Geno Espineli,FA,RP
2006,29195,Clayton Richard,SD,SP
2007,29196,Jamie D'Antona,FA,1B
2008,4734,Brandon Knight,FA,RP
2009,29166,Jeff Samardzija,ChC,RP
2010,29197,Scott Richmond,Tor,SP
2011,29198,Tommy Hunter,Tex,SP
2012,29199,Randy Ruiz,Tor,DH
2013,29200,Daniel Murphy,NYM,1B
2014,29201,Eddie Kunz,NYM,RP
2015,29202,Francisley Bueno,FA,RP
2016,29203,Chris Waters,FA,RP
2017,5342,Shane Loux,Hou,SP
2018,29205,Lou Montanez,Bal,OF
2019,29206,Adam Rosales,Oak,3B
2020,29207,Chris Getz,KC,2B
2021,29208,Charlie Zink,StL,SP
2022,29209,Chris Dickerson,Cin,OF
2023,29210,Cliff Pennington,Oak,SS
2024,29211,Sean Kazmar,FA,SS
2025,29212,Pablo Sandoval,SF,3B
2026,29213,Ryan Rohlinger,SF,3B
2027,29214,Matt Palmer,LAA,SP
2028,29215,Marco Estrada,Mil,RP
2029,29216,Kam Mickolio,Bal,RP
2030,29217,Dirk Hayhurst,Tor,RP
2031,4332,Andy Tracy,Phi,1B
2032,29218,Chris Lambert,FA,RP
2033,29220,Jesse Chavez,Atl,RP
2034,29221,Andrew Carpenter,Phi,RP
2035,29223,Alfredo Aceves,NYY,RP
2036,29224,Will Venable,SD,OF
2037,29225,Michael Bowden,Bos,RP
2038,29226,Josh Geer,FA,SP
2039,29222,Ramon Ramirez,Bos,RP
2040,6236,Brad Nelson,Sea,OF
2041,29228,Wilkin Castillo,Cin,C
2042,29229,Alcides Escobar,Mil,SS
2043,29230,Mat Gamel,Mil,3B
2044,29231,Angel Salome,Mil,C
2045,29232,Shairon Martis,Was,SP
2046,29233,Jim Miller,FA,RP
2047,29234,Josh Whitesell,Was,1B
2048,29235,Phil Coke,Det,RP
2049,29236,Jose Mijares,Min,RP
2050,29237,James Parr,Atl,RP
2051,29238,Wade LeBlanc,SD,SP
2052,29239,Fernando Perez,TB,OF
2053,29240,Greg Golson,NYY,OF
2054,29241,Lou Marson,Cle,C
2055,29242,Dusty Ryan,SD,C
2056,29243,James McDonald,LAD,RP
2057,29219,Jonathon Niese, NYM,SP
2058,29227,Bobby Parnell,NYM,SP
2059,29244,Justin Thomas,Pit,RP
2060,29245,Casey McGehee,Mil,2B
2061,29246,Luis Valbuena,Cle,2B
2062,29247,Edwin Maysonet,Hou,2B
2063,29248,Kila Ka'aihue,KC,DH
2064,29249,Devon Lowery,FA,RP
2065,3952,Mark Johnson,FA,C
2066,29250,Luis Cruz,Mil,SS
2067,29251,Josh Outman,Oak,SP
2068,29252,Dexter Fowler,Col,OF
2069,29253,Richard Rundles,FA,SP
2070,29254,Matt Tuiasosopo,Sea,2B
2071,29255,John Jaso,TB,C
2072,29256,Jason Motte,StL,RP
2073,29257,Luke Montz,FA,C
2074,29258,A.J. Ellis,LAD,C
2075,29259,Omir Santos,NYM,C
2077,29261,Mike Ekstrom,TB,RP
2078,29262,Jason Bourgeois,Hou,OF
2079,29263,Conor Gillaspie,SF,3B
2080,29264,Scott Lewis,FA,SP
2081,29265,Kevin Jepsen,LAA,RP
2082,29266,Freddy Sandoval,LAA,2B
2083,29267,Mark Saccomanno,FA,1B
2084,29268,Josh Roenicke,Tor,RP
2085,4800,Adam Pettyjohn,FA,RP
2086,29269,Jeff Baisley,FA,3B
2087,29270,Gaby Sanchez,Fla,1B
2088,29272,Brian Gordon,FA,RP
2089,29273,Francisco Cervelli,NYY,C
2090,29274,Mario Alvarez,FA,RP
2091,29275,Gil Velazquez,Bos,SS
2092,29160,Justin Orenduff,FA,RP
2094,29204,Brad Bergesen, Bal,SP
2096,4179,Denny Stark,FA,RP
2097,4457,Chris Richard,TB,1B
2098,4978,Scott Chiasson,FA,RP
2099,5592,Prentice Redman,LAD,OF
2100,5609,Val Pascucci,FA,OF
2101,6046,Sam Narron,FA,SP
2102,6090,Josh Kroeger,CWS,OF
2103,6206,Tagg Bozied,FA,1B
2104,6213,Bobby Brownlie,FA,SP
2105,28598,Brian Mazone,FA,SP
2106,28984,Lucas May,LAD,C
2107,28985,Xavier Paul,LAD,OF
2108,28998,Stephen Kahn,FA,RP
2109,29005,Hunter Jones,Fla,RP
2110,29012,Jeff Stevens,ChC,RP
2111,29022,Michel Abreu,FA,1B
2112,29028,Blake Davis,Bal,SS
2113,29032,Hainley Statia,LAA,SS
2114,29035,Adam Pavkovich,FA,SS
2115,29038,Steve Marek,Atl,RP
2116,29041,Kyle Anson,FA,C
2117,29068,Rocky Roquet,FA,RP
2118,29278,Wilton Lopez,Hou,RP
2119,29280,Craig Tatum,Bal,C
2120,29282,Javier Herrera,FA,OF
2121,29283,Brad James,FA,SP
2122,29287,Matt Wieters,Bal,C
2123,29308,Ryan Mount,LAA,SS
2124,29310,Miguel Gonzalez,CWS,SP
2125,29311,Jeff Kennard,ChC,RP
2126,29314,Anel De Los Santos,LAA,C
2127,29316,Hank Conger,LAA,C
2128,29318,Peter Bourjos,LAA,OF
2129,29319,David Austen,FA,RP
2130,29320,Matt Wilhite,FA,RP
2131,29321,Flint Wipke,FA,3B
2132,29322,Mark Trumbo,LAA,1B
2133,29323,Jordan Walden,FA,SP
2134,29326,Fernando Rodriguez,LAA,SP
2135,29328,Andy Mitchell,FA,SP
2136,29329,Ryan Keefer,FA,RP
2137,29330,Andrew Romine,LAA,SS
2138,29331,Chris Pettit,LAA,OF
2139,29334,Sean O'Sullivan,LAA,SP
2140,29337,Jon Link,LAD,RP
2141,29341,Javier Castillo,FA,SS
2142,29350,Clevelan Santeliz,CWS,RP
2143,29358,Beau Mills,Cle,1B
2144,29360,Wes Hodges,Cle,3B
2145,29361,Chris Gimenez,Cle,OF
2146,29368,Jordan Brown,Cle,1B
2147,29373,Preston Larrison,FA,RP
2148,29376,Casey Fien,Det,RP
2149,29385,Will Rhymes,FA,2B
2150,29386,Max St. Pierre,Det,C
2151,29388,Scott Sizemore,Det,2B
2153,29390,Wilkin Ramirez,Det,OF
2154,29391,Ian Ostlund,FA,RP
2155,29396,Damaso Espino,Cle,C
2156,29397,Adam Donachie,Bal,C
2157,29398,Cody Clark,KC,C
2158,29399,Matt Wright,Oak,SP
2159,29402,Matt LaPorta,Cle,OF
2160,29411,Ozzie Chavez,Phi,SS
2161,29412,Carlos Corporan,Ari,C
2162,29426,Dustin Martin,FA,OF
2163,29428,Luke Hughes,Min,2B
2164,29429,Ben Julianel,FA,RP
2165,29431,Mariano Gomez,Atl,RP
2166,29435,Jeff Christy,FA,C
2167,29436,Drew Butera,Min,C
2168,29437,Steve Tolleson,Oak,SS
2169,29439,Danny Valencia,Min,3B
2170,29440,Deibinson Romero,FA,3B
2171,29441,Trevor Plouffe,Min,SS
2172,29443,Kevin Mulvey,Ari,SP
2173,29445,Daniel McCutchen,Pit,SP
2174,29446,Mark Melancon,NYY,RP
2175,29448,Jesus Montero,NYY,C
2176,29449,Zach Kroenke,Ari,RP
2177,29453,Austin Jackson,Det,OF
2178,29454,Steven Jackson,Pit,RP
2179,29459,Colin Curtis,NYY,OF
2180,29464,Matt Carson,Oak,OF
2181,29469,Jose Tabata,Pit,OF
2182,29470,Austin Romine,NYY,C
2183,29471,Kevin Russo,NYY,2B
2184,29473,P.J. Pilittere,NYY,C
2185,29478,Arnold Leon,FA,RP
2186,29486,Chris Carter,Oak,1B
2187,29491,Adam Moore,Sea,C
2188,29492,Greg Halman,Sea,OF
2189,29502,Mike Wilson,Sea,OF
2190,29520,Omar Poveda,Tex,SP
2191,29533,Jeremy Cummings,FA,SP
2192,29542,Sergio Santos,CWS,SS
2193,29549,Diory Hernandez,Atl,SS
2194,29551,Jason Heyward,Atl,OF
2195,29552,Brandon Hicks,Atl,SS
2196,29554,J.C. Boscan,Atl,C
2197,29563,Josh Donaldson,Oak,C
2198,29564,Welington Castillo,ChC,C
2199,29565,Jose Ceda,Fla,RP
2200,29567,Darwin Barney,ChC,SS
2201,29575,Steve Lerud,KC,C
2202,29590,Neil Walker,Pit,3B
2203,29591,Esmailin Caridad,ChC,RP
2204,29595,Chris Walker,FA,OF
2205,29597,Bobby Scales,ChC,OF
2206,29598,Chris Kroski,FA,C
2207,29601,Juan Francisco,Cin,3B
2208,29605,Luis Bolivar,FA,2B
2209,29607,Justin Turner,Bal,3B
2210,29611,Drew Stubbs,Cin,OF
2211,29614,Tommy Manzella,Hou,SS
2212,29616,Chris Johnson,Hou,3B
2213,29627,John Lindsey,LAD,1B
2214,29628,Jamie Hoffmann,NYY,OF
2215,29646,Ian Desmond,Was,SS
2216,29654,Jorge Padilla,Tor,OF
2217,29658,Jose Coronado,FA,SS
2218,29660,Mike Carp,Sea,1B
2219,29669,Tuffy Gosewisch,Phi,C
2220,29671,Jason Donald,Cle,SS
2221,29685,Clayton Mortensen,Oak,SP
2223,29693,Tyler Herron,FA,SP
2224,29694,David Freese,StL,3B
2225,29697,Bryan Anderson,StL,C
2226,29700,Jess Todd,Cle,RP
2227,29701,P.J. Walters,StL,RP
2228,29705,Adam Ottavino,StL,SP
2229,29706,Matt Pagnozzi,StL,C
2230,29710,Jose Lobaton,TB,C
2231,29716,Luis Durango,SD,OF
2232,29734,Cesar Ramos,SD,RP
2233,29738,Todd Jennings,FA,C
2234,29742,Ben Copeland,FA,OF
2235,29745,Jackson Williams,SF,C
2236,29747,Jake Wald,FA,SS
2237,29759,Eric Young Jr.,Col,2B
2238,29764,Manny Mayorson,FA,SS
2240,29770,Scott Cousins,Fla,OF
2241,29771,Brad Davis,Fla,C
2242,29772,Chris Coghlan,Fla,OF
2243,29775,Aaron Thompson,Was,SP
2244,29776,Dallas Trahern,FA,SP
2245,29778,Brett Sinkbeil,Fla,SP
2246,29779,John Raynor,Pit,OF
2248,29817,Dale Thayer,TB,RP
2249,29818,Jon Weber,NYY,OF
2250,29834,Dan Haigwood,FA,RP
2251,29843,Justin Jones,FA,SP
2252,29897,Corey Smith,FA,3B
2253,29934,Cole Armstrong,CWS,C
2254,29935,Wyatt Toregas,Cle,C
2255,29936,Joe Bateman,TB,RP
2256,29937,Lucas Harrell,CWS,SP
2257,29938,Brian Matusz,Bal,SP
2258,29939,Lindsay Gulin,FA,SP
2259,29943,Calvin Medlock,FA,RP
2260,29944,Landon Powell,Oak,C
2261,29946,James Houser,FA,SP
2262,29947,Argenis Diaz,Pit,SS
2263,29950,Devin Mesoraco,Cin,C
2264,29952,Fredy Deza,FA,RP
2265,29956,Yordany Ramirez,Hou,OF
2266,29959,Eric Hacker,SF,RP
2267,29960,Wilkin De La Rosa,NYY,RP
2268,29961,Polin Trinidad,Hou,SP
2269,29962,Pedro Alvarez,Pit,3B
2270,29963,Matt Dominguez,Fla,3B
2271,29966,Rick Porcello,Det,SP
2272,29967,Nick Green,FA,SP
2273,29968,Jason Jaramillo,Pit,C
2274,29971,Kelvin Pichardo,FA,RP
2275,29972,Richie Robnett,FA,OF
2276,29974,Mario Lisson,KC,3B
2277,29979,Jack Egbert,NYM,SP
2278,29981,Blake Hawksworth,StL,RP
2279,29982,Scott Nestor,FA,RP
2280,29983,Reid Santos,FA,RP
2281,29984,Ernesto Frieri,SD,SP
2282,29991,Jarrett Hoffpauir,Tor,2B
2283,29995,Luis Pena,FA,SP
2284,29996,Esmerling Vasquez,Ari,RP
2285,29997,Jeff Marquez,CWS,SP
2286,29998,Cody Haerther,FA,OF
2287,30000,Tracy Thorpe,FA,RP
2288,30002,Jairo Cuevas,FA,SP
2289,30004,Todd Frazier,Cin,SS
2290,30006,Steven White,FA,SP
2291,30007,Henry Rodriguez,Oak,RP
2292,30008,Esmil Rogers,Col,SP
2293,30009,Aaron Poreda,SD,RP
2294,30010,Rafael Rodriguez,LAA,RP
2295,30012,Julio Pimentel,FA,SP
2296,30014,Julio Borbon,Tex,OF
2297,30015,Sammy Gervacio,Hou,RP
2298,30016,Yonder Alonso,Cin,1B
2299,30021,Carlos Fisher,Cin,RP
2300,30023,J.D. Martin,Was,SP
2301,30025,Ricky Romero,Tor,SP
2302,30026,Jeff Sues,Pit,RP
2303,30027,Tyler Greene,StL,SS
2304,30028,Matt Scherer,FA,RP
2305,30029,Brian Bogusevic,Hou,OF
2306,30030,Bobby Ray,Tor,SP
2307,30031,Cesar Carrillo,SD,SP
2308,30032,Ryan Webb,SD,RP
2309,30033,Ben Johnson,FA,C
2310,30034,Andrew Carignan,FA,RP
2311,30035,Jemile Weeks,Oak,2B
2312,30037,Anthony Claggett,Pit,RP
2313,30038,Mark Wagner,Bos,C
2314,30039,Bobby Mosebach,LAA,RP
2315,30040,Marcos Mateo,ChC,RP
2316,30041,Brett Anderson,Oak,SP
2317,30042,John Mayberry Jr.,Phi,OF
2318,30043,Michael Brantley,Cle,OF
2319,30048,Tim Wood,Fla,RP
2320,30049,Jose Marte,Ari,RP
2321,30050,Zach Simons,Det,RP
2322,30052,Alex Periard,Mil,SP
2323,30053,Joel Naughton,FA,C
2324,30054,Trevor Cahill,Oak,SP
2325,30055,Leonard Davis,FA,OF
2326,30056,Luis Atilano,Was,SP
2327,30057,Jhonny Nunez,CWS,RP
2328,30058,David Hernandez,Bal,SP
2329,30059,Chorye Spoone,Bal,SP
2330,30060,Wilfrido Perez,Bal,RP
2331,30061,Mitch Atkins,ChC,SP
2332,30062,Justin Berg,ChC,RP
2333,30063,Omar Aguilar,Mil,RP
2334,30064,Mark Rogers,Mil,SP
2335,30065,Cody Scarpetta,Mil,SP
2336,30066,Felix Doubront,Bos,SP
2337,30067,Alfredo Figaro,Det,SP
2338,30068,Guillermo Moscoso,Tex,RP
2339,30069,Casper Wells,Det,OF
2340,30070,Brandon Allen,Ari,1B
2341,30071,Henry Barrera,KC,RP
2342,30072,Drew Naylor,Phi,SP
2343,30073,Sergio Escalona,Phi,RP
2344,30074,Matt Bush,FA,RP
2345,30075,Jackson Quezada,SD,RP
2346,30076,Samuel Deduno,Col,SP
2347,30077,Shane Lindsay,Col,SP
2348,30078,Hector Gomez,Col,SS
2349,30079,Marwin Vega,FA,SP
2350,30080,Christian Garcia,NYY,SP
2351,30081,Mike Dunn,Atl,RP
2352,30082,Todd Redmond,Atl,SP
2353,30083,Luis Perez,Tor,SP
2354,30084,Pedro Ciriaco,Ari,SS
2355,30085,Kyler Newby,Ari,RP
2356,30086,Cesar Valdez,Ari,SP
2357,30087,Leyson Septimo,Ari,RP
2358,30088,Clay Zavada,Ari,RP
2359,30089,Hector Rondon,Cle,SP
2360,30090,John Bannister,FA,SP
2362,30092,Jesus Castillo,FA,SP
2364,30094,Ronald Uviedo,Pit,RP
2365,30095,Junichi Tazawa,Bos,SP
2366,30096,Andrew Bailey,Oak,RP
2367,30097,Brett Hunter,FA,RP
2368,30098,Jared Lansford,FA,SP
2369,30099,Tyson Ross,Oak,SP
2370,30100,Joel Galarraga,Oak,C
2371,30102,Anthony Ortega,LAA,SP
2372,30103,Dayan Viciedo,CWS,3B
2373,30104,Jeremy Slayden,FA,OF
2374,30105,Antonio Bastardo,Phi,SP
2375,30107,Nick DeBarr,FA,RP
2376,30108,Jesus Guzman,SF,1B
2377,30109,Ronald Ray,FA,RP
2378,30110,Kevin Pucetas,SF,SP
2379,30111,Matt Downs,SF,2B
2380,30112,Buster Posey,SF,C
2381,30113,Rudy Darrow,FA,RP
2382,30114,Jon Kibler,FA,SP
2383,30115,Alex Avila,Det,C
2384,30116,Ryan Perry,Det,RP
2385,30117,Gordon Beckham,CWS,3B
2386,30118,Jose Duarte,FA,OF
2387,30119,Derrick Robinson,KC,OF
2388,30120,John Suomi,Phi,C
2389,30121,Ramiro Pena,NYY,SS
2390,30122,Danny Lehmann,Min,C
2391,30123,Chris Jakubauskas,Pit,SP
2392,30124,Brandon Snyder,Bal,1B
2393,30125,Anthony Hewitt,FA,3B
2394,30126,Rob Delaney,Min,RP
2395,30127,David Huff,Cle,SP
2396,30128,Stephen Head,FA,1B
2397,30129,Ryan Edell,FA,SP
2398,30130,Koji Uehara,Bal,SP
2399,30131,Kenshin Kawakami,Atl,SP
2400,30132,J.R. Mathes,ChC,SP
2401,30133,Ken Kadokura,FA,SP
2402,30134,Andrew Cashner,ChC,SP
2403,30135,Steve Clevenger,ChC,SS
2404,30136,Jason Waddell,FA,RP
2405,30137,Doug Deeds,FA,OF
2406,30138,Tobi Stoner,NYM,RP
2407,30139,Dillon Gee,FA,SP
2408,30140,Michael Antonini,FA,SP
2409,30142,Donnie Veal,Pit,RP
2410,30143,Rafael Cruz,FA,C
2411,30144,Phillip Britton,FA,C
2412,30145,Jake Arrieta,Bal,SP
2413,30146,Kyle Bloom,FA,SP
2414,28999,Tyler Colvin,ChC,OF
2415,29503,Carlos Triunfel,FA,SS
2416,29515,Elvis Andrus,Tex,SS
2418,29724,Kyle Blanks,SD,OF
2419,29794,Brooks Brown,FA,RP
2420,29807,Gerardo Parra,Ari,OF
2421,29969,Timothy Alderson,FA,SP
2422,30147,Jhoulys Chacin,Col,RP
2423,30148,Derek Holland,Tex,SP
2424,30149,Neftali Feliz,Tex,RP
2425,30150,Will Inman,FA,SP
2426,30151,Danny Cortes,Sea,SP
2427,30152,Vin Mazzaro,Oak,SP
2428,30153,Anthony Swarzak,Min,SP
2429,30154,Adrian Cardenas,FA,2B
2430,30155,Everth Cabrera,SD,SS
2431,30156,Chris Nelson,Col,SS
2432,30157,Tyler Flowers,CWS,C
2433,29299,Lars Anderson,Bos,1B
2434,29517,Kevin Richardson,Tex,C
2435,29603,Chris Denove,Cin,C
2436,29680,Ronald Belisario,LAD,RP
2437,29708,Edwin Moreno,Bos,RP
2438,29720,Peter Ciofrone,FA,SS
2439,29726,Mitch Canham,SD,C
2440,29750,Brandon Hynick,CWS,RP
2441,29755,Matt Daley,Col,RP
2442,29756,Christian Colonel,FA,3B
2443,29993,Nick Schmidt,FA,RP
2445,30158,Daniel Bard,Bos,RP
2446,30159,Dustin Richardson,Bos,RP
2447,30160,Arturo Lopez,NYM,RP
2448,30161,Gabe DeHoyos,FA,RP
2449,29788,John Hester,Ari,C
2450,29789,Ed Easley,FA,C
2451,29795,Hector Ambriz,Cle,RP
2452,29805,Trent Oeltjen,Mil,OF
2453,29400,Kiel Thibault,FA,C
2454,30162,Kanekoa Texeira,Sea,RP
2455,29392,Chris Lubanski,Tor,OF
2456,29432,Armando Gabino,Bal,SP
2457,30020,Ivan DeJesus,LAD,SS
2458,30163,Kris Johnson,Bos,SP
2459,30164,Matt Buschmann,FA,RP
2460,30165,Derek Rodriguez,FA,RP
2461,30167,Lou Santangelo,Hou,C
2462,30168,Rusty Ryal,Ari,2B
2463,30169,Jeff Howell,FA,C
2464,30170,Joe Torres,FA,RP
2465,30171,Sam Lecure,Cin,SP
2466,30172,J.B. Cox,FA,RP
2467,30173,Wilson Ramos,Min,C
2469,30175,Justin Smoak,Tex,1B
2471,30177,Daniel Schlereth,Det,RP
2472,30178,Jason Castro,Hou,C
2473,30179,Fu-Te Ni,Det,RP
2474,30180,Daniel Davidson,FA,RP
2475,30181,Tony Barnette,FA,RP
2476,30182,Robert Manuel,FA,RP
2477,30183,Jason Jones,FA,SP
2478,30184,James Avery,FA,SP
2479,30185,Sean West,Fla,SP
2480,30186,Victor Garate,Was,RP
2481,30187,Cale Iorg,FA,SS
2482,30188,Josh Thole,NYM,C
2483,30189,Ryan Brasier,LAA,RP
2484,30190,Alberto Rosario,LAA,C
2485,30191,Tommy Hanson,Atl,SP
2486,30192,Matt Kennelly,FA,C
2487,30193,Freddie Freeman,Atl,1B
2488,30194,Ken Takahashi,FA,RP
2489,30195,Josh Reddick,Bos,OF
2490,30196,Mat Latos,SD,SP
2491,30197,Wilin Rosario,FA,C
2492,30198,Gilbert De La Vara,FA,RP
2493,30199,Terrell Young/a>*, FA,RP
2494,4837,Carlos Hernandez,TB,SP
2495,29524,Erik Kratz,Pit,C
2496,29819,Matt Spring,FA,C
2497,29822,Chris Nowak,FA,3B
2498,30200,Eddie McKiernan,FA,RP
2499,29527,Wayne Lydon,FA,OF
2500,29529,Brian Jeroloman,FA,C
2501,29537,J.P. Arencibia,Tor,C
2502,29541,Kyle Phillips,FA,C
2503,29641,Chris Marrero,FA,OF
2504,30201,Brad Mills,Tor,SP
2505,30202,Martin Cervenka,FA,C
2506,30203,Brad Emaus,FA,SS
2507,30204,David Cooper,FA,1B
2508,30205,Craig Albernaz,FA,C
2509,30206,Jason Cromer,TB,RP
2510,30207,Shelby Ford,FA,2B
2511,30208,Destin Hood,FA,OF
2512,30209,Jordan Zimmermann,Was,SP
2513,30210,Neal Frontz,FA,RP
2514,30211,Nevin Ashley,FA,C
2515,30212,Tim Beckham,FA,SS
2516,29290,Ryan Khoury,FA,SS
2517,29292,Michael James,FA,RP
2518,29539,Sean Shoffit,FA,2B
2519,30213,Josh Fields,Sea,RP
2520,30214,Hyang-Nam Choi,FA,RP
2521,4649,Steve Green,FA,SP
2522,29547,Kevin Gunderson,FA,RP
2523,29307,Kristopher Negron,FA,SS
2524,29404,Brendan Katin,FA,OF
2525,29418,Richie Gardner,FA,RP
2526,29513,Casey Benjamin,FA,SS
2527,29556,Wes Timmons,FA,SS
2528,29302,Ignacio Suarez,FA,SS
2529,29559,Zach Schreiber,FA,RP
2530,29063,Eric Nielsen,FA,OF
2531,29304,Andrew Pinckney,FA,3B
2532,29365,Armando Camacaro,FA,C
2533,29370,Josh Rodriguez,FA,2B
2534,29406,Adam Heether,Mil,3B
2535,29409,Cole Gillespie,Ari,OF
2536,29416,Lorenzo Cain,Mil,OF
2537,29511,Emerson Frostad,Tex,3B
2538,29538,Chip Cannon,FA,1B
2540,29784,Kevin Hankerd,FA,OF
2541,29785,Marcus Hallberg,Ari,SS
2542,29345,Justin Cassel,FA,RP
2543,29355,Miguel Negron,FA,OF
2544,29488,Justin Sellers,FA,SS
2545,29593,Ty Wright,FA,OF
2546,29842,Reid Gorecki,NYY,OF
2547,29945,Matt Camp,ChC,2B
2548,30019,James Adduci,ChC,1B
2549,29335,Victor Mercedes,FA,2B
2550,29340,Maurice Gartrell,CWS,OF
2551,5886,Rich Thompson,FA,OF
2552,29509,Ben Harrison,FA,OF
2553,29528,Justin Jackson,FA,SS
2554,29536,Kevin Ahrens,FA,3B
2555,30047,John Shelby,FA,2B
2556,29408,Darren Ford,SF,OF
2557,29496,Brent Johnson,FA,OF
2558,29555,Barbaro Canizares,Atl,1B
2559,29581,Miles Durham,FA,1B
2560,29662,Greg Veloz,FA,2B
2561,29735,Mike McBryde,FA,OF
2562,29059,Aaron Mathews,FA,OF
2563,6176,Angel Garcia,FA,RP
2564,29792,Frank Curreri,FA,C
2565,29530,Christopher Gutierrez,FA,SS
2566,5392,Jerome Gamble,FA,RP
2567,29550,Gorkys Hernandez,Pit,OF
2568,29661,Ruben Tejada,NYM,SS
2569,29800,Guillermo Reyes,FA,2B
2570,3896,Jeremy Powell,Pit,RP
2571,3996,Brian Buchanan,FA,OF
2572,29300,Jose Vaquedano,FA,RP
2573,29495,Kuo Hui Lo,FA,OF
2574,29703,Donovan Solano,StL,2B
2575,30046,Luis Sanchez,FA,SS
2576,29378,Brennan Boesch,Det,OF
2577,29455,Edwar Gonzalez,FA,OF
2578,29461,Timothy Battle,FA,OF
2579,29462,Benjamin Blumenthal,FA,1B
2580,29480,Todd Donovan,FA,OF
2581,29512,Brennan Garr,FA,RP
2582,29615,Eli Iorg,FA,OF
2583,29721,Craig Cooper,FA,1B
2584,29949,Madison Bumgarner,SF,RP
2585,29955,Charles Culberson,FA,SS
2586,30215,Gabriel Noriega,FA,SS
2587,29493,Alex Liddi,FA,3B
2588,29500,Jeffrey Dominguez,FA,SS
2590,29393,Marc Maddox,FA,2B
2591,29472,Justin Snyder,FA,2B
2592,29574,Corey Hamman,FA,RP
2593,29797,Abraham Woody,FA,RP
2594,29804,Chris Rahl,FA,OF
2595,29806,Jarrod Parker,FA,RP
2596,29457,Eric Duncan,FA,3B
2597,30141,Fernando Martinez,NYM,OF
2598,29008,Ezequiel Carrera,Sea,OF
2599,29501,Phillippe Aumont,Phi,RP
2600,29298,Billy Bell,FA,OF
2601,29338,Royce Huffman,FA,1B
2602,29347,Carlos Torres,CWS,SP
2603,29548,Javier Guzman,FA,SS
2604,29763,Pedro Strop,Tex,RP
2605,29810,Chris Mason,FA,SP
2606,29425,Matt Moses,FA,3B
2607,29477,Jermaine Mitchell,FA,OF
2608,29479,Joshua Horton,FA,SS
2609,29490,Anthony Recker,Oak,C
2610,29655,Jonathan Malo,FA,SS
2611,29422,Guilder Rodriguez,FA,SS
2612,29067,Daniel Worth,FA,SS
2613,29291,Terry Large,FA,RP
2614,29485,Michael Affronti,FA,SS
2615,29317,Henry Bonilla,FA,RP
2616,29665,Mike Nickeas,FA,C
2617,29752,Joe Gaetti,FA,OF
2618,29296,Sean Danielson,FA,OF
2619,29305,Jason Place,FA,OF
2620,29757,Adam Bright,FA,RP
2621,29315,Carlos Colmenares,FA,SS
2622,29811,John Matulia,FA,OF
2623,4700,Damian Moss,FA,RP
2624,5335,Jeremy Hill,FA,RP
2625,29638,James Tomlin,FA,OF
2626,29780,Orlando Mercado,Atl,C
2627,30051,Mickey Hall,FA,OF
2628,29367,Jose Constanza,FA,OF
2629,29545,John Holt,FA,2B
2630,29582,Brian Friday,Pit,SS
2631,29686,Amaury Cazana,FA,OF
2632,29363,John Drennen,FA,OF
2633,29526,Matthew Liuzza,FA,C
2634,29737,Brett Harper,FA,1B
2635,29040,Jeffrey Corsaletti,FA,OF
2636,29301,Beau Vaughan,FA,RP
2637,29324,Brian Walker,LAA,C
2638,29344,David Cook,FA,OF
2639,29444,Yancarlos Ortiz,FA,SS
2640,29586,James Boone,FA,OF
2641,29596,Kyle Reynolds,FA,SS
2642,29732,Eric Sogard,FA,2B
2643,29055,Gustavo Nunez,Det,SS
2645,29650,Adam Carr,FA,SP
2646,29387,Deik Scram,FA,OF
2647,29497,Jair Fernandez,Min,C
2648,29630,Kenley Jansen,LAD,C
2649,29717,Jonathon Ellis,FA,SP
2650,29723,Mike Baxter,FA,1B
2651,29813,Rashad Eldridge,FA,OF
2653,30276,Luke Gregerson,SD,RP
2655,30256,Joe Martinez,SF,SP
2656,30253,Walter Silva,FA,SP
2657,30232,David Patton,ChC,RP
2658,30258,Shawn Kelley,Sea,RP
2659,30280,Carlos Santana,Cle,C
2660,30281,Jose Vallejo,Hou,SS
2661,30282,Chris Leroux,Fla,RP
2662,30291,Luis Valdez,Atl,RP
2663,30293,Jesse English,Was,RP
2664,30294,Waldis Joaquin,SF,RP
2665,30295,Henry Sosa,SF,SP
2666,30350,Ryan Mattheus,Was,SP
2667,30260,Luis Perdomo,SD,RP
2668,30329,Graham Taylor,FA,SP
2669,30296,Brett Cecil,Tor,SP
2670,30358,Shane Robinson,StL,OF
2672,30359,Bryan Augenstein,Ari,RP
2673,30360,Luke French,Sea,SP
2674,30231,Greg Burke,SD,RP
2676,30264,Kris Medlen,Atl,RP
2677,30361,Craig Stammen,Was,SP
2678,30362,Cristhian Martinez,Fla,RP
2680,30363,Jason Berken,Bal,SP
2681,29346,Wesley Whisler,FA,RP
2683,30364,Ryan Sadowski,FA,SP
2684,30365,Drew Sutton,Cin,2B
2687,29297,Aaron Bates,Bos,1B
2688,30366,Marc Rzepczynski,Tor,SP
2689,29505,Michael Saunders,Sea,OF
2690,30368,Tommy Everidge,Sea,1B
2691,30285,Chris Tillman,Bal,SP
2692,30369,Bud Norris,Hou,SP
2694,30370,Doug Fister,Sea,SP
2695,30371,Trevor Bell,LAA,SP
2696,29427,Jeff Manship,Min,SP
2697,30372,Dustin Ackley,Sea,1B
2698,30373,Stephen Strasburg,Was,SP
2699,30227,Brent Dlugach,Det,SS
2700,30267,Craig Gentry,Tex,OF
2701,30374,Brad Kilby,Oak,RP
2702,30224,Pedro Viola,Cin,RP
2703,30375,Dan Runzler,SF,RP
2704,30376,Daniel Hudson,CWS,RP
2705,29394,Dusty Hughes,KC,RP
2706,30377,Victor Marte,KC,RP
2707,30378,John Axford,Mil,RP
2708,30379,Niuman Romero,Cle,SS
2709,30380,Mike McCoy,Tor,2B
2710,30381,Josh Butler,Mil,RP
2711,30382,Jose Iglesias,Bos,SS
2712,4721,Brad Thomas,Det,RP
2713,29356,Brian Omogrosso,CWS,SP
2714,29359,Chuck Lofgren,Mil,SP
2715,29430,Deolis Guerra,Min,SP
2716,29468,Jose Valdez,Hou,RP
2717,29481,Fautino De Los Santos,Oak,SP
2718,29623,Wladimir Sutil,Hou,SS
2719,29625,Jordan Parraz,KC,OF
2720,29634,Josh Bell,Bal,3B
2721,29639,Trayvon Robinson,LAD,OF
2722,29690,Mark Hamilton,StL,1B
2723,29953,Brad Lincoln,Pit,SP
2724,30166,Kris Harvey,Fla,RP
2725,30261,Santo Luis,CWS,SP
2726,30268,Manuel Pina,KC,C
2727,30290,Eduardo Nunez,NYY,SS
2728,30292,Reegie Corona,NYY,2B
2729,30298,Chris Valaika,Cin,SS
2730,30310,Pedro Florimon,Bal,SS
2731,30331,Audy Ciriaco,Det,SS
2732,30386,Anthony Varvaro,Sea,RP
2733,30387,Zech Zinicola,Tor,RP
2734,30388,John Gaub,ChC,RP
2735,30389,Brett Pill,SF,1B
2736,30390,Irving Falu,KC,2B
2737,30391,Steven Johnson,SF,SP
2738,30392,Blake Wood,KC,SP
2739,30393,Logan Ondrusek,Cin,RP
2740,30394,Carlos Rivero,Cle,SS
2741,30395,Nick Weglarz,Cle,1B
2742,30396,Ben Jukich,StL,SP
2744,30398,Francisco Samuel,StL,RP
2745,30399,Allen Craig,StL,SS
2746,30400,Ivan Nova,NYY,SP
2747,30401,Shawn Bowman,NYM,3B
2748,30402,Francisco Peguero,SF,OF
2749,30403,Daryl Jones,StL,OF
2750,30404,Zachary Phillips,Tex,RP
2751,30405,Tyler Norrick,StL,RP
2752,30406,Jordan Norberto,Ari,SP
2753,30407,Edgmer Escalona,Col,RP
2754,30408,Estarlin De Los Santos,Min,SS
2755,30409,Jorge Jimenez,Fla,3B
2756,30410,Alex Burnett,Min,RP
2757,30411,Daniel Stange,Ari,RP
2758,30412,Chaz Roe,Col,SP
2759,30413,Philippe Valiquette,Cin,RP
2760,30414,Justin Souza,Oak,SP
2761,30415,Roque Mercedes,Ari,RP
2762,30416,Jay Sborz,Det,RP
2763,30417,Fernando Abad,Hou,RP
2764,30418,Quintin Berry,Phi,OF
2765,30419,Yohan Flande,Phi,SP
2766,30420,Amaury Rivas,Mil,SP
2767,30421,Brandon Erbe,Bal,SP
2768,30422,Luis Lebron,Bal,RP
2769,30423,Juan Jaime,Was,SP
2770,30424,Atahualpa Severino,Was,RP
2771,30425,Juan Abreu,Atl,RP
2772,30426,Ernesto Mejia,KC,1B
2773,30427,Corey Wimberly,Oak,SS
2774,30428,Sam Demel,Oak,RP
2775,30429,Max Stassi,Oak,C
2776,30430,Grant Green,Oak,SS
2777,30431,Grant Desme,FA,OF
2778,30432,Richard de los Santos,TB,RP
2779,30433,J.C. Ramirez,Phi,SP
2780,30434,Ryota Igarashi,NYM,RP
2781,30435,Clint Everts,NYM,RP
2782,29670,Freddy Galvis,Phi,SS
2783,29673,Domonic Brown,Phi,OF
2784,29677,Joe Savery,Phi,SP
2785,30270,Tyson Gillies,Phi,OF
2786,30436,Noel Arguelles,KC,SP
2787,30437,Kevin Nelson,Phi,C
2788,29438,Kyle Waldrop,Min,RP
2789,29976,Ben Revere,Min,OF
2790,30225,Brock Peterson,Min,1B
2791,30228,Chris Parmelee,Min,1B
2792,30321,Brian Dinkelman,Min,2B
2793,30330,Juan Portes,Min,OF
2794,30438,Jose Lugo,Min,RP
2795,30439,Steve Singleton,Min,SS
2796,30440,Rene Tosoni,Min,OF
2797,30441,Anthony Slama,Min,RP
2798,30442,Aroldis Chapman,Cin,SP
2799,29349,C.J. Retherford,CWS,3B
2800,29978,Josh Vitters,ChC,3B
2801,30443,Nick Hill,Sea,RP
2802,30444,Yohan Pino,Cle,RP
2803,30445,Robinson Chirinos,ChC,SS
2804,30446,Alex White,Cle,SP
2805,30447,Jared Mitchell,CWS,OF
2807,30449,Jordan Danks,CWS,OF
2808,30450,Starlin Castro,ChC,SS
2809,30451,Mauricio Robles,Sea,SP
2810,30247,Logan Schafer,Mil,OF
2811,30289,Martin Maldonado,Mil,C
2812,30452,Mitch Moreland,Tex,1B
2813,30453,Chad Tracy,Tex,1B
2814,30454,Tanner Scheppers,Tex,SP
2815,30455,Chia-Jen Lo,Hou,RP
2816,30456,Jonathan LuCroy,Mil,C
2817,30457,Kasey Kiker,Tex,SP
2818,30458,Eric Arnett,Mil,SP
2819,30459,Kyle Heckathorn,Mil,SP
2820,29999,Mike Moustakas,KC,3B
2821,30460,Michael Taylor,Oak,OF
2822,30461,Jarrod Dyson,KC,OF
2823,4261,Chris George,Bal,SP
2824,30462,Josh Perrault,Bal,RP
2825,30463,Frank Mata,Bal,RP
2826,30464,Caleb Joseph,Bal,C
2827,29613,Alexander Smit,Cin,SP
2828,29699,Brandon Yarbrough,Cin,C
2829,30465,Mike Leake,Cin,SP
2830,30466,Zack Cozart,Cin,SS
2831,29288,Jonathan Tucker,Bal,OF
2832,29746,Dan Turpen,SF,RP
2833,29940,Wendell Fairley,SF,OF
2834,30011,Pete Kozma,StL,SS
2835,30307,Nick Noonan,SF,SS
2836,30467,Felix Romero,SF,RP
2837,30468,Rafael Cova,SF,RP
2838,30469,Brandon Crawford,SF,SS
2839,30470,Roger Kieschnick,SF,OF
2840,30471,Ehire Adrianza,SF,SS
2841,30472,Steve Edlefsen,SF,RP
2842,30473,Josh Rainwater,Det,SP
2843,30474,Steven Hill,StL,C
2844,30475,Daniel Descalso,StL,3B
2845,30476,John Murrian,Det,C
2846,30477,Eric Roof,Det,C
2847,30478,Edgar Osuna,KC,SP
2848,30479,Danny Dorn,Cin,OF
2849,30480,Cody Satterwhite,Det,SP
2850,30481,Robbie Weinhardt,Det,RP
2851,30482,Miguel Abreu,Bal,2B
2852,29791,Barry Enright,Ari,SP
2853,29801,Wes Roemer,Ari,SP
2854,30223,Evan Frey,Ari,OF
2855,30483,Zach Putnam,Cle,RP
2856,30484,Konrad Schmidt,Ari,C
2857,30485,Collin Cowgill,Ari,OF
2858,30486,Josh Ellis,Ari,RP
2859,30487,Josh Judy,Cle,RP
2860,4962,Cory Aldridge,LAA,OF
2861,30286,Brad Coon,LAA,OF
2862,30337,Efren Navarro,LAA,1B
2863,30349,Gary Patchett,LAA,3B
2864,30488,Tommy Mendoza,LAA,SP
2865,30489,Abel Nieves,LAA,2B
2866,30490,Trevor Reckling,LAA,RP
2867,30491,Steve Garrison,SD,SP
2868,30492,Jose Ortegano,Atl,SP
2869,30493,Desmond Jennings,TB,OF
2870,30494,Alberto Alburquerque,Col,RP
2871,30495,Aaron Crow,KC,SP
2872,30496,Armando Zerpa,LAD,RP
2873,30497,Bryan Morris,Pit,SP
2874,30498,Craig Italiano,SD,RP
2875,30499,Carlos Monasterios,LAD,RP
2876,30500,Enerio Del Rosario,Cin,RP
2877,30501,Evan Englebrook,Hou,RP
2878,30502,Hector Noesi,NYY,SP
2879,30503,Henry Villar,Hou,RP
2880,30504,Jay Buente,Fla,RP
2881,30505,Javier Guerra,LAD,RP
2882,30506,Jeremy Hellickson,TB,SP
2883,30507,Jeff Lyman,Atl,RP
2884,30508,Jesus Sanchez,Phi,SP
2886,30510,Kyle Cofield,Atl,SP
2887,30511,Juan Nicasio,Col,SP
2888,30512,Matt Nevarez,Hou,RP
2889,30513,Ramon Aguero,Pit,RP
2890,30514,Rafael Dolis,ChC,SP
2891,30515,Travis Wood,Cin,SP
2892,30516,Lee Hyde,Atl,RP
2893,30517,Blake Parker,ChC,RP
2894,30518,David Herndon,Phi,RP
2895,30519,Chris Heisey,Cin,OF
2896,29025,Jesus Feliciano,NYM,OF
2897,29333,Kasey Olenberger,Fla,SP
2898,29631,Gabe Gutierrez,LAD,C
2899,29848,Omar Beltre,Tex,RP
2900,29954,Jean Machi,Pit,RP
2901,30218,Kirk Nieuwenhuis,NYM,OF
2902,30226,David Winfree,NYY,OF
2905,30277,Matt Peterson,Fla,RP
2906,30299,Toby Gardenhire,Min,C
2907,30355,Russell Mitchell,LAD,2B
2908,30520,Casey Kelly,Bos,SP
2909,30521,Kyle Weiland,Bos,SP
2910,30522,Frank Herrmann,Cle,RP
2911,30523,Lonnie Chisenhall,Cle,3B
2912,30524,Kelvin De La Cruz,Cle,SP
2913,30525,Jeanmar Gomez,Cle,SP
2914,30526,Jacob Turner,Det,SP
2915,30527,Ryan Strieby,Det,1B
2917,30529,Michael McKenry,Col,C
2918,30530,Kevin Whelan,NYY,RP
2919,30531,Francisco Pena,NYM,C
2920,30532,Ike Davis,NYM,1B
2921,30533,Jeremy Bleich,NYY,SP
2923,30535,Che-Hsuan Lin,Bos,OF
2924,30536,Logan Morrison,Fla,1B
2925,30537,Yamaico Navarro,Bos,SS
2926,30538,Adam Mills,Bos,RP
2927,30539,Ryan Kalish,Bos,OF
2928,30540,Luis Exposito,Bos,C
2929,30541,Jenrry Mejia,NYM,SP
2930,30542,Eric Niesen,NYM,SP
2931,30543,Wilkins Arias,NYY,RP
2932,30544,Grant Duff,NYY,RP
2933,30545,Kyle Higashioka,NYY,C
2934,30546,Zach McAllister,NYY,SP
2935,30547,Amaury Sanit,NYY,RP
2936,30548,Mike Collins,SD,C
2937,30549,Alexi Ogando,Tex,RP
2938,30550,Matt Young,Atl,OF
2939,30551,Erik Cordier,Atl,SP
2940,30552,James Darnell,SD,3B
2941,30553,Wynn Pelzer,SD,SP
2942,30554,Francisco Felix,LAD,RP
2943,30555,Dan Jennings,Fla,RP
2944,30556,Jay Voss,Fla,RP
2945,30557,Danny Rams,Min,C
2946,30558,Pedro Figueroa,Oak,SP
2947,30559,Craig Clark,SF,SP
2948,30560,Clayton Tanner,SF,SP
2949,30561,Johnny Monell,SF,C
2950,30562,Alexi Amarista,LAA,2B
2951,30563,Ryan Chaffee,LAA,SP
2952,30564,Tyler Chatwood,LAA,SP
2953,30565,Michael Kohn,LAA,RP
2954,30566,Kevin Nabors,LAA,RP
2955,30567,Hector Sanchez,SF,C
2956,30568,Andrew Taylor,LAA,RP
2957,30569,Edward Paredes,Sea,RP
2958,30570,Steven Baron,Sea,C
2959,30571,Michael Kirkman,Tex,SP
2961,30573,Luis Bernardo,Bal,C
2963,30575,Eduardo Sanchez,StL,RP
2964,30576,Charlie Cutler,StL,C
2965,30577,Robert Stock,StL,C
2966,30578,Simon Castro,SD,SP
2967,30579,Logan Forsythe,SD,3B
2968,30580,Cory Luebke,SD,SP
2969,30581,Lance Zawadzki,SD,SS
2970,30582,Nelson Payano,KC,RP
2971,30583,Michael Stanton,Fla,OF
2972,30584,Tony Sanchez,Pit,C
2973,30585,Josh Lindblom,LAD,RP
2974,30586,Ozzie Martinez,Fla,SS
2975,30587,Reidier Gonzalez,Tor,SP
2976,30588,Tommy Layne,Ari,RP
2977,30589,Bryan Shaw,Ari,SP
2978,30590,Matt Torra,Ari,SP
2979,30591,Sean Coughlin,Ari,C
2980,30592,James Russell,ChC,RP
2981,30593,Blake Lalli,ChC,C
487,4149,Casey Blake,,
697,4830,Brandon Lyon,,
783,5206,David Ross,,
1109,6135,Brandon League,,
1253,6368,Manny Delcarmen,,
1328,6476,Chad Billingsley,,
2,,Julio Franco,,
4,,Roger Clemens,,
7,,Barry Bonds,,
10,,Greg Maddux,,
15,,David Wells,,
19,,Jose Mesa,,
25,,Curt Schilling,,
28,,Randy Johnson,,
32,,Steve Finley,,
33,,Sammy Sosa,,
41,,Jose Vizcaino,,
46,,Moises Alou,,
47,,Frank Thomas,,
53,,Roberto Hernandez,,
54,,Mike Timlin,,
61,,Mike Mussina,,
66,,Reggie Sanders,,
70,,Kenny Lofton,,
72,,Royce Clayton,,
76,,Jeff Kent,,
89,,Damion Easley,,
95,,Mike Piazza,,
98,,Ryan Klesko,,
100,,Manny Alexander,,
115,,Todd Jones,,
125,,Darren Oliver,,
135,,Curtis Pride,,
136,,Steve Trachsel,,
137,,Cliff Floyd,,
139,,Shawn Green,,
142,,Rick White,,
150,,John Mabry,,
156,,Olmedo Saenz,,
160,,Mike Lieberthal,,
167,,Todd Hollandsworth,,
188,,Hideo Nomo,,
206,,Orlando Palmeiro,,
225,,Scott Hatteberg,,
237,,Todd Greene,,
261,,Desi Relaford,,
270,,Ken Huckaby,,
275,,Neifi Perez,,
277,,Nomar Garciaparra,,
287,,Geremi Gonzalez,,
296,,Scott McClain,,
304,,Matt Morris,,
314,,Jose Vidro,,
318,,Aaron Boone,,
348,,Sean Casey,,
370,,Lou Merloni,,
429,,Jesse Garcia,,
483,,Trent Durrington,,
489,,Wiki Gonzalez,,
509,,D'Angelo Jimenez,,
521,,Matt LeCroy,,
531,,John Patterson,,
533,,Eric Munson,,
547,,Ben Weber,,
560,,T.J. Tucker,,
565,,Kane Davis,,
751,,Scott Cassidy,,
767,,Ty Wigginton,,
778,,Zach Day,,
826,,Andy Machado,,
880,,David Matranga,,
965,,JD Closser,,
966,,Guillermo Quiroz,,
1010,,Mike Adams,,
1108,,Gustavo Chacin,,
1205,,Shane Costa,,
1374,,Tommy Murphy,,
1378,,Jeremy Brown,,
1417,,Mark Lowe,,
1450,,Brian Rogers,,
1502,,Chad Mottola,,
1514,,Kerry Robinson,,
1559,,Jose Reyes,,
1560,,John Nelson,,
1595,,Nick Adenhart,,
1726,,Masumi Kuwata,,
1738,,Paul Shuey,,
1765,,Brandon Moss,,
1910,,Burke Badenhop,,
1984,,Roger Bernadina,,
2076,,Jeff Gray,,
2239,,Brett Hayes,,
2361,,Brent Leach,,
2363,,Travis Schlichting,,
