mlbamID,playerName,team,league,defaultPos,Age,W,L,IP,H,ER,HR,BB,K,G_SP,G_RP
110683,Miguel Batista,SEA,AL,,38,6,11,140,159,82,18,72,86,20,24
110859,Armando Benitez,TOR,AL,,36,2,3,31.3,31,18,6,15,31,0,8
111244,Joe Borowski,,,,38,3,3,40,45,22,5,12,30,0,18
111492,Doug Brocail,HOU,NL,,42,5,4,68,67,30,8,22,50,0,72
111838,Paul Byrd,,,,38,9,13,169.7,206,100,31,31,74,30,0
112020,Chris Carpenter,SLN,NL,,34,4,3,62,59,24,6,15,48,3,1
112526,Bartolo Colon,CHA,AL,,36,3,4,53.7,63,30,10,13,31,7,0
113296,Elmer Dessens,NYN,NL,,38,2,2,26,28,14,3,8,19,0,4
113833,Alan Embree,COL,NL,,39,2,3,61,61,30,7,22,53,0,70
113898,Kelvim Escobar,LAA,AL,,33,10,6,141,136,56,11,42,124,5,0
113961,Scott Eyre,PHI,NL,,37,2,2,45.7,45,20,4,20,48,0,38
114342,Keith Foulke,,,,36,2,3,47,53,28,10,15,33,0,31
114354,Chad Fox,CHN,NL,,38,0,1,7,7,5,2,5,7,0,3
114849,Tom Glavine,ATL,NL,,43,6,7,126,142,69,16,51,67,13,0
114971,Tom Gordon,ARI,NL,,41,3,5,32.7,36,21,6,16,28,0,34
115216,Eddie Guardado,TEX,AL,,38,2,3,40.3,45,23,6,15,27,0,64
115399,Mike Hampton,HOU,NL,,36,2,2,50,57,28,7,18,22,13,0
115629,La Troy Hawkins,HOU,NL,,36,4,2,61,57,23,4,19,43,0,57
115817,Livan Hernandez,NYN,NL,,34,10,14,183.3,225,108,28,58,88,31,0
116034,Trevor Hoffman,MIL,NL,,41,4,3,46,45,20,7,12,40,0,48
116414,Jason Isringhausen,TBA,AL,,36,4,3,53,48,23,5,26,45,0,42
116595,Jason Johnson,NYA,AL,,35,8,11,146,178,87,22,43,80,2,14
116615,Randy Johnson,SFN,NL,,45,9,9,149,148,73,22,43,146,30,0
116734,Todd Jones,DET,AL,,41,3,3,50,58,27,4,18,22,0,45
117758,Jon Lieber,,,,39,3,4,63,73,34,10,9,36,1,25
117955,Derek Lowe,ATL,NL,,36,13,10,193,195,80,17,50,130,34,0
118120,Greg Maddux,,,,43,10,11,177,204,89,19,26,82,33,0
118158,Ron Mahay,KCA,AL,,38,3,2,65.3,62,28,5,32,52,0,57
118377,Pedro Martinez,,,,37,5,5,86,83,43,14,27,82,20,0
118967,Kent Mercker,CIN,NL,,41,1,1,30.3,32,15,4,12,19,0,15
119125,Trever Miller,SLN,NL,,36,1,1,44,42,20,4,19,44,0,68
119154,Kevin Millwood,TEX,AL,,34,11,11,171.3,192,80,19,53,126,29,0
119215,Brian Moehler,HOU,NL,,37,5,8,100,121,60,16,28,54,26,5
119469,Jamie Moyer,PHI,NL,,46,12,12,178,191,92,25,55,117,33,0
119984,Darren Oliver,LAA,AL,,38,4,2,68,66,27,6,18,49,0,54
120221,Chan Ho Park,PHI,NL,,36,3,3,67.7,73,36,11,27,55,5,49
120401,Troy Percival,TBA,AL,,39,1,2,39.3,32,20,7,20,39,0,50
120485,Andy Pettitte,NYA,AL,,37,14,12,195,219,96,19,61,138,33,0
121096,Dennys Reyes,SLN,NL,,32,3,1,44,41,15,3,17,37,0,75
121125,Arthur Rhodes,CIN,NL,,39,4,2,39,35,15,1,21,42,0,61
121215,Ricardo Rincon,,,,39,0,0,4,4,2,0,2,4,0,8
121250,Mariano Rivera,NYA,AL,,39,9,1,67,56,17,4,9,65,0,64
121386,Kenny Rogers,,,,44,7,11,144,169,86,20,56,71,30,0
121556,Glendon Rusch,,,,34,5,7,87,96,50,14,34,70,9,26
121834,Jason Schmidt,LAN,NL,,36,3,3,64,66,33,9,26,53,,
121955,Rudy Seanez,,,,40,5,4,53,53,25,6,25,47,0,42
122195,Brian Shouse,TBA,AL,,40,2,2,46,46,19,4,15,30,0,69
122477,John Smoltz,BOS,AL,,42,9,5,116.7,116,48,11,29,102,5,1
122620,Russ Springer,OAK,AL,,40,4,1,52,41,14,3,17,51,0,70
122987,Jeff Suppan,MIL,NL,,34,8,11,168,196,94,21,60,95,31,0
123118,Julian Tavarez,WAS,NL,,36,3,3,70,75,34,6,30,57,0,52
123348,Mike Timlin,,,,43,3,4,55.7,62,31,8,18,30,0,47
123387,Brett Tomko,NYA,AL,,36,6,8,103.7,121,61,16,30,69,10,12
123415,Salomon Torres,MIL,NL,,37,5,4,72,71,31,6,27,55,0,71
123431,Steve Trachsel,BAL,AL,,38,4,9,98,122,67,17,49,37,8,2
123725,Ron Villone,NYN,NL,,39,1,1,52,48,24,4,26,43,0,74
123790,Billy Wagner,NYN,NL,,37,2,1,57,47,18,6,17,69,0,45
123801,Tim Wakefield,BOS,AL,,42,10,13,153.7,159,86,25,57,100,30,0
123828,Jamie Walker,BAL,AL,,37,1,2,45,50,25,8,12,32,0,59
124000,David Weathers,CIN,NL,,39,5,4,67.3,69,31,7,29,45,0,72
124604,Jamey Wright,KCA,AL,,34,5,7,79.3,89,44,7,32,44,0,75
124805,B.J. Ryan,TOR,AL,,33,4,1,47,36,14,3,18,51,0,60
131702,Braden Looper,MIL,NL,,34,10,12,167,182,84,22,43,90,33,0
132220,Jarrod Washburn,SEA,AL,,34,8,11,158,175,83,20,48,92,26,2
132241,Bryan Corey,TEX,AL,,35,3,4,65,67,31,7,23,45,0,46
132260,Sidney Ponson,,,,32,5,7,101.3,129,65,14,42,47,24,1
133221,Justin Speier,LAA,AL,,35,3,3,57,55,27,9,20,52,0,62
133225,Ryan Dempster,CHN,NL,,32,11,9,181,174,82,17,73,151,33,0
133460,Russ Ortiz,,,,35,1,2,35,39,21,6,14,25,,
133982,Bobby Howry,SFN,NL,,35,6,5,73,75,33,9,17,59,0,72
134003,Scott Elarton,,,,33,3,5,71,82,48,14,33,39,0,8
134268,Kerry Wood,CLE,AL,,32,4,1,39,34,13,2,14,44,0,65
134320,Javier Vazquez,ATL,NL,,32,14,10,202,190,83,20,57,202,33,0
134321,Carl Pavano,CLE,AL,,33,2,3,33.7,39,21,6,9,18,7,0
136263,Tim Byrdak,HOU,NL,,35,2,1,51,45,23,6,25,51,0,59
136268,Chad Bradford,TBA,AL,,34,6,2,61,61,20,1,15,29,0,68
136602,Odalis Perez,,,,32,6,10,132,147,71,18,43,92,30,0
136727,Vladimir Nunez,ATL,NL,,34,4,5,86,89,47,10,49,69,0,23
136734,Octavio Dotel,CHA,AL,,35,2,3,43.3,40,22,8,20,58,0,72
136880,Roy Halladay,TOR,AL,,32,16,9,225,223,85,18,42,155,33,1
150011,Scott Schoeneweis,ARI,NL,,35,2,3,52,55,27,6,24,31,0,73
150035,Kyle Farnsworth,KCA,AL,,33,2,3,62,64,33,10,27,58,0,61
150037,Ray King,WAS,NL,,35,1,2,40,44,22,5,20,22,0,12
150116,Randy Wolf,LAN,NL,,32,7,8,127,131,66,17,50,105,33,0
150118,Brian Fuentes,LAA,AL,,33,5,2,62,51,20,5,22,69,0,67
150119,Freddy Garcia,NYN,NL,,33,5,4,73.7,81,38,11,19,49,3,0
150122,Damaso Marte,NYA,AL,,34,4,2,55.3,45,22,5,27,62,0,72
150144,Bobby Seay,DET,AL,,31,2,1,48.7,48,21,3,19,43,0,60
150153,Nelson Figueroa,NYN,NL,,35,5,9,122,141,78,24,47,75,6,10
150185,Dave Borkowski,PHI,NL,,32,3,4,69.7,80,42,10,24,50,0,26
150188,Francisco Cordero,CIN,NL,,34,6,3,67.3,58,26,6,30,79,0,72
150221,Mike Lincoln,CIN,NL,,34,3,4,65.3,66,34,10,23,55,0,64
150249,Kris Benson,TEX,AL,,34,5,9,112.7,143,79,25,38,59,,
150274,Joe Nathan,MIN,AL,,34,3,1,64,48,16,4,17,74,0,68
150277,Doug Davis,ARI,NL,,33,8,10,161,172,82,15,71,119,26,0
150284,Brandon Knight,NYN,NL,,33,4,4,57,55,29,9,24,54,2,2
150295,Micah Bowie,COL,NL,,34,1,2,33,33,17,3,18,27,0,10
150302,Jason Marquis,COL,NL,,30,8,12,161,179,90,20,68,83,28,1
150319,Josh Fogg,COL,NL,,32,6,10,135,163,85,22,45,75,14,8
150359,A.J. Burnett,NYA,AL,,32,13,9,179,174,79,19,67,157,34,1
150378,Eric Gagne,MIL,NL,,33,2,3,40,39,21,7,17,40,0,50
150382,Matt Herges,CLE,AL,,39,4,3,68.3,73,32,6,27,46,0,58
150393,Tony Armas Jr.,,,,31,5,6,84,92,46,12,26,53,1,2
150404,Ted Lilly,CHN,NL,,33,13,11,190,175,85,26,65,172,34,0
150407,Guillermo Mota,LAN,NL,,35,3,4,57,56,29,8,24,52,0,58
150414,Jake Westbrook,CLE,AL,,31,6,6,110,122,54,9,37,58,5,0
150426,Mark Mulder,,,,31,2,5,49,65,39,10,21,22,1,2
150430,Luis Vizcaino,CHN,NL,,34,3,3,58,53,28,9,27,62,0,43
150469,John Bale,KCA,AL,,35,2,3,46.7,52,23,4,15,33,3,10
207267,Brad Penny,BOS,AL,,31,9,10,144,161,77,14,55,81,17,2
211041,Ryan Franklin,SLN,NL,,36,5,5,77,81,35,9,24,47,0,74
213680,Mike MacDougal,CHA,AL,,32,3,2,54,52,26,3,36,46,0,16
215197,Matt Ginter,CLE,AL,,31,5,8,97,119,59,13,28,48,4,0
217096,Barry Zito,SFN,NL,,31,10,12,173,167,84,16,85,129,32,0
218596,Tim Hudson,ATL,NL,,33,12,8,172,171,72,14,49,104,22,1
218894,Vicente Padilla,TEX,AL,,31,10,11,155.3,170,87,22,61,113,29,0
219194,Gil Meche,KCA,AL,,30,11,11,194.7,194,91,21,69,158,34,0
228594,David Riske,MIL,NL,,32,2,2,56,54,27,8,27,48,0,45
234194,Buddy Carlyle,ATL,NL,,31,2,2,51,49,23,6,18,46,0,45
235095,Dan Wheeler,TBA,AL,,31,6,4,65.7,58,29,9,22,61,0,70
237346,Brian Falkenborg,SDN,NL,,31,4,4,61,62,29,7,22,58,0,25
239795,Chad Durbin,PHI,NL,,31,5,3,71.7,70,31,7,28,53,0,71
240694,J.C. Romero,PHI,NL,,33,4,2,51,41,20,4,33,45,0,81
275933,Scott Downs,TOR,AL,,33,4,1,67.7,59,22,4,26,57,0,66
276056,Danys Baez,BAL,AL,,31,3,4,41,46,25,6,19,25,,
276336,Shawn Chacon,,,,31,2,6,91.7,103,61,19,49,56,15,0
276351,Jason Grilli,COL,NL,,32,3,3,70.3,68,31,4,32,57,0,60
276371,Johan Santana,NYN,NL,,30,16,8,220,190,79,29,53,232,34,0
276514,Kevin Gregg,CHN,NL,,31,6,4,70,58,27,5,33,63,0,72
276520,Bronson Arroyo,CIN,NL,,32,11,14,202.7,215,104,30,64,161,34,0
276530,Scott Linebrink,CHA,AL,,32,4,3,56.7,55,27,10,17,49,0,50
276542,Joaquin Benoit,TEX,AL,,31,4,3,69,60,31,6,38,72,0,44
276912,Scot Shields,LAA,AL,,33,7,3,70,63,27,7,28,72,0,64
276913,Derrick Turnbow,TEX,AL,,31,3,6,46,45,32,5,50,50,0,8
277184,Matt Wise,,,,33,3,2,35,36,16,4,11,24,0,8
277405,Justin Miller,FLO,NL,,31,3,2,57,54,24,5,23,55,0,46
277417,Josh Beckett,BOS,AL,,29,14,10,183.7,178,81,22,45,171,27,0
279571,Matt Belisle,COL,NL,,29,5,7,101.7,117,55,13,24,64,6,0
279782,Jon Garland,ARI,NL,,29,10,11,191,223,100,20,52,91,32,0
279824,Mark Buehrle,CHA,AL,,30,12,12,200.7,225,97,25,48,117,34,0
282332,C.C. Sabathia,NYA,AL,,28,17,7,223,203,76,19,47,222,35,0
282562,Adam Pettyjohn,CIN,NL,,32,5,14,145,181,101,32,43,75,1,2
282567,Claudio Vargas,LAN,NL,,31,7,10,125,136,69,20,42,94,4,7
282656,Ben Sheets,,,,30,12,7,161,153,61,14,38,136,31,0
283166,Mike Gonzalez,ATL,NL,,31,3,1,38,32,14,4,17,43,0,36
284566,Adam Eaton,BAL,AL,,31,5,11,121,146,82,23,47,72,19,2
285079,R.A. Dickey,MIN,AL,,34,7,12,141.3,167,90,23,56,66,14,18
332292,John Parrish,BAL,AL,,31,3,3,67,70,37,8,37,52,6,7
334492,Joel Pineiro,SLN,NL,,30,4,6,99,118,60,14,30,51,25,1
346793,Jeremy Affeldt,SFN,NL,,30,2,2,68,63,26,5,25,61,0,74
346797,Grant Balfour,TBA,AL,,31,5,1,57.3,40,17,3,29,74,0,51
346798,Kyle Lohse,SLN,NL,,30,9,10,177,192,86,18,48,113,33,0
346799,Juan Rincon,DET,AL,,30,2,4,60.7,71,38,9,27,42,0,47
346800,Saul Rivera,WAS,NL,,31,5,4,83,82,35,3,39,62,0,76
346847,Joe Beimel,WAS,NL,,32,4,2,63,63,23,2,22,35,0,71
346848,John Grabow,PIT,NL,,30,4,3,63.3,60,29,8,29,56,0,74
346855,Brandon Duckworth,KCA,AL,,33,5,9,105.7,122,65,16,45,60,7,0
346871,Aaron Cook,COL,NL,,30,11,11,193.3,221,94,15,48,83,32,0
349193,Will Ohman,,,,31,3,2,55,50,23,4,25,51,0,83
400008,Gary Majewski,PHI,NL,,29,2,4,62,76,37,7,22,41,0,37
400010,Jon Rauch,ARI,NL,,30,6,6,83,81,39,12,25,72,0,74
400058,Brad Lidge,PHI,NL,,32,3,2,64.7,54,27,8,31,86,0,72
400061,Roy Oswalt,HOU,NL,,31,14,9,207,211,83,17,45,159,32,0
400062,Tim Redding,NYN,NL,,31,9,13,166.7,185,95,27,62,103,33,0
400067,Carlos Silva,SEA,AL,,30,7,14,157,203,97,22,30,74,28,0
400076,Shane Loux,LAA,AL,,29,5,7,101,119,56,12,30,37,0,7
400089,Rafael Soriano,ATL,NL,,29,2,1,46,37,16,6,14,49,0,14
400093,Duaner Sanchez,SDN,NL,,29,2,2,43,43,22,7,17,34,0,66
400104,Tyler Walker,,,,33,4,4,44,44,22,5,17,36,0,65
400125,Jesus Colome,WAS,NL,,31,2,3,64,64,32,6,30,46,0,61
400141,Horacio Ramirez,KCA,AL,,29,2,3,49,57,26,4,16,20,0,32
400291,Dustin Moseley,LAA,AL,,27,8,13,149,179,95,25,56,94,10,2
406301,Chad Paronto,HOU,NL,,33,2,2,64,68,30,6,21,41,0,6
406402,Jorge Julio,MIL,NL,,30,3,3,67,61,33,8,39,73,0,27
406874,Joe Nelson,TBA,AL,,34,3,2,69,57,28,9,31,79,0,59
407113,Justin Duchscherer,OAK,AL,,31,9,5,101,96,37,9,21,70,22,0
407154,Casey Fossum,NYN,NL,,31,3,4,71,74,40,10,35,52,0,31
407193,Brandon Lyon,DET,AL,,29,5,3,65.7,71,30,5,18,44,0,61
407296,Carlos Zambrano,CHN,NL,,28,14,10,201,183,85,19,87,156,30,0
407297,Juan Cruz,KCA,AL,,30,4,2,67,53,25,6,36,82,0,57
407298,Jason Jennings,TEX,AL,,30,3,4,68.7,74,39,9,33,47,6,0
407400,Rick Bauer,CLE,AL,,32,1,2,56,62,36,8,31,40,0,4
407783,Geoff Geary,HOU,NL,,32,4,2,76,74,29,5,25,48,0,55
407791,Brendan Donnelly,TEX,AL,,37,1,1,21,23,11,2,8,13,0,15
407793,John Lackey,LAA,AL,,30,13,8,194,187,77,20,48,162,24,0
407816,J.J. Putz,NYN,NL,,32,6,2,59,44,17,4,19,71,0,47
407819,Matt Thornton,CHA,AL,,32,5,3,58.3,50,22,5,22,63,0,74
407822,Jorge de la Rosa,COL,NL,,28,6,7,96.3,98,53,13,46,87,23,5
407825,Matt Guerrier,MIN,AL,,30,5,4,75.7,79,37,10,28,57,0,76
407840,Brandon Backe,HOU,NL,,31,4,10,96,111,61,18,45,63,31,0
407842,Jose Veras,NYA,AL,,28,3,3,54.3,52,26,7,26,53,0,60
407845,Fernando Rodney,DET,AL,,32,4,4,50.7,46,25,5,31,54,0,38
407853,Erik Bedard,SEA,AL,,30,10,6,138,116,51,13,53,161,15,0
407872,Jose Diaz,TEX,AL,,29,2,5,59,62,42,11,50,42,0,1
407878,Jose Valverde,HOU,NL,,29,4,3,68,54,25,8,25,90,0,74
407883,Franklyn German,TEX,AL,,29,2,3,46.7,46,29,6,38,35,0,17
407884,Tyler Yates,PIT,NL,,31,3,4,67.7,69,36,7,37,61,0,72
407896,Billy Traber,BOS,AL,,29,4,4,78,89,44,10,24,42,0,19
407908,Joel Peralta,KCA,AL,,33,2,2,73.3,77,39,12,20,55,0,40
407911,Frankie Francisco,TEX,AL,,29,3,2,55,44,21,5,26,65,0,58
407924,Manny Acosta,ATL,NL,,28,5,5,67,65,35,7,43,48,0,46
408046,Andrew Brown,,,,28,3,3,61,59,30,5,35,46,0,31
408052,Chris Bootcheck,PIT,NL,,30,1,3,61.7,75,41,7,32,50,0,10
408057,Bobby Jenks,CHA,AL,,28,4,1,62.7,55,21,4,18,52,0,57
408061,Francisco Rodriguez,NYN,NL,,27,5,1,73,51,19,4,35,101,0,76
408069,Erick Threets,LAN,NL,,27,2,5,68,71,40,7,46,38,0,7
408072,Jason Bulger,LAA,AL,,30,3,2,53,45,22,4,30,64,0,14
408206,Brett Myers,PHI,NL,,28,9,8,132.3,136,66,19,44,120,30,0
408230,Pedro Feliciano,NYN,NL,,32,4,2,59,54,24,6,25,55,0,86
408241,Jake Peavy,SDN,NL,,28,14,8,178.3,154,64,17,54,184,27,0
408310,Aaron Heilman,CHN,NL,,30,6,5,76,74,36,9,33,73,0,78
420864,Randy Flores,COL,NL,,33,1,1,50,56,26,4,22,40,0,43
421104,Lee Gardner,FLO,NL,,34,3,2,43,46,18,3,13,23,0,7
421685,Aaron Harang,CIN,NL,,31,11,12,204,212,101,32,51,184,29,1
424144,Oliver Perez,NYN,NL,,27,9,10,164,159,88,26,87,159,34,0
424164,Kirk Saarloos,CLE,AL,,30,3,6,103,125,62,14,32,40,1,7
424324,Cliff Lee,CLE,AL,,30,14,9,198,204,81,18,43,142,31,0
424465,Runelvys Hernandez,HOU,NL,,31,5,11,117,139,77,21,51,70,4,0
424668,Jon Adkins,CIN,NL,,31,2,4,61.7,72,36,9,19,32,0,4
424805,Mark Hendrickson,BAL,AL,,35,6,8,123,141,71,17,40,66,19,17
424925,Clay Condrey,PHI,NL,,33,4,3,65.3,76,32,6,19,31,0,56
425146,Nate Robertson,DET,AL,,31,9,12,168.7,194,99,24,60,110,28,4
425186,Jason Davis,PIT,NL,,29,5,8,98.3,114,55,7,45,49,4,10
425226,Brian Tallet,TOR,AL,,31,3,2,67,62,28,5,30,54,0,51
425386,Jeremy Guthrie,BAL,AL,,30,8,7,158,158,73,19,57,103,30,0
425426,Chien-Ming Wang,NYA,AL,,29,11,7,149.3,159,65,7,47,71,15,0
425466,Willie Eyre,,,,30,2,2,42.7,48,24,5,16,28,,
425471,Jimmy Gobble,KCA,AL,,27,2,3,49.3,51,26,6,25,45,0,39
425487,Todd Wellemeyer,SLN,NL,,30,8,9,144,142,69,18,61,105,32,0
425492,Ryan Madson,PHI,NL,,28,3,2,72.3,68,28,5,23,56,0,76
425507,Fernando Cabrera,BAL,AL,,27,2,2,47,48,30,10,29,48,0,22
425510,Francisco Cruceta,DET,AL,,27,3,3,56.3,52,27,3,42,49,0,13
425514,Heath Bell,SDN,NL,,31,6,3,73,65,26,6,26,74,0,74
425528,Seth McClung,MIL,NL,,28,5,6,90,86,48,10,61,72,12,25
425530,Brian Stokes,NYN,NL,,29,7,8,125,139,69,15,49,73,1,23
425531,Doug Waechter,KCA,AL,,28,3,3,64,74,35,8,19,32,0,48
425539,Hong-chih Kuo,LAN,NL,,27,5,2,71,57,23,5,27,83,3,39
425555,Daniel Cabrera,WAS,NL,,28,9,13,185,179,95,21,99,165,30,0
425561,Chris Waters,BAL,AL,,28,5,13,144,180,112,32,80,70,11,0
425562,Vinnie Chulk,CLE,AL,,30,3,4,63,64,32,8,25,50,0,27
425606,Kiko Calero,FLO,NL,,34,2,3,41.7,38,21,5,24,47,0,5
425628,Greg Aquino,CLE,AL,,31,2,3,47,48,24,5,23,43,0,9
425629,Oscar Villarreal,KCA,AL,,27,2,4,69,77,40,11,31,39,0,35
425630,Brandon Webb,ARI,NL,,30,18,9,225,206,77,12,61,183,34,0
425646,Luis Ayala,MIN,AL,,31,4,5,64.3,72,37,8,22,41,0,81
425647,D.J. Carrasco,CHA,AL,,32,3,2,65,67,31,6,28,43,0,31
425656,Wil Ledezma,WAS,NL,,28,3,5,89,93,47,9,42,63,6,22
425657,Javier Lopez,BOS,AL,,31,2,2,59,59,25,4,26,37,0,70
425658,Aquilino Lopez,DET,AL,,34,3,3,71.7,81,42,13,23,55,0,48
425747,Jose Contreras,CHA,AL,,37,9,10,149,162,77,17,48,92,20,0
425768,Angel Guzman,CHN,NL,,27,2,3,50,53,28,6,22,41,1,5
425794,Adam Wainwright,SLN,NL,,27,11,8,165,167,68,12,49,110,20,0
425818,Boof Bonser,MIN,AL,,27,7,9,146.7,158,80,21,52,119,12,35
425827,Jeremy Bonderman,DET,AL,,26,7,7,137.7,143,68,16,47,114,12,0
425840,Neal Cotts,CHN,NL,,29,2,2,64,63,31,8,29,58,0,50
425844,Zack Greinke,KCA,AL,,25,10,9,168.7,171,77,22,49,145,32,0
425848,Rich Harden,CHN,NL,,27,7,1,95,64,25,8,35,136,25,0
425856,Gavin Floyd,CHA,AL,,26,8,10,155,166,88,27,63,102,33,0
425860,Bryan Bullington,CLE,AL,,28,7,10,136.7,156,83,22,57,82,2,1
425861,Shawn Camp,TOR,AL,,33,3,3,56,60,27,5,15,44,0,40
425883,Dontrelle Willis,DET,AL,,27,7,10,143.3,159,85,19,72,86,7,1
429440,Edgar Gonzalez,ARI,NL,,26,4,9,117,138,74,21,38,72,6,11
429714,Denny Bautista,PIT,NL,,28,3,4,64.3,64,33,4,43,50,0,51
429717,Danny Haren,ARI,NL,,28,15,9,214,198,81,21,44,198,33,0
429718,Shawn Hill,SDN,NL,,28,4,6,91,104,45,7,25,50,12,0
429719,Edwin Jackson,DET,AL,,25,11,14,179,195,99,21,77,120,31,1
429720,John Maine,NYN,NL,,28,11,9,154,141,71,20,65,140,25,0
429721,Royce Ring,SLN,NL,,28,3,3,48,46,23,3,27,40,0,42
429722,Ervin Santana,LAA,AL,,26,10,6,154,142,62,15,41,136,32,0
429723,Merkin Valdez,SFN,NL,,27,2,3,54,58,32,7,30,37,1,16
429724,John van Benschoten,CHA,AL,,29,4,9,76.7,85,50,13,48,50,5,4
429781,Kevin Correia,SDN,NL,,28,4,6,96,98,48,12,41,69,19,6
429783,Rafael Betancourt,CLE,AL,,34,4,2,64,61,27,9,17,58,0,69
429981,Roy Corcoran,SEA,AL,,29,5,4,74,75,35,3,46,51,0,50
429984,Scott Proctor,FLO,NL,,32,3,4,70,67,34,10,34,68,0,41
429985,Chad Gaudin,CHN,NL,,26,9,7,128,120,58,13,54,117,6,44
430083,Brian Sanches,WAS,NL,,30,4,2,56,59,31,10,21,51,0,12
430101,Chad Cordero,SEA,AL,,27,3,2,46,45,20,6,16,40,0,6
430579,Elizardo Ramirez,TEX,AL,,26,5,9,117.3,151,83,23,32,59,0,1
430580,Alfredo Simon,BAL,AL,,28,2,6,63,88,54,17,27,29,1,3
430582,Brian Wolfe,TOR,AL,,28,4,4,67,72,34,8,20,37,0,20
430587,Taylor Buchholz,COL,NL,,27,5,4,67.7,64,28,6,20,54,0,63
430588,Fernando Nieve,HOU,NL,,26,2,5,70,79,43,12,30,49,0,11
430589,Chad Qualls,ARI,NL,,30,6,5,77,75,32,7,25,60,0,77
430594,Renyel Pinto,FLO,NL,,26,3,4,64,58,32,9,38,59,0,67
430597,Phil Dumatrait,PIT,NL,,27,4,10,104,122,68,14,52,61,11,10
430599,Joe Blanton,PHI,NL,,28,12,11,176.7,194,89,18,47,119,33,0
430606,Mike Adams,SDN,NL,,30,3,4,65,63,30,8,27,61,0,54
430610,Dennis Sarfate,BAL,AL,,28,4,4,77,71,42,8,59,75,4,53
430618,Justin Hampson,SDN,NL,,29,4,3,55,55,22,3,19,38,0,35
430629,Joel Hanrahan,WAS,NL,,27,5,4,85,76,37,9,43,92,0,69
430630,Jason Frasor,TOR,AL,,31,3,2,57,47,24,5,29,59,0,49
430634,Sean Burnett,PIT,NL,,26,2,2,54.3,59,31,7,31,33,0,58
430636,Ian Snell,PIT,NL,,27,8,12,169.3,192,95,21,74,148,31,0
430641,Blaine Boyer,ATL,NL,,27,4,5,83,86,44,7,41,64,0,76
430642,Jose Capellan,HOU,NL,,28,4,6,83,94,49,14,31,45,0,1
430646,Jake Woods,SEA,AL,,27,3,6,91,107,57,12,43,56,0,15
430654,Brian Bass,BAL,AL,,27,3,6,79,94,49,12,29,38,4,45
430657,Cha Seung Baek,SDN,NL,,29,5,7,105,114,58,17,33,67,21,11
430661,Dustin McGowan,TOR,AL,,27,9,8,141,133,65,14,62,122,19,0
430663,Brian Bruney,NYA,AL,,27,3,2,44.7,40,23,5,31,41,1,31
430666,Phil Stockman,ATL,NL,,29,1,1,35,32,16,3,22,32,0,6
430673,Ramon Ramirez,BOS,AL,,27,3,2,54.7,52,24,3,25,45,0,71
430674,Yhency Brazoban,LAN,NL,,29,0,1,19,21,12,3,8,14,0,2
430675,Sean Henn,MIN,AL,,28,1,2,34.7,38,20,3,20,22,0,4
430831,Jeff Bennett,ATL,NL,,29,4,4,90,92,43,8,40,58,4,68
430837,Lenny Dinardo,KCA,AL,,29,3,7,87,110,56,12,30,45,2,9
430884,Jesse Crain,MIN,AL,,27,4,3,52.3,53,24,6,18,41,0,66
430889,Bill Murphy,,,,28,4,8,116,128,71,17,60,88,,
430900,Mike Wuertz,OAK,AL,,30,3,2,69,64,30,8,30,69,0,45
430904,Paul Maholm,PIT,NL,,27,9,11,180.7,194,91,21,60,120,31,0
430911,David Aardsma,SEA,AL,,27,3,4,60.3,58,32,7,36,64,0,47
430912,Matt Cain,SFN,NL,,24,13,10,219,201,88,16,86,183,34,0
430913,Brad Hennessey,BAL,AL,,29,4,9,109,131,68,17,39,49,4,13
430935,Cole Hamels,PHI,NL,,25,14,8,207.3,184,83,28,54,199,33,0
430941,George Sherrill,BAL,AL,,32,4,2,48,41,20,4,25,52,0,57
430950,Brian Gordon,TEX,AL,,30,4,6,75.3,89,49,16,22,42,0,3
430962,Dustin Nippert,TEX,AL,,28,5,9,114.7,136,77,19,52,86,6,14
430963,Tony Pena,ARI,NL,,27,5,4,80,79,33,7,22,57,0,72
431148,Scott Kazmir,TBA,AL,,25,13,7,174.7,145,66,21,73,201,27,0
432934,Chris Young,SDN,NL,,30,7,7,129,113,57,18,58,121,18,0
433578,Lance Cormier,TBA,AL,,28,5,5,89,94,47,8,38,51,1,44
433579,John Danks,CHA,AL,,24,11,8,171.3,173,77,20,56,143,33,0
433581,Brad Thompson,SLN,NL,,27,3,3,62,72,33,7,15,29,6,20
433584,Fausto Carmona,CLE,AL,,25,13,9,173,177,78,11,69,97,22,0
433585,Jeff Francis,COL,NL,,28,9,11,178.3,194,92,22,58,125,24,0
433586,Santiago Casilla,OAK,AL,,29,2,2,60,57,26,5,26,53,0,51
433587,Felix Hernandez,SEA,AL,,23,12,9,210,210,88,16,70,175,31,0
433589,Yusmeiro Petit,ARI,NL,,24,5,8,110,120,62,19,31,71,8,11
433657,David Bush,MIL,NL,,29,9,11,180,189,90,26,42,125,29,2
434137,Logan Kensing,FLO,NL,,26,2,3,53,47,27,8,35,62,0,48
434159,Dan Meyer,FLO,NL,,27,3,8,101,119,67,17,45,56,4,7
434181,Brandon League,TOR,AL,,26,3,3,68,68,29,4,25,47,0,31
434298,Todd Coffey,MIL,NL,,28,4,4,76,82,39,9,29,55,0,26
434378,Justin Verlander,DET,AL,,26,14,11,194,192,92,20,74,162,33,0
434438,Billy Buckner,ARI,NL,,25,6,10,131,150,79,18,59,77,0,10
434442,J.P. Howell,TBA,AL,,26,5,2,90,73,32,9,38,97,0,64
434479,Mike Hinckley,WAS,NL,,26,3,11,117,145,84,18,62,53,0,14
434482,Jesse Carlson,TOR,AL,,28,5,5,70,69,32,8,23,53,0,69
434525,Brad Nelson,MIL,NL,RP,27,3,4,80,91,43,8,26,36,0,0
434538,Francisco Liriano,MIN,AL,,25,8,6,139,130,58,14,49,123,14,0
434565,Rob Tejeda,KCA,AL,,27,5,7,100.3,99,56,13,60,76,1,28
434578,Joe Saunders,LAA,AL,,28,12,11,192,201,90,21,57,120,31,0
434579,Steven Shell,WAS,NL,,26,3,4,86,84,40,13,29,69,0,39
434587,Devon Lowery,KCA,AL,,26,1,2,41.7,46,27,6,26,28,0,5
434590,Yorman Bazardo,PHI,NL,,24,5,12,124.7,158,90,23,52,59,0,3
434591,Randy Messenger,SEA,AL,,27,4,6,71,82,39,7,26,40,0,13
434592,Chris Resop,ATL,NL,,26,2,2,51,50,25,5,27,42,0,16
434619,Enrique Gonzalez,SDN,NL,,26,7,8,130.3,145,74,14,58,74,0,4
434622,Ubaldo Jimenez,COL,NL,,25,11,12,180.3,175,89,14,102,153,34,0
434623,Juan Morillo,COL,NL,,25,2,3,63.3,63,36,5,53,46,0,1
434627,Ryan Speier,COL,NL,,29,3,3,63.7,68,33,5,29,42,0,43
434628,Jason Hammel,TBA,AL,,26,5,6,95.3,98,48,12,39,63,5,35
434637,Matthew Lindstrom,FLO,NL,,29,4,3,64,64,27,4,25,54,0,66
434638,Brian Burres,TOR,AL,,28,4,7,90,106,57,14,34,49,22,9
434641,Juan Gutierrez,,,,25,5,9,117,137,74,17,52,63,,
434643,Wandy Rodriguez,HOU,NL,,27,8,10,151,157,77,18,58,126,25,0
434663,Leo Nunez,FLO,NL,,25,3,2,50,49,23,6,21,38,0,45
434665,Nick Masset,CIN,NL,,27,2,3,73.7,83,39,8,29,50,1,41
434666,Josh Rupe,TEX,AL,,26,2,2,63.3,71,37,7,30,35,0,46
434668,Manny Delcarmen,BOS,AL,,27,3,1,65.7,57,25,4,25,62,0,73
434669,Luis Mendoza,TEX,AL,,25,6,12,119,156,82,15,43,54,11,14
434671,Anibal Sanchez,FLO,NL,,25,5,5,96,98,49,11,43,76,10,0
434678,Kyle Davies,KCA,AL,,25,7,14,135.3,157,83,18,60,81,21,0
434679,Anthony Lerew,,,,26,2,5,61,72,44,11,38,37,,
434680,Macay McBride,DET,AL,,26,1,2,34.7,35,19,4,20,27,,
434701,Franquelis Osoria,KCA,AL,,27,3,6,75.3,90,44,9,25,35,0,43
434718,Huston Street,COL,NL,,25,6,4,65.3,58,26,7,19,67,0,63
434884,Ryan Rowland-Smith,SEA,AL,,26,4,4,98,100,48,12,43,72,12,35
434958,Sean Green,NYN,NL,,30,5,4,78,74,36,2,37,51,0,72
435039,Anthony Reyes,CLE,AL,,27,5,5,94,100,50,14,31,67,6,10
435043,Zach Duke,PIT,NL,,26,7,11,148.7,190,87,15,42,75,31,0
435044,Scott Baker,MIN,AL,,27,10,9,170.7,180,81,22,40,128,28,0
435080,Thomas Diamond,TEX,AL,SP,26,4,8,91,99,60,15,60,75,,
435140,Hayden Penn,BAL,AL,,24,3,8,78,97,59,17,35,45,,
435158,Keiichi Yabu,SFN,NL,,40,3,3,63,60,27,4,27,48,0,60
435178,Josh Johnson,FLO,NL,,25,6,5,107,110,48,9,40,87,14,0
435179,Scott Olsen,WAS,NL,,25,9,12,191,206,101,28,65,131,33,0
435221,Brandon McCarthy,TEX,AL,,25,2,2,45,47,25,7,17,32,5,0
435261,Zach Miner,DET,AL,,27,6,6,103.3,112,55,9,44,57,13,32
435298,Jeff Niemann,TBA,AL,,26,7,9,117.3,121,66,19,55,86,2,3
435400,Jason Motte,SLN,NL,,27,4,3,65,63,28,6,23,60,0,12
435500,Dan Giese,NYA,AL,,32,5,3,83.3,86,38,9,24,55,3,17
435538,Bill Bray,CIN,NL,,26,3,3,56,56,26,7,25,58,0,63
435618,Jeremy Accardo,TOR,AL,,27,3,3,51,51,23,5,18,37,0,16
435619,Pat Misch,SFN,NL,SP,27,4,8,127,147,74,20,37,77,7,8
435620,Jack Taschner,SFN,NL,,31,3,4,55,57,29,6,25,49,0,67
435638,Zach Jackson,CLE,AL,,26,6,10,142,175,91,18,53,67,9,2
435658,Jorge Campillo,ATL,NL,,30,5,6,116,127,58,14,31,70,25,14
441368,Alberto Castillo,BAL,AL,,33,2,3,46,49,24,7,17,38,0,28
442707,Mark DiFelice,MIL,NL,,32,4,4,79,81,38,13,14,59,0,15
443563,Alex Serrano,LAA,AL,,28,2,3,43,55,28,8,9,21,0,1
444127,Warner Madrigal,TEX,AL,,25,4,5,51.3,56,32,9,27,33,1,30
444354,Daryl Thompson,CIN,NL,,23,4,12,123,150,89,32,39,74,3,0
444370,Carlos Muniz,NYN,NL,,28,3,4,60,63,33,9,24,39,0,18
444371,Jeff Karstens,PIT,NL,,26,5,9,104.3,119,60,17,30,59,9,0
444440,Nicholas Adenhart,LAA,AL,,22,9,12,164,186,94,15,82,93,3,0
444446,Collin Balester,WAS,NL,,23,7,12,158,179,92,24,58,100,15,0
444520,Craig Breslow,MIN,AL,,28,3,2,60,56,24,4,26,49,0,49
444836,Aaron Laffey,CLE,AL,,24,11,11,171,195,86,16,51,86,16,0
444857,Scott Feldman,TEX,AL,,26,6,9,130.3,150,79,17,55,73,25,3
444864,Jimmy Barthmaier,PIT,NL,,25,4,9,113.3,135,74,15,59,74,3,0
444865,Jason Hirsh,COL,NL,,27,4,9,120.3,139,82,22,63,68,1,3
444884,Chris Ray,BAL,AL,,27,3,3,33,29,15,5,14,32,,
444970,James Parr,ATL,NL,,23,8,12,157,177,91,21,59,86,5,0
445060,Ricky Nolasco,FLO,NL,,26,10,11,189,201,96,28,40,151,32,2
445090,Bobby Korecky,ARI,NL,,29,6,6,85.7,91,43,9,37,55,0,16
445156,Sean Marshall,CHN,NL,,26,4,5,89,91,46,13,33,64,7,27
445163,Casey Janssen,TOR,AL,,27,4,2,61,63,24,5,14,36,,
445222,Jack Cassel,CLE,AL,,28,5,11,131,159,81,19,47,74,3,6
445590,Eric Stults,LAN,NL,,29,6,10,130,149,74,19,47,85,7,0
445926,Jesse Chavez,PIT,NL,,25,3,5,81.7,91,45,11,33,66,0,15
445968,Dana Eveland,OAK,AL,,25,7,7,132,139,64,9,57,91,29,0
445984,Jesus Delgado,SEA,AL,,25,4,5,72,78,42,8,43,44,0,2
446207,Josh Geer,SDN,NL,,26,8,13,177,213,99,23,47,88,5,0
446209,Jesse Litsch,TOR,AL,,24,13,11,187,197,85,21,44,98,28,1
446321,Ross Detwiler,,,,23,3,8,82,94,54,13,42,46,,
446333,Eddie Kunz,NYN,NL,,23,2,2,39,39,20,3,23,22,0,4
446341,Scott Richmond,TOR,AL,,29,6,13,140,168,97,31,50,94,5,0
446453,Levale Speigner,FLO,NL,,28,2,4,65,75,36,7,23,31,0,7
446454,Brian Bannister,KCA,AL,,28,8,13,154.7,174,90,23,51,88,32,0
446624,Charlie Haeger,LAN,NL,,25,7,12,149,161,86,18,85,91,0,4
446884,T.J. Beam,TOR,AL,,28,3,4,73,78,39,9,27,50,0,32
446899,Brad Ziegler,OAK,AL,,29,7,3,81,77,26,3,25,42,0,47
447714,Eric O'Flaherty,ATL,NL,,24,2,3,55,60,29,4,24,38,0,7
448147,Nick Blackburn,MIN,AL,,27,8,10,161.7,189,85,20,35,77,33,0
448159,Manny Parra,MIL,NL,,26,7,7,128,134,65,12,60,101,29,3
448165,Matt Capps,PIT,NL,,25,5,3,71.7,66,26,7,13,55,0,49
448178,Kevin Jepsen,LAA,AL,,24,3,5,57,60,33,5,40,38,0,9
448179,Rich Hill,BAL,AL,,29,6,9,120.7,119,67,18,62,104,5,0
448200,Chris Sampson,HOU,NL,,31,6,7,118,129,57,15,21,61,11,43
448269,Bradley Bergesen,BAL,AL,SP,23,8,13,146,177,85,20,38,53,,
448306,Jamie Shields,TBA,AL,,27,13,8,206.7,195,83,25,40,170,33,0
448337,Josh Kinney,SLN,NL,,30,2,2,52,49,23,5,23,45,0,7
448592,Cla Meredith,SDN,NL,,26,4,3,86,91,36,7,23,57,0,73
448609,Tony Sipp,CLE,AL,RP,25,3,3,63,62,34,10,28,58,,
448656,Chad Reineke,SDN,NL,,27,5,8,117,125,67,18,54,87,3,1
448694,Randy Wells,CHN,NL,,26,6,7,113,126,62,16,36,71,0,4
448802,Jaime Garcia,SLN,NL,,22,7,9,116,121,63,14,56,70,1,9
448842,Eulogio de la Cruz,FLO,NL,,25,7,9,135,140,71,12,67,96,1,5
448857,Jose Ascanio,CHN,NL,,24,2,2,77,82,42,12,27,52,0,6
449060,Clay Rapada,DET,AL,,28,3,4,57,59,30,5,30,41,0,25
449072,Kyle McClellan,SLN,NL,,30,5,4,72,72,30,6,21,51,0,68
449079,Wesley Wright,HOU,NL,,24,4,5,67,63,37,9,42,58,0,71
449089,Adam Miller,CLE,AL,SP,24,3,2,45,48,22,3,21,29,,
449097,Jon Papelbon,BOS,AL,,28,6,1,64.7,52,18,5,12,68,0,67
449154,Justin Orenduff,LAN,NL,SP,26,2,7,86,105,65,20,42,57,,
449157,Mike Parisi,SLN,NL,,26,5,11,122,150,80,16,56,62,2,10
449777,Mitch Stetter,MIL,NL,,28,4,3,40,35,17,4,20,38,0,30
449820,Leo Rosales,ARI,NL,,28,1,3,50,58,30,7,21,30,0,27
449881,R.J. Swindle,MIL,NL,,25,2,2,52,52,23,5,11,46,0,3
450172,Edinson Volquez,CIN,NL,,25,12,11,181.3,166,80,19,85,180,32,1
450203,Charlie Morton,ATL,NL,,25,6,9,116,125,68,12,63,69,15,1
450212,Pat Neshek,MIN,AL,,28,4,2,49,45,21,8,16,58,0,15
450275,Mark Lowe,SEA,AL,,26,2,2,50,51,25,4,27,42,0,57
450282,Glen Perkins,MIN,AL,,26,5,8,122.7,141,74,22,49,74,26,0
450308,Jered Weaver,LAA,AL,,26,13,8,180,174,75,19,49,148,30,0
450312,Mark Worrell,SDN,NL,,26,3,4,66,63,31,8,33,66,0,4
450320,Carmen Pignatiello,CHN,NL,,26,1,1,55,59,30,7,23,39,0,2
450351,C.J. Wilson,TEX,AL,,28,2,2,60.7,56,30,8,31,58,0,50
450545,Doug Mathis,TEX,AL,,26,5,9,108.3,138,74,17,43,52,4,4
451216,Brian Wilson,SFN,NL,,27,4,3,62,57,26,3,34,54,0,63
451256,Kurt Birkins,TBA,AL,,28,4,5,67.3,71,39,9,39,46,0,6
451257,Kason Gabbard,TEX,AL,,27,6,7,106.3,115,63,15,59,73,12,0
451262,A.J. Murray,TEX,AL,,27,2,3,56,64,31,5,26,38,2,0
451482,Armando Galarraga,DET,AL,,27,10,10,159.7,166,85,24,62,107,28,2
451491,Joel Zumaya,DET,AL,,24,3,2,43.7,38,19,4,28,44,0,21
451497,Brian Slocum,PIT,NL,,28,3,5,67,76,44,11,37,48,0,2
451532,Chad Billingsley,LAN,NL,,24,15,8,204,186,76,14,73,195,32,3
451584,Wade Davis,TBA,AL,SP,23,8,10,147.7,151,78,18,70,93,,
451595,Sean Gallagher,OAK,AL,,23,8,7,134,135,63,11,65,92,21,2
451596,Yovani Gallardo,MIL,NL,,23,5,3,82,74,34,7,35,74,4,0
451767,Freddy Dolsi,DET,AL,,26,3,5,55.3,63,34,7,29,30,0,42
451788,Shaun Marcum,TOR,AL,,27,8,6,147,141,66,20,44,126,25,0
452075,Connor Robertson,NYN,NL,,27,5,5,72,72,36,7,32,57,0,6
452237,Taylor Tankersley,FLO,NL,,26,3,4,58,58,32,9,33,56,0,25
452240,Adam Russell,CHA,AL,,26,3,5,67,75,40,8,37,41,0,22
452241,Garrett Mock,WAS,NL,,26,5,7,122,134,68,15,49,87,3,23
452249,Micah Owings,CIN,NL,,26,6,9,133.7,142,76,19,51,106,18,4
452293,Jonathan Albaladejo,NYA,AL,,26,2,3,40.7,44,22,6,16,29,0,7
452298,Kevin Cameron,OAK,AL,,29,2,2,49,49,21,1,26,30,0,10
452657,Jon Lester,BOS,AL,,25,10,7,156.3,159,71,13,63,109,33,0
452676,Mitch Talbot,TBA,AL,,25,10,11,160.7,169,79,16,58,99,1,2
452718,Kyle Kendrick,PHI,NL,,24,10,12,161.3,190,90,21,51,74,30,1
452725,Wes Littleton,BOS,AL,,26,4,4,75.3,75,37,8,31,48,0,12
452733,Tom Gorzelanny,PIT,NL,,26,9,11,152.3,159,79,18,65,108,21,0
453178,Ian Kennedy,NYA,AL,,24,7,7,128,131,65,13,57,94,9,1
453192,Andrew Miller,FLO,NL,,24,8,10,141,147,72,11,63,113,20,9
453198,Chris Perez,SLN,NL,,23,3,3,60,53,29,7,38,62,0,41
453281,Wade LeBlanc,SDN,NL,,24,9,14,156,168,86,26,49,121,4,1
453286,Max Scherzer,ARI,NL,,24,8,6,112,101,46,9,50,106,7,9
453311,Tim Lincecum,SFN,NL,,25,14,6,204,169,68,12,82,222,33,1
453329,Clay Buchholz,BOS,AL,,24,8,8,136.7,140,68,15,50,111,15,1
453344,Brandon Morrow,SEA,AL,,24,11,10,178,159,79,20,84,169,5,40
453353,Greg Reynolds,COL,NL,,23,4,7,94.7,114,60,13,34,39,13,1
453385,Clayton Richard,WAS,NL,,25,9,12,149.3,173,82,18,48,66,8,5
453515,David Purcey,TOR,AL,,27,6,10,128,139,75,19,54,92,12,0
453646,Carlos Villanueva,MIL,NL,,25,5,5,94,97,48,14,31,77,9,38
453889,Matt Chico,WAS,NL,,26,4,7,107,122,61,15,38,63,8,3
453954,Kevin Hart,CHN,NL,,26,5,8,119,127,70,18,50,81,0,21
454537,Jared Burton,CIN,NL,,28,4,4,61,60,29,7,29,52,0,54
454581,Carlos Guevara,SDN,NL,,27,2,2,54,55,28,7,26,50,0,10
454972,Romulo Sanchez,PIT,NL,,25,2,4,62.3,71,40,10,29,31,0,10
455009,Jonathan Broxton,LAN,NL,,25,6,2,81,64,25,5,29,101,0,70
455047,Jeff Ridgway,ATL,NL,,28,3,3,65,66,36,9,33,55,0,10
455090,Jack Egbert,CHA,AL,SP,26,9,9,144.7,155,73,15,58,92,,
455091,Michael Ekstrom,SDN,NL,,25,7,13,145,175,88,19,55,83,0,8
455092,Scott Elbert,LAN,NL,,23,2,2,32,31,18,4,19,29,0,10
455970,Bob McCrory,BAL,AL,,27,2,2,48,52,29,4,33,28,0,8
456027,Ross Ohlendorf,PIT,NL,,26,4,9,117.3,148,73,16,33,78,5,25
456034,David Price,TBA,AL,,23,7,6,114.3,112,54,15,40,80,1,4
456043,Jonathan Sanchez,SFN,NL,,26,6,6,103,97,49,9,53,98,29,0
456102,David Pauley,BAL,AL,,26,5,10,140.7,171,90,22,52,69,2,4
456387,Ryan Feierabend,SEA,AL,,23,4,8,121,150,74,16,35,61,8,0
456499,Scott Patterson,SDN,NL,,30,2,2,55,56,29,10,19,49,0,4
456501,Johnny Cueto,CIN,NL,,23,9,13,169.3,176,90,28,55,151,31,0
456585,Michael O'Connor,WAS,NL,SP,28,3,6,85,99,54,18,26,47,1,4
456589,Jason Bergmann,WAS,NL,SP,27,5,9,142,150,78,22,53,106,22,8
456630,Davis Romero,,,,26,7,9,120,136,67,20,38,83,,
456701,Homer Bailey,CIN,NL,,23,5,12,132.7,150,86,22,68,93,8,0
456744,Chris Schroder,OAK,AL,,30,4,5,66,68,35,9,35,55,0,4
457122,Rocky Cherry,NYN,NL,,29,2,3,66,68,36,9,31,49,0,18
457422,Tim Dillard,MIL,NL,,25,5,7,123,144,70,14,41,57,0,13
457425,Evan Meek,PIT,NL,,26,2,3,78.7,85,44,7,43,53,0,9
457428,James McDonald,LAN,NL,,24,6,11,140,153,85,27,53,100,0,4
457429,Boone Logan,ATL,NL,,24,2,3,59,63,33,5,26,55,0,55
457435,Phil Coke,NYA,AL,,26,7,9,121,134,66,14,50,74,0,12
457437,Jared Wells,SEA,AL,,27,3,7,92,109,63,13,55,60,0,8
457440,Dewon Day,,,,28,3,5,58.7,62,36,8,38,43,,
457448,Matt Harrison,TEX,AL,,23,7,11,136.3,162,84,19,52,65,15,0
457452,Randor Bierd,BOS,AL,,25,2,2,52,55,27,5,24,35,0,29
457453,Jair Jurrjens,ATL,NL,,23,12,9,180,179,76,13,58,120,31,0
457456,Jo-Jo Reyes,ATL,NL,,24,7,8,134,141,73,16,61,101,22,1
457458,Ty Taubenheim,PIT,NL,,26,4,9,102.7,123,67,17,44,60,1,0
457461,Sean White,SEA,AL,,28,3,8,95,124,63,11,41,34,,
457468,Josh Banks,SDN,NL,,26,7,11,149,173,86,26,38,88,14,3
457732,Andrew Bailey,OAK,AL,RP,25,4,9,102,112,66,17,53,60,,
457733,Joey Devine,OAK,AL,,25,6,3,50,44,18,3,23,47,0,42
457761,Ryan Tucker,FLO,NL,,22,5,8,132,144,75,15,66,79,6,7
457796,Garrett Olson,SEA,AL,,24,8,13,158.3,172,91,22,69,120,26,0
457826,Tom Mastny,,,,28,4,4,63,65,33,6,33,56,1,13
457858,Rich Rundles,CLE,AL,,28,3,4,63,67,33,5,33,40,0,8
457918,J.A. Happ,PHI,NL,,26,6,8,125,130,75,22,61,107,4,4
457922,Eric Hurley,TEX,AL,,23,4,10,115.3,131,83,32,49,74,5,0
458006,Matt Albers,BAL,AL,,26,2,2,48,49,23,4,25,29,3,25
458008,Humberto Sanchez,NYA,AL,,26,3,4,55.7,59,30,7,26,46,0,2
458567,Andrew Sonnanstine,TBA,AL,,26,12,11,187.3,197,90,24,38,124,32,0
458690,Christopher Volstad,FLO,NL,,22,6,9,127,147,71,14,43,62,14,1
458709,John Lannan,WAS,NL,,24,11,11,171,171,78,19,59,98,31,0
458713,Kevin Slowey,MIN,AL,,25,11,8,147.7,151,65,18,26,109,27,0
458730,Bobby Parnell,NYN,NL,,24,7,11,144,159,86,21,72,81,0,6
458950,Phil Humber,MIN,AL,SP,27,6,10,118.7,129,76,26,53,98,0,5
459371,Ramon Ramirez,CIN,NL,,26,5,10,139.3,144,83,27,64,116,4,1
459376,Kelvin Jimenez,SLN,NL,,28,3,4,73,82,41,7,26,40,0,15
459376,Kelvin Jimenez,SLN,NL,,28,3,4,66.7,78,41,9,29,36,0,15
459939,Mitchell Boggs,SLN,NL,,25,6,10,144,163,85,17,65,74,6,2
459974,Jonathan Meloan,CLE,AL,,24,6,8,105,107,58,12,61,78,0,2
460024,Luke Hochevar,KCA,AL,,25,6,11,142.3,164,88,21,52,82,22,0
460029,Jensen Lewis,CLE,AL,,25,3,3,83,85,40,10,37,67,0,51
460059,Mike Pelfrey,NYN,NL,,25,8,8,140,147,66,11,53,82,32,0
460069,Ricky Romero,TOR,AL,SP,24,4,8,119,138,78,17,67,66,,
460105,Greg Smith,COL,NL,,25,7,10,143,154,80,19,49,84,32,0
460260,Scott Lewis,CLE,AL,,25,7,7,123,134,61,14,33,76,4,0
460265,Jeremy Sowers,CLE,AL,,26,8,10,170,192,92,20,52,85,22,0
460283,Jerry Blevins,OAK,AL,,25,4,4,68,72,31,6,19,47,0,36
460284,Dallas Braden,OAK,AL,,25,3,5,80,92,45,13,24,48,10,9
460349,Carlos Rosa,KCA,AL,,24,7,7,103.7,111,50,9,33,56,0,2
460370,Rafael Perez,CLE,AL,,27,5,2,79,72,29,6,28,76,0,73
460580,Chuck James,ATL,NL,,27,6,10,122,133,71,22,46,85,7,0
460602,Dirk Hayhurst,TOR,AL,,28,3,6,94,108,58,14,34,66,3,7
460639,Jailen Peguero,ARI,NL,,28,4,5,80,84,44,9,43,55,0,7
460657,Doug Slaten,ARI,NL,,29,3,2,47,47,21,4,21,36,0,45
460677,Cory Wade,LAN,NL,,26,2,3,90,91,43,15,23,59,0,55
461212,Matt Palmer,LAA,AL,,30,6,11,138,157,79,16,57,78,3,0
461325,Tyler Clippard,WAS,NL,,24,5,13,133,147,85,22,74,90,2,0
461377,Neal Musser,KCA,AL,,28,3,4,61,62,33,8,35,46,0,1
461766,Jose Arredondo,LAA,AL,,25,7,4,72,68,30,7,28,56,0,52
461791,Carlos Marmol,CHN,NL,,26,5,2,87,61,27,8,43,106,0,82
461829,Gio Gonzalez,OAK,AL,,23,6,13,151,161,95,26,84,109,7,3
461833,Philip Hughes,NYA,AL,,23,3,3,59,61,28,4,23,42,8,0
461836,Chris Lambert,DET,AL,,26,6,11,128.3,149,83,20,62,82,3,5
461848,Jim Miller,BAL,AL,,27,4,6,77,82,44,10,43,61,0,8
461856,Troy Patton,BAL,AL,,23,7,11,147,171,88,22,53,82,,
461862,Steven Register,COL,NL,,26,3,3,64.7,72,36,8,24,41,0,10
461904,Chris Britton,SDN,NL,,26,3,2,63,62,27,7,21,49,0,15
462136,Marco Estrada,WAS,NL,,25,4,8,97,112,61,15,42,58,0,11
462382,James Johnson,BAL,AL,,26,4,3,74,74,31,4,32,43,0,54
462522,Jeff Gray,OAK,AL,,27,3,6,71,84,42,9,26,35,0,5
462945,Cesar Jimenez,SEA,AL,,24,2,3,52,56,26,5,18,43,2,29
462956,Felipe Paulino,HOU,NL,,25,3,6,68,77,47,12,45,43,,
462985,Franklin Morales,COL,NL,,23,5,11,133.3,146,87,18,93,77,5,0
462995,Rick Vanden Hurk,FLO,NL,,24,1,3,35,38,22,6,19,36,4,0
463017,Shairon Martis,WAS,NL,,22,7,12,144,158,82,20,64,87,4,1
464244,Alberto Arias,HOU,NL,,25,4,6,82,88,47,12,34,54,2,13
465593,Carlos Martinez,FLO,NL,,27,2,4,42,50,31,12,17,34,,
465629,Edward Mujica,CLE,AL,,25,3,3,64,71,35,8,19,44,0,33
465657,Joakim Soria,KCA,AL,,25,4,1,67.7,49,17,5,18,74,0,63
466838,Juan Salas,CLE,AL,,30,4,2,51.7,45,21,5,23,48,0,5
466918,Manuel Corpas,COL,NL,,26,4,2,77.7,79,32,6,21,56,0,76
466983,Fabio Castro,TOR,AL,,24,4,8,104,110,63,16,53,73,,
467683,Osiris Matos,SFN,NL,,24,3,2,67,66,28,5,24,45,0,20
467726,Jose Mijares,MIN,AL,,24,2,3,43.3,46,30,9,30,33,0,10
467785,Radhames Liz,BAL,AL,,26,5,11,131,148,91,24,77,92,17,0
468402,Charlie Zink,BOS,AL,,29,7,11,136.3,157,84,17,67,56,1,0
468962,Devern Hansack,BOS,AL,,31,7,9,126,139,71,19,41,75,0,4
469686,Alfredo Aceves,NYA,AL,,26,7,8,147.3,172,85,25,40,77,4,2
469735,Edwar Ramirez,NYA,AL,,28,4,2,56,48,24,6,25,66,0,55
470462,Ramon Troncoso,LAN,NL,,26,4,5,74,81,36,5,26,43,0,32
471911,Carlos Carrasco,PHI,NL,SP,22,7,11,133,143,81,24,63,93,,
473560,Lance Broadway,CHA,AL,,25,5,13,150,186,109,33,67,76,1,6
474463,Brett Anderson,OAK,AL,SP,21,7,10,112,127,61,14,33,59,,
475022,Craig Hansen,PIT,NL,,25,3,5,71,73,38,4,45,51,0,48
475416,Justin Masterson,BOS,AL,,24,10,8,138.7,138,64,13,55,85,9,27
476206,Justin Thomas,SEA,AL,,25,5,12,136,163,93,22,68,87,0,8
476451,Jeremy Hellickson,TBA,AL,SP,22,6,10,125.7,142,80,30,30,80,,
476601,Michael Bowden,BOS,AL,,22,9,8,122.3,132,61,14,35,72,1,0
477003,Jonathan Niese,NYN,NL,SP,22,9,11,165,182,89,21,57,101,3,0
477132,Clayton Kershaw,LAN,NL,,21,8,8,154,149,72,15,67,123,21,1
488674,Burke Badenhop,FLO,NL,,26,6,7,113,134,62,11,39,55,8,5
488782,Anthony Claggett,NYA,AL,RP,24,5,5,77.7,89,44,8,36,39,,
488846,Brian Duensing,MIN,AL,SP,26,6,11,144,176,96,28,44,69,,
488984,Tommy Hunter,TEX,AL,,22,7,16,158.3,206,116,34,40,74,3,0
489189,Joshua Outman,OAK,AL,,24,6,10,137,151,76,14,69,68,4,2
489265,Sergio Romo,SFN,NL,,26,4,4,65,63,29,9,19,51,0,29
489448,Mike Zagurski,,,,26,2,1,39,39,18,2,21,34,,
490063,Matt Garza,TBA,AL,,25,10,8,160.3,154,70,17,55,121,30,0
491159,Joe Thatcher,SDN,NL,,27,5,5,68,69,30,5,22,57,0,25
491220,Hunter Jones,BOS,AL,RP,25,5,4,84,90,42,9,29,51,,
491703,Neftali Feliz,TEX,AL,SP,21,5,6,82.3,91,48,8,48,59,,
493131,Masahide Kobayashi,CLE,AL,,35,4,5,58,65,30,7,14,33,0,57
493133,Hiroki Kuroda,LAN,NL,,34,10,8,171,177,73,14,42,103,31,0
493137,Daisuke Matsuzaka,BOS,AL,,28,14,9,178,157,75,17,87,176,29,0
493157,Koji Uehara,BAL,AL,SP,34,5,6,90.7,98,45,17,14,64,,
493161,Yasuhiko Yabuta,KCA,AL,,36,4,5,65.3,71,37,8,33,41,0,31
493247,Peter Moylan,ATL,NL,,30,3,2,51,48,22,4,24,40,0,7
493416,Takashi Saito,BOS,AL,,39,6,1,54.7,44,16,3,17,61,0,45
499877,Kenshin Kawakami,ATL,NL,SP,34,10,8,141,145,64,22,30,117,,
501874,Kameron Mickolio,BAL,AL,,25,3,3,54,59,30,5,29,34,0,9
501925,Joe Smith,CLE,AL,,25,3,3,53,51,24,4,29,47,0,82
501955,Joba Chamberlain,NYA,AL,,23,10,6,131.3,127,55,12,52,129,12,30
501957,Chris Tillman,BAL,AL,SP,21,7,9,126.7,134,74,18,70,85,,
502085,David Robertson,NYA,AL,,24,5,4,76.3,72,35,4,42,67,0,25
502158,Josh Roenicke,CIN,NL,,26,3,4,56.3,57,29,7,29,49,0,5
502165,Andrew Carpenter,PHI,NL,,24,7,15,140.7,173,96,27,50,71,0,1
502188,Jeff Samardzija,CHN,NL,,24,6,9,133,148,81,20,64,68,0,26
502208,P.J. Walters,SLN,NL,SP,24,8,10,158,170,86,20,64,102,,
502239,Trevor Cahill,OAK,AL,SP,21,8,9,111,112,56,10,60,60,,
502609,Danny Herrera,CIN,NL,,24,4,5,64.3,67,31,7,21,47,0,7
502706,Derek Holland,TEX,AL,SP,22,7,5,104,107,60,10,39,60,,
503285,Darren O'Day,NYN,NL,,26,4,3,57,58,27,5,18,36,0,30
506429,Kazuo Fukumori,TEX,AL,,32,2,5,64,87,49,13,23,30,0,4
506432,Kei Igawa,NYA,AL,,29,6,11,117.3,142,77,24,41,70,1,1
506606,Hideki Okajima,BOS,AL,,33,4,1,61,53,22,6,21,59,0,64
506648,Yoslan Herrera,PIT,NL,,28,5,12,123.7,161,85,18,46,55,5,0
519105,Jarrod Parker,ARI,NL,SP,20,6,12,115,137,76,20,48,58,,
519144,Rick Porcello,DET,AL,SP,20,5,9,113.3,139,73,18,37,40,,
519455,Jordan Zimmermann,WAS,NL,SP,23,6,8,131,135,70,18,57,88,,
,Aaron Fultz,,,,35,2,2,31.7,34,17,4,15,26,,
,Aaron Poreda,CHA,AL,SP,22,8,9,149.3,168,78,18,45,72,,
,Aaron Thompson,FLO,NL,SP,22,3,6,101,122,63,13,43,43,,
,Adam Bostick,NYN,NL,SP,26,3,7,81,92,56,16,47,56,,
,Adam Harben,SEA,AL,SP,25,5,8,104,112,65,10,75,59,,
,Adam Ottavino,SLN,NL,SP,23,5,10,129,151,85,21,66,67,,
,Alexander Hinshaw,SFN,NL,RP,26,1,2,44,40,23,6,33,44,,
,Ambiorix Burgos,,,,25,1,2,31,30,17,6,16,34,,
,Andrew Baldwin,SEA,AL,SP,26,6,11,158,197,93,20,36,73,,
,Andy Cavazos,,,,28,2,4,52,53,32,8,33,41,,
,Anthony Swarzak,MIN,AL,SP,23,5,9,127.7,152,84,22,52,68,,
,Antonio Bastardo,PHI,NL,SP,23,3,6,85.3,87,54,18,48,62,,
,Armando Gabino,MIN,AL,RP,25,4,5,73.3,83,43,9,32,37,,
,B.J. LaMura,,,RP,28,3,5,75,84,49,12,39,51,,
,Ben Hendrickson,,,,28,7,11,136,154,81,16,68,59,,
,Ben Jukich,CIN,NL,SP,26,6,10,144.3,163,82,17,56,79,,
,Ben Julianel,MIN,AL,RP,29,2,2,53.3,56,29,6,28,38,,
,Ben Snyder,SFN,NL,SP,23,7,13,147,173,90,23,52,74,,
,Bill Sadler,SFN,NL,RP,27,1,2,51,47,28,7,39,48,,
,Billy Petrick,,,,25,2,3,40,45,25,7,14,23,,
,Blaine Neal,PHI,NL,RP,31,2,2,39.7,42,23,8,17,32,,
,Blake Hawksworth,SLN,NL,SP,26,6,9,125,145,75,16,48,72,,
,Blake Wood,KCA,AL,SP,23,4,8,97.3,110,59,15,39,54,,
,Bob Keppel,MIN,AL,SP,27,5,13,135.3,170,96,23,61,58,,
,Brad James,HOU,NL,SP,25,4,8,97,115,60,13,44,38,,
,Brad Kilby,OAK,AL,RP,26,3,5,68,72,38,10,31,43,,
,Brad Knox,,,SP,27,5,9,143,173,89,19,56,55,,
,Brad Lincoln,PIT,NL,SP,24,3,13,92,128,75,25,19,39,,
,Brad Salmon,,,,29,4,7,82.3,87,50,12,49,63,,
,Brandon Villafuerte,,,RP,33,3,3,47,48,21,4,19,37,,
,Bret Prinz,,,,32,1,2,29,33,20,5,17,19,,
,Brett Cecil,TOR,AL,SP,22,4,4,90,89,44,10,36,65,,
,Brett Sinkbeil,FLO,NL,SP,24,4,9,116,145,78,19,45,79,,
,Brian Bogusevic,HOU,NL,SP,25,3,7,81,92,56,16,47,56,,
,Brian Lawrence,,,,33,5,8,96,119,54,10,23,45,,
,Brian Mazone,LAN,NL,SP,32,6,10,116.3,134,71,22,33,61,,
,Brooks Brown,ARI,NL,SP,23,8,12,149,163,81,14,71,81,,
,Bud Norris,HOU,NL,SP,24,4,8,91,102,56,14,43,59,,
,Calvin Medlock,TBA,AL,RP,26,3,5,63.3,68,38,9,35,40,,
,Carlos Fisher,CIN,NL,RP,26,5,6,69,72,36,7,32,51,,
,Carmen Cali,,,,30,3,4,65,74,35,7,33,35,,
,Casey Daigle,,,,28,3,6,72.3,92,56,17,35,48,,
,Casey Fien,DET,AL,RP,25,2,4,55.3,63,33,10,16,35,,
,Cesar Carrillo,SDN,NL,SP,25,1,4,44,55,35,9,31,22,,
,Cesar Ramos,SDN,NL,SP,25,7,12,151,177,88,18,53,77,,
,Chorye Spoone,BAL,AL,SP,23,4,8,84,94,52,11,51,44,,
,Chris Capuano,,,,30,8,8,137,147,69,17,39,115,,
,Chris George,,,RP,29,4,7,97,108,56,11,45,61,,
,Chris Gissell,,,SP,31,5,6,93,105,51,14,24,57,,
,Chris Leroux,,,,25,3,7,71,82,47,14,33,49,,
,Chris Narveson,,,,27,4,8,91,106,61,18,41,60,,
,Chris Seddon,,,,25,6,11,141,160,88,23,63,99,,
,Christian Garcia,NYA,AL,SP,23,3,3,50,54,28,6,24,34,,
,Christopher Mason,TBA,AL,SP,24,5,10,123.3,142,78,22,50,69,,
,Chuck Lofgren,CLE,AL,SP,23,4,10,114,135,81,19,74,66,,
,Clayton Mortensen,SLN,NL,SP,24,4,8,101,117,63,15,49,52,,
,Clayton Tanner,SFN,NL,SP,21,8,12,130,147,67,10,46,51,,
,Clevelan Santeliz,CHA,AL,RP,22,1,8,62,80,63,22,54,34,,
,Cliff Politte,,,,35,0,2,16,20,13,4,7,10,,
,Curt Schilling,,,,42,7,6,112,123,51,16,16,86,,
,Dale Thayer,TBA,AL,RP,28,4,3,67.7,68,32,6,30,47,,
,Dallas Trahern,FLO,NL,SP,23,7,11,141,166,86,21,60,74,,
,Damian Moss,,,SP,32,3,7,72,83,50,12,49,47,,
,Dan Cortes,KCA,AL,SP,22,5,10,107.7,123,71,19,57,63,,
,Daniel Bard,BOS,AL,RP,24,3,3,71.7,66,34,9,35,62,,
,Daniel Haigwood,PIT,NL,RP,25,2,5,78.7,91,57,14,55,56,,
,Daniel McCutchen,PIT,NL,SP,26,6,11,114.7,133,72,24,29,69,,
,Daniel Moskos,PIT,NL,SP,23,4,10,100,130,74,17,47,46,,
,David Davidson,,,,25,2,3,62,64,33,6,37,41,,
,David Hernandez,BAL,AL,SP,24,5,10,125,142,80,21,63,82,,
,David Huff,CLE,AL,SP,24,5,6,93,103,50,14,24,62,,
,David Shafer,CIN,NL,RP,27,1,2,53,61,38,10,36,30,,
,Derek Rodriguez,TBA,AL,RP,26,5,8,117.7,124,66,17,52,67,,
,Donald Veal,PIT,NL,SP,24,5,10,124,137,82,22,69,85,,
,Drew Naylor,PHI,NL,SP,23,6,10,121.7,138,80,26,49,66,,
,Duane Below,DET,AL,SP,23,5,11,128.3,150,88,21,74,70,,
,Dwayne Pollok,LAN,NL,RP,28,4,7,98,122,60,15,23,40,,
,Edward Campusano,CHN,NL,RP,26,2,4,54,58,34,10,28,40,,
,Ehren Wasserman,CHA,AL,RP,28,4,4,59.3,62,30,3,30,35,,
,Emiliano Fruto,,,,25,4,8,91,95,61,15,66,72,,
,Erasmo Ramirez,,,,33,4,4,57,66,30,8,11,30,,
,Eric Hacker,NYA,AL,SP,26,8,8,131,151,70,14,43,58,,
,Eric Hull,,,,29,3,3,62.3,61,29,5,31,50,,
,Eric Milton,,,,33,2,4,57,65,34,11,16,35,,
,Ernesto Frieri,SDN,NL,RP,23,3,8,115,131,76,25,44,76,,
,Esmerling Vasquez,ARI,NL,SP,25,4,8,111,120,68,14,66,65,,
,Esmil Rogers,COL,NL,SP,23,5,9,124.7,150,82,20,52,58,,
,Eugene Espineli,SFN,NL,RP,26,4,7,101,118,54,10,29,47,,
,Evan MacLane,ARI,NL,SP,26,4,11,131,171,92,22,37,51,,
,Felix Doubront,BOS,AL,SP,21,7,12,101,121,64,17,33,47,,
,Francisco Bueno,ATL,NL,SP,28,3,6,95,116,62,17,33,56,,
,Gaby Hernandez,SEA,AL,SP,23,5,11,125,153,83,22,50,65,,
,George Kontos,NYA,AL,SP,24,4,10,117.3,143,89,31,52,80,,
,Giancarlo Alvarado,,,SP,31,5,6,115,122,66,16,59,86,,
,Greg Atencio,,,RP,27,3,6,86.7,97,52,12,44,52,,
,Greg Miller,LAN,NL,RP,24,2,3,65,65,42,5,71,50,,
,Gregory Reinhard,CHN,NL,RP,25,4,8,109,120,70,17,56,69,,
,Guillermo Moscoso,TEX,AL,SP,25,3,5,70.3,78,43,15,20,53,,
,Gustavo Chacin,,,,28,2,7,57,75,48,18,21,25,,
,Harvey Garcia,,,,25,2,5,58,64,40,11,37,51,,
,Heath Phillips,,,,27,5,10,121,145,77,18,50,54,,
,Heath Rollins,TOR,AL,SP,24,7,12,145,163,88,29,42,77,,
,Heath Totten,LAN,NL,SP,30,5,8,98,126,59,13,23,40,,
,Hector Ambriz,ARI,NL,SP,25,6,12,150,171,95,25,60,75,,
,Hector Carrasco,,,,39,3,5,57,59,32,9,22,42,,
,Hector Rondon,CLE,AL,SP,21,7,11,136,159,83,22,49,69,,
,Henry Barrera,KCA,AL,RP,23,1,2,51,56,29,6,23,32,,
,Henry Bonilla,LAN,NL,RP,30,4,7,97,112,59,14,40,50,,
,Henry Rodriguez,OAK,AL,SP,24,5,10,109,116,65,9,83,61,,
,Henry Sosa,SFN,NL,SP,23,3,8,83,96,54,13,39,46,,
,Ivan Nova,SDN,NL,SP,22,7,12,134,158,78,18,51,59,,
,J.B. Cox,NYA,AL,RP,25,3,4,50,57,29,6,23,25,,
,J.R. Mathes,CHN,NL,SP,27,7,9,148,175,84,19,35,61,,
,Jackson Quezada,SDN,NL,RP,22,3,3,46,46,19,3,17,30,,
,Jacob McGee,TBA,AL,SP,22,5,7,92,94,53,14,49,62,,
,Jairo Cuevas,ATL,NL,SP,25,3,9,81,94,58,14,57,45,,
,James Avery,CIN,NL,SP,25,4,13,130.3,169,103,32,55,63,,
,James Hoey,,,,26,3,3,55,55,29,5,31,45,,
,James Houser,TBA,AL,SP,24,2,5,87.3,94,57,18,45,52,,
,James Simmons,OAK,AL,SP,22,6,10,139,166,84,21,44,70,,
,Jared Lansford,OAK,AL,RP,22,3,5,53,59,30,6,24,28,,
,Jason Childers,,,,34,3,3,53.7,54,27,7,22,36,,
,Jason Jones,MIN,AL,SP,26,6,14,137,170,94,25,48,57,,
,Jason Stanford,,,,32,3,6,80,90,50,13,38,46,,
,Jay Marshall,,,,26,3,4,61,71,34,6,23,24,,
,Jean Machi,PIT,NL,RP,27,3,4,77,84,45,10,39,43,,
,Jeff Harris,,,,34,2,6,76,100,59,20,23,34,,
,Jeff Kennard,CIN,NL,RP,27,2,7,66.7,81,48,12,35,39,,
,Jeff Manship,MIN,AL,SP,24,9,11,142.3,164,80,18,45,72,,
,Jeff Stevens,CHN,NL,RP,25,4,6,67,62,37,12,31,68,,
,Jeff Sues,,,,26,2,4,56.3,57,34,12,27,47,,
,Jeffrey Marquez,CHA,AL,SP,24,5,12,106.7,135,76,22,41,43,,
,Jeremy Cummings,TBA,AL,SP,32,5,8,102,115,65,21,38,63,,
,Jeremy Jeffress,MIL,NL,SP,21,4,10,88,98,61,17,55,59,,
,Jeremy Papelbon,CHN,NL,RP,26,3,4,77,80,39,9,30,41,,
,Jesse Estrada,CHN,NL,RP,25,4,6,104,121,65,18,37,52,,
,Jesse Todd,SLN,NL,SP,23,5,6,110,117,58,15,38,58,,
,Jhonny Nunez,CHA,AL,SP,23,3,8,97.3,124,80,29,46,58,,
,Joe Bateman,MIL,NL,RP,29,3,3,69,73,37,9,29,47,,
,Joe Bisenius,PHI,NL,RP,26,2,6,52.3,62,39,10,36,34,,
,Joe Savery,PHI,NL,SP,23,5,9,95,110,62,15,46,48,,
,John Bannister,TEX,AL,SP,25,4,9,104,130,78,19,63,58,,
,John Halama,,,,37,3,6,66,85,44,12,17,23,,
,John Wasdin,,,,36,3,6,78,90,46,14,21,51,,
,Jon Coutlangus,,,,28,2,3,37,37,20,3,24,28,,
,Jon Kibler,DET,AL,SP,22,8,11,131,154,76,16,43,45,,
,Jon Link,CHA,AL,RP,25,3,5,55,64,37,10,28,36,,
,Jonah Bayliss,,,,28,3,6,69,79,47,14,33,48,,
,Jonathon Rouwenhorst,,,RP,29,6,10,110,130,67,14,44,60,,
,Jordan de Jong,,,,30,3,5,68,72,40,10,36,49,,
,Jordan Smith,CIN,NL,SP,23,6,11,119.3,144,74,19,34,56,,
,Jordan Walden,LAA,AL,SP,21,5,6,115,122,66,16,59,86,,
,Jose Garcia,,,,24,1,5,52,66,43,13,31,20,,
,Jose Santiago,,,RP,34,2,6,80,100,55,15,28,33,,
,Joseph Torres,TEX,AL,RP,26,1,3,41,40,28,4,46,32,,
,Josh Muecke,HOU,NL,SP,27,4,11,125,148,84,22,53,64,,
,Josh Towers,,,,32,6,10,129.7,155,73,20,28,71,,
,Joshua Miller,,,SP,30,5,10,132,162,84,23,29,60,,
,Juan Mateo,,,,26,3,6,69,78,42,14,22,44,,
,Julio DePaula,,,,26,3,7,81.7,91,54,15,45,45,,
,Julio Mateo,,,,31,3,5,61,70,32,7,13,31,,
,Julio Pimentel,,,,23,5,13,147.3,183,99,25,54,57,,
,Justin Berg,CHN,NL,SP,25,5,8,127,141,73,11,68,53,,
,Justin Cassel,CHA,AL,SP,24,5,6,110,126,52,13,45,47,,
,Justin Dowdy,OAK,AL,RP,25,1,4,74,89,53,14,43,42,,
,Justin Jones,WAS,NL,SP,24,6,9,96.3,111,53,9,42,47,,
,Justin Lehr,,,,31,4,5,86,99,51,14,27,45,,
,Justin Mallett,CIN,NL,RP,27,3,6,85.7,100,58,16,42,53,,
,Kasey Olenberger,,,SP,31,4,7,121,143,80,22,51,60,,
,Kelvin Pichardo,SFN,NL,RP,23,3,5,63,66,37,8,38,42,,
,Kevin Gryboski,,,,35,2,5,46,56,32,7,23,21,,
,Kevin Mulvey,MIN,AL,SP,24,8,10,142.3,160,81,19,53,76,,
,Kris Johnson,BOS,AL,SP,24,7,10,130.3,150,77,18,61,61,,
,Kris Medlen,ATL,NL,RP,23,5,6,91,101,48,12,25,58,,
,Kyle Bloom,DET,AL,SP,26,5,11,115.7,136,85,23,72,62,,
,Kyle Middleton,,,RP,29,2,5,77,92,49,13,30,40,,
,Lindsay Gulin,MIL,NL,SP,32,5,9,113,126,72,19,56,67,,
,Lucas Harrell,CHA,AL,SP,24,3,6,73.3,85,49,10,44,35,,
,Luis Atilano,WAS,NL,SP,24,3,7,101,123,68,19,34,34,,
,Luis Marte,,,SP,22,3,6,66.7,77,43,12,30,33,,
,Luis Pena,SEA,AL,RP,26,3,4,59,61,33,5,40,38,,
,Marcus McBeth,,,,28,2,3,46,49,30,10,23,36,,
,Mariano Salas,PIT,NL,RP,28,2,4,57.7,64,38,11,32,39,,
,Mario Alvarez,LAN,NL,SP,25,3,8,79,95,55,11,44,37,,
,Mark Melancon,NYA,AL,RP,24,3,3,57.3,65,32,9,18,39,,
,Marwin Vega,SEA,AL,RP,22,3,7,96,111,60,12,53,42,,
,Matt Clement,,,,34,4,5,77.3,81,45,12,36,57,,
,Matt Scherer,,,,26,3,5,70,79,42,12,25,44,,
,Matt Torra,ARI,NL,SP,25,7,13,151,179,89,19,42,70,,
,Matt Wright,KCA,AL,SP,27,4,11,135.3,164,94,25,62,66,,
,Matthew Maloney,CIN,NL,SP,25,7,13,146.7,163,94,28,63,107,,
,Michael Dunn,NYA,AL,SP,24,4,10,120.3,149,93,29,65,66,,
,Michael Nix,ATL,NL,RP,26,4,6,68,72,39,7,41,47,,
,Miguel Pinango,LAN,NL,SP,26,5,10,129,159,86,24,45,66,,
,Mike Burns,,,,30,5,8,102,118,58,16,26,58,,
,Mike Gosling,,,,28,4,4,65.7,69,34,7,31,51,,
,Mike Koplove,,,,32,2,2,54.7,56,27,6,22,37,,
,Mike MacDonald,TOR,AL,SP,27,5,9,131,160,79,19,39,62,,
,Mitchell Atkins,CHN,NL,SP,23,7,14,148,164,94,29,55,84,,
,Nic Ungs,,,SP,29,4,7,94,107,55,14,34,50,,
,Nicholas Hill,SEA,AL,RP,24,3,5,76,88,48,12,33,38,,
,Nick Green,,,SP,24,7,10,166,194,97,24,47,83,,
,Nick Pereira,SFN,NL,SP,26,5,10,118,137,74,16,60,66,,
,Nick Regilio,,,RP,30,2,4,45,48,26,6,23,34,,
,Noah Lowry,,,,28,6,9,116,127,61,12,53,60,,
,Omar Poveda,TEX,AL,SP,21,4,8,98.7,115,74,25,51,59,,
,Oneli Perez,SDN,NL,RP,26,2,4,71,72,40,13,33,66,,
,Paul Estrada,HOU,NL,RP,26,2,5,49,51,31,9,30,46,,
,Pedro Viola,CIN,NL,RP,26,3,6,77.7,84,46,12,35,54,,
,Polin Trinidad,HOU,NL,SP,24,6,11,153,178,94,28,39,79,,
,Randy Choate,,,,33,2,2,50.7,53,23,4,19,33,,
,Randy Williams,CHA,AL,RP,33,1,2,43.7,53,33,10,23,32,,
,Reid Santos,TOR,AL,RP,26,3,5,87,93,49,15,33,58,,
,Richard Lentz,BOS,AL,RP,24,3,4,62.7,62,39,9,52,52,,
,Richard Thompson,LAA,AL,RP,24,2,2,44,45,24,6,18,35,,
,Richie Gardner,MIL,NL,SP,27,3,7,90,109,61,14,43,46,,
,Robert Delaney,MIN,AL,RP,24,3,2,63,64,28,7,15,45,,
,Robert Manuel,CIN,NL,RP,25,4,4,83,88,39,9,20,57,,
,Robert Mosebach,PHI,NL,SP,24,8,13,161.7,195,100,20,67,61,,
,Robert Rohrbaugh,SEA,AL,SP,25,6,9,119,140,68,15,35,67,,
,Rocky Roquet,CHN,NL,RP,26,2,2,54,53,27,6,27,41,,
,Roman Colon,,,,29,2,5,67,82,43,11,23,32,,
,Ron Flores,,,,29,3,6,56.7,62,34,8,31,41,,
,Ron Uviedo,PIT,NL,RP,22,1,2,58,71,44,17,18,33,,
,Ruddy Lugo,,,,29,5,7,93,97,52,11,47,58,,
,Rudy Darrow,ATL,NL,RP,25,4,4,49.7,53,24,3,24,25,,
,Ryan Houston,MIL,NL,RP,29,2,3,59,63,36,8,36,46,,
,Ryan Mattheus,COL,NL,RP,25,3,4,61.7,71,38,9,30,34,,
,Ryan Sadowski,SFN,NL,RP,26,5,6,86,93,45,8,37,51,,
,Ryan Wing,,,RP,27,3,4,77,84,45,11,39,39,,
,Sam Lecure,CIN,NL,SP,25,5,11,132.3,158,90,25,57,80,,
,Sam Narron,MIL,NL,SP,27,5,9,123,147,74,16,36,48,,
,Samuel Deduno,COL,NL,SP,25,3,6,88.7,101,60,11,66,57,,
,Samuel Gervacio,HOU,NL,RP,24,4,5,75,81,42,11,33,63,,
,Scott Nestor,PHI,NL,RP,24,1,3,60,63,41,11,46,55,,
,Scott Williamson,,,,33,1,3,27.7,30,18,5,14,24,,
,Sean Stidfole,TOR,AL,RP,25,2,3,74,79,45,11,46,43,,
,Sergio Escalona,PHI,NL,RP,24,3,5,64,73,41,10,34,41,,
,Sergio Mitre,,,,28,6,7,114,131,60,11,36,60,,
,Shane Komine,,,,28,3,7,82,95,51,13,30,42,,
,Shane Lindsay,COL,NL,SP,24,3,5,67,69,43,6,62,49,,
,Stephen Andrade,,,RP,31,3,4,58.3,58,34,7,40,43,,
,Stephen Marek,ATL,NL,RP,25,4,5,63,67,36,9,32,42,,
,Steve Garrison,SDN,NL,SP,22,6,10,137,154,77,20,44,79,,
,Steve Hammond,SFN,NL,SP,27,6,12,136,161,85,20,46,67,,
,Steven Jackson,NYA,AL,RP,27,5,7,94.7,108,56,13,44,63,,
,Terrell Young,WAS,NL,RP,23,2,4,49,52,27,5,31,25,,
,Tim Alderson,SFN,NL,SP,20,8,10,145,149,70,17,46,104,,
,Tim Hamulack,,,,32,1,1,30,29,15,4,13,25,,
,Timothy Wood,FLO,NL,RP,26,3,4,44,49,26,6,20,24,,
,Tommy Hanson,,,,22,6,10,131,136,79,23,60,90,,
,Travis Chick,,,,25,4,9,116.7,133,79,21,66,72,,
,Troy Cate,,,,28,2,5,74,84,46,12,32,48,,
,Tyler Herron,SLN,NL,SP,22,6,9,131,152,78,20,44,60,,
,Tyler Johnson,,,,28,1,2,37,37,20,5,19,30,,
,Victor Santos,,,,32,2,7,88,111,62,17,40,53,,
,Vince Mazzaro,OAK,AL,SP,22,9,13,167,185,89,17,66,73,,
,Virgil Vasquez,,,,27,6,13,141,166,91,32,45,91,,
,Wes Roemer,ARI,NL,SP,22,5,14,160,201,118,36,57,72,,
,Wilfredo Perez,BAL,AL,RP,24,2,3,66,70,39,10,36,44,,
,Will Inman,SDN,NL,SP,22,6,12,145,152,85,23,73,110,,
,Willie Collazo,,,,29,5,8,122,142,70,19,34,52,,
,Zach Schreiber,ATL,NL,RP,27,2,4,54,57,35,9,36,42,,
,Zachary Simons,DET,AL,RP,24,3,6,60.7,65,39,9,43,39,,
