playerName,Team,Lg,Pos,AB,R,H,2B,3B,HR,RBI,SB,CS,BB,SO
 Anderson,KCA,AL,OF,139,20,34,7,1,5,18,2,2,12,35
 Arias,TEX,AL,SS,70,8,19,3,1,1,7,2,1,4,9
 Cruz,MIL,NL,SS,142,15,36,8,0,3,15,1,1,9,20
 Gimenez,CLE,AL,C,58,7,14,3,0,2,5,0,0,7,14
 Johnson,TBA,AL,DH,153,20,38,7,0,6,21,0,0,21,30
 McCoy,TOR,AL,SS,81,11,20,4,0,1,8,3,1,11,17
 Padilla,TOR,AL,OF,32,4,9,2,0,1,3,1,0,3,6
 Parmelee,MIN,AL,OF,57,8,14,3,0,3,9,0,0,8,18
A.J. Ellis,LAN,NL,C,89,10,22,4,0,1,11,0,0,11,17
A.J. Pierzynski,CHA,AL,C,402,45,110,18,1,12,42,1,1,26,55
Aaron Cunningham,SDN,NL,OF,294,42,72,14,2,7,33,6,3,29,79
Aaron Hill,TOR,AL,2B,564,85,159,32,1,26,83,6,3,49,95
Aaron Miles,OAK,AL,2B,215,26,58,9,1,2,14,1,1,13,26
Aaron Rowand,SFN,NL,OF,570,73,155,30,1,19,77,4,4,47,127
Adam Dunn,WAS,NL,1B,498,78,121,23,1,33,94,3,2,99,148
Adam Everett,DET,AL,SS,401,46,100,20,2,7,52,4,2,28,63
Adam Jones,BAL,AL,OF,543,95,157,27,6,24,88,13,5,42,123
Adam LaRoche,ARI,NL,1B,462,62,128,27,2,20,75,2,2,53,110
Adam Lind,TOR,AL,LF,550,76,151,31,3,25,99,2,2,47,109
Adam Rosales,CIN,NL,3B,156,22,40,9,1,4,18,1,1,14,35
Adrian Beltre,BOS,AL,3B,498,65,137,29,1,19,73,10,2,36,86
Adrian Gonzalez,SDN,NL,1B,559,87,153,29,1,29,97,1,1,89,127
Akinori Iwamura,PIT,NL,2B,470,68,131,24,5,6,36,8,5,51,106
Albert Pujols,SLN,NL,1B,544,99,173,34,1,33,111,6,4,101,66
Alberto Callaspo,KCA,AL,2B,506,68,151,32,4,8,55,4,3,50,50
Alcides Escobar,MIL,NL,SS,571,82,160,26,5,6,56,25,9,34,102
Alejandro DeAza,FLO,AL,OF,191,25,46,11,2,4,18,2,2,17,48
Alex Avila,DET,AL,C,169,19,42,9,0,5,22,1,1,22,43
Alex Cora,NYN,NL,SS,224,24,58,11,2,2,16,2,2,17,25
Alex Gonzalez,TOR,AL,SS,312,35,74,15,0,8,36,1,1,24,61
Alex Gordon,KCA,AL,3B,515,70,136,32,4,17,61,11,5,63,121
Alex Rios,CHA,AL,OF,474,68,128,29,3,16,58,15,5,45,91
Alex Rodriguez,NYA,AL,3B,517,96,149,22,1,38,108,11,6,71,104
Alex Romero,HOU,NL,OF,121,14,33,7,1,1,13,2,1,9,17
Alexei Ramirez,CHA,AL,SS,574,86,158,26,3,26,92,13,5,53,88
Alexi Casilla,MIN,AL,2B,252,36,66,10,2,3,24,9,3,24,40
Alfonso Soriano,CHN,NL,LF,428,59,113,23,1,17,51,9,5,39,102
Allen Craig,SLN,NL,OF,360,49,94,18,1,14,46,2,1,30,82
Anderson Hernandez,NYN,NL,2B,130,15,32,6,1,1,11,2,1,11,26
Andre Ethier,LAN,NL,OF,581,89,170,40,3,26,102,4,3,65,98
Andres Blanco,CHN,NL,SS,164,17,44,8,1,3,19,1,1,12,22
Andres Torres,SFN,NL,OF,124,17,30,6,3,2,12,3,1,11,38
Andrew Lambo,LAN,NL,OF,86,11,22,5,0,3,12,0,0,7,21
Andrew McCutchen,PIT,NL,OF,578,91,155,30,6,15,66,23,10,66,106
Andruw Jones,CHA,AL,OF,474,62,104,21,2,19,67,3,2,63,130
Andy LaRoche,PIT,NL,3B,492,69,122,24,2,15,61,4,2,67,83
Andy Marte,CLE,AL,3B,331,42,86,17,1,13,50,1,1,25,69
Angel Gonzalez,WAS,NL,SS,61,6,16,3,1,1,6,1,0,4,9
Angel Pagan,NYN,NL,OF,222,33,62,13,6,4,24,8,3,20,42
Angel Salome,MIL,NL,C,121,14,33,7,0,3,20,0,0,9,23
Aramis Ramirez,CHN,NL,3B,439,66,129,27,2,18,80,1,1,49,69
Asdrubal Cabrera,CLE,AL,SS,582,98,168,36,4,13,78,17,7,60,101
Aubrey Huff,SFN,NL,,470,55,129,27,3,15,71,2,2,45,79
Augie Ojeda,ARI,NL,2B,168,19,42,8,1,1,13,1,0,16,18
Austin Jackson,DET,AL,OF,477,66,129,28,7,9,54,13,5,43,118
B.J. Upton,TBA,AL,OF,524,85,141,28,2,19,73,37,15,77,141
Barbaro Canizares,ATL,NL,1B,61,6,16,3,0,1,8,0,0,5,10
Ben Francisco,PHI,NL,LF,336,48,90,21,1,12,43,8,4,35,73
Ben Revere,MIN,AL,OF,70,9,21,4,1,0,7,3,1,6,7
Ben Zobrist,TBA,AL,2B,512,86,139,26,4,26,79,12,4,79,108
Bengie Molina,SFN,NL,C,611,55,171,30,2,20,102,0,2,28,75
Bill Hall,BOS,AL,3B,132,16,32,7,0,5,19,2,2,12,38
Billy Butler,KCA,AL,1B,539,71,160,31,2,23,85,1,1,59,81
Blake Dewitt,LAN,NL,3B,234,28,61,12,2,5,25,1,1,19,37
Bobby Abreu,LAA,AL,OF,473,73,128,24,3,13,73,14,10,69,98
Bobby Crosby,PIT,NL,3B,287,36,70,15,1,7,34,5,2,30,55
Brad Hawpe,COL,NL,OF,502,74,135,30,2,22,89,1,2,79,135
Brandon Allen,ARI,NL,1B,210,29,54,13,2,9,28,2,1,19,56
Brandon Boggs,TEX,AL,OF,60,7,14,3,0,2,6,1,0,8,18
Brandon Inge,DET,AL,3B,493,58,114,21,1,17,68,4,3,50,141
Brandon Moss,PIT,NL,OF,67,8,17,4,1,2,9,0,1,7,17
Brandon Phillips,CIN,NL,2B,612,94,172,28,4,27,100,25,10,49,100
Brandon Snyder,BAL,AL,1B,58,8,16,3,0,2,9,0,0,5,14
Brandon Wood,LAA,AL,3B,536,72,127,25,2,26,81,6,2,48,147
Brayan Pena,KCA,AL,C,342,36,97,20,1,8,45,3,4,26,41
Brendan Harris,MIN,AL,SS,329,44,91,19,2,7,37,2,1,31,66
Brendan Ryan,SLN,NL,SS,408,63,110,19,3,5,31,13,4,33,68
Brent Lillibridge,CHA,AL,SS,65,8,15,3,1,2,7,2,1,6,15
Brett Carroll,FLO,NL,OF,311,38,75,16,3,12,44,1,1,28,79
Brett Gardner,NYA,AL,OF,458,82,122,22,8,5,43,36,10,62,94
Brett Hayes,FLO,NL,C,30,3,7,1,0,1,3,0,0,2,7
Brett Wallace,TOR,AL,3B,240,35,64,12,1,9,29,1,1,22,60
Brian Bogusevic,HOU,NL,OF,31,3,8,2,0,0,3,1,0,3,8
Brian McCann,ATL,NL,C,491,62,141,30,1,25,98,3,2,55,76
Brian Roberts,BAL,AL,2B,605,97,171,38,4,14,62,37,9,79,120
Brian Schneider,PHI,NL,C,195,16,50,9,0,5,27,0,0,26,32
Brooks Conrad,ATL,NL,2B,29,3,6,1,0,1,3,0,0,3,9
Bryan Anderson,SLN,NL,C,30,3,8,1,0,0,3,0,0,3,7
Buster Posey,SFN,NL,C,205,29,56,11,1,6,29,1,1,22,37
Caleb Gindl,MIL,NL,OF,56,7,14,3,0,1,7,1,0,6,15
Cameron Maybin,FLO,NL,OF,523,83,135,28,6,14,54,17,5,69,156
Carl Crawford,TBA,AL,LF,593,99,179,33,11,15,78,48,14,47,99
Carlos Beltran,NYN,NL,OF,485,80,133,26,2,22,86,16,3,72,94
Carlos Gomez,MIL,NL,OF,492,76,123,24,6,8,52,31,12,40,118
Carlos Gonzalez,COL,NL,OF,513,69,137,32,6,16,74,11,5,44,120
Carlos Guillen,DET,AL,LF,551,71,150,28,4,14,77,6,4,69,91
Carlos Lee,HOU,NL,LF,517,65,154,26,1,24,97,5,3,47,61
Carlos Pena,TBA,AL,1B,468,77,113,24,1,34,97,1,2,87,155
Carlos Quentin,CHA,AL,LF,465,85,127,24,1,28,92,4,3,58,80
Carlos Ruiz,PHI,NL,C,361,42,93,22,1,8,50,2,2,47,50
Carlos Santana,CLE,AL,C,53,9,13,3,0,2,9,0,0,8,12
Casey Blake,LAN,NL,3B,614,78,156,32,3,19,78,3,4,62,146
Casey Kotchman,SEA,AL,1B,519,67,145,30,2,15,79,2,2,56,60
Casey McGehee,MIL,NL,3B,439,59,116,24,1,13,73,1,2,39,93
Casper Wells,DET,AL,OF,59,8,14,3,1,2,7,1,1,5,17
Cedric Hunter,SDN,NL,OF,61,7,15,3,0,1,7,1,0,5,8
Cesar Izturis,BAL,AL,SS,430,53,121,19,4,2,33,15,6,29,41
Chad Tracy,CHN,NL,1B,97,10,25,5,0,3,14,0,0,9,16
Chase Headley,SDN,NL,LF,515,64,135,31,3,16,66,5,2,64,143
Chase Utley,PHI,NL,2B,559,103,161,36,3,25,93,15,1,70,106
Chin-Lung Hu,LAN,NL,SS,71,9,19,4,1,1,7,1,1,5,11
Chipper Jones,ATL,NL,3B,426,61,124,25,1,14,57,2,1,69,68
Chone Figgins,SEA,AL,3B,563,99,161,28,4,5,49,40,17,83,113
Chris Coghlan,FLO,NL,LF,541,81,154,34,4,12,74,14,4,62,88
Chris Coste,NYN,NL,C,59,4,14,2,0,1,6,0,0,4,11
Chris Davis,TEX,AL,1B,483,75,131,29,2,31,90,3,2,36,145
Chris Dickerson,CIN,NL,LF,533,72,132,27,8,14,56,20,7,72,177
Chris Duncan,WAS,NL,OF,147,17,36,7,0,5,22,0,0,21,40
Chris Getz,KCA,AL,2B,250,36,73,14,2,4,27,10,2,27,34
Chris Heisey,CIN,NL,OF,92,12,24,5,1,3,10,2,1,8,19
Chris Iannetta,COL,NL,C,369,51,91,20,3,16,69,0,1,56,96
Chris Snyder,ARI,NL,C,231,27,55,12,0,9,38,0,1,34,61
Chris Young,ARI,NL,OF,481,71,116,28,4,20,60,15,6,55,126
Christopher Johnson,HOU,NL,3B,89,9,22,4,0,3,11,0,0,6,22
Christopher Nelson,COL,NL,SS,33,4,8,2,0,1,4,1,0,3,7
Christopher Pettit,LAA,AL,OF,66,9,18,4,0,2,8,2,1,6,13
Clete Thomas,DET,AL,OF,391,52,93,21,3,7,42,13,6,44,110
Cliff Pennington,OAK,AL,SS,492,68,125,24,3,6,44,17,5,61,94
Clint Barmes,COL,NL,2B,471,59,124,26,4,14,56,9,5,30,87
Clint Sammons,ATL,NL,C,32,3,7,1,0,1,3,0,0,3,8
Coco Crisp,OAK,AL,OF,364,57,96,18,5,7,40,16,6,43,62
Cody Ross,FLO,NL,OF,483,69,132,29,2,24,84,5,2,45,113
Colby Rasmus,SLN,NL,OF,563,84,141,30,3,19,60,12,4,63,131
Conor Jackson,ARI,NL,LF,464,64,129,29,4,12,67,5,3,54,65
Corey Hart,MIL,NL,OF,500,75,136,32,5,19,75,18,7,42,102
Craig Stansberry,SDN,NL,3B,102,11,24,5,1,2,9,1,1,11,23
Craig Tatum,BAL,AL,C,152,14,35,7,1,4,20,1,1,10,42
Cristian Guzman,WAS,NL,SS,521,75,150,28,6,8,49,6,4,29,74
Curtis Granderson,NYA,AL,OF,525,96,142,25,10,26,62,15,3,66,118
Damon Sublett,NYA,AL,OF,33,4,8,2,0,1,3,0,0,4,9
Dan Uggla,FLO,NL,2B,545,93,137,31,1,29,87,3,3,83,151
Daniel Murphy,NYN,NL,1B,471,61,127,30,3,15,69,6,3,44,73
Danny Valencia,MIN,AL,3B,235,30,61,12,1,7,29,1,1,19,57
Daric Barton,OAK,AL,1B,557,83,145,31,4,16,72,3,3,79,103
David DeJesus,KCA,AL,LF,510,79,150,27,8,9,65,9,8,59,71
David Eckstein,SDN,NL,2B,574,62,152,27,2,6,47,4,2,45,56
David Freese,SLN,NL,3B,416,52,106,22,2,11,54,2,1,38,107
David Murphy,TEX,AL,OF,375,51,101,21,2,12,54,6,3,37,78
David Ortiz,BOS,AL,1B,456,69,120,27,1,24,82,1,1,73,90
David Ross,ATL,NL,C,91,10,20,4,0,3,11,0,0,12,27
David Wright,NYN,NL,3B,561,102,170,35,2,26,105,21,7,88,126
Delmon Young,MIN,AL,OF,396,50,115,19,1,11,59,7,4,25,78
Delwyn Young,PIT,NL,2B,119,17,31,7,1,3,15,1,0,11,29
Denard Span,MIN,AL,OF,572,97,168,27,9,11,72,26,12,69,99
Derek Jeter,NYA,AL,SS,615,85,183,29,3,15,65,12,7,63,100
Derrek Lee,CHN,NL,1B,479,69,135,27,1,18,70,4,3,63,100
Dexter Fowler,COL,NL,OF,528,86,146,33,10,8,55,22,10,77,130
Dioner Navarro,TBA,AL,C,280,35,74,13,1,8,37,2,2,25,43
Diory Hernandez,ATL,NL,SS,35,3,9,2,0,1,4,0,0,2,6
Donald Kelly,DET,AL,OF,28,3,7,1,0,0,3,0,0,2,4
Drew Macias,ARI,NL,OF,28,3,7,1,0,0,3,0,0,3,6
Drew Stubbs,CIN,NL,OF,377,52,90,19,2,8,33,16,6,45,113
Drew Sutton,CIN,NL,SS,266,37,66,15,2,6,25,4,2,29,65
Dustin Ackley,SEA,AL,OF,64,9,19,4,1,1,8,1,1,6,11
Dustin Pedroia,BOS,AL,2B,599,114,187,44,2,18,71,18,4,61,49
Dusty Ryan,SDN,NL,C,170,19,36,7,1,6,22,1,1,20,64
Edgar Renteria,SFN,NL,SS,628,88,179,33,2,13,67,9,5,55,97
Edwin Encarnacion,TOR,AL,3B,458,69,120,23,1,25,76,4,1,50,93
Eli Whiteside,SFN,NL,C,92,8,20,4,1,2,12,1,1,6,25
Elijah Dukes,WAS,NL,OF,457,63,112,23,4,17,71,12,9,72,107
Elvis Andrus,TEX,AL,SS,538,79,143,25,5,7,56,36,9,50,108
Emilio Bonifacio,FLO,NL,3B,468,71,122,22,5,3,34,18,8,40,102
Eric Bruntlett,WAS,NL,SS,63,7,15,3,0,0,6,1,1,6,12
Eric Chavez,OAK,AL,3B,33,3,8,2,0,1,3,0,0,3,6
Eric Hinske,ATL,NL,OF,322,41,74,17,1,13,41,4,3,45,88
Eric Young,COL,NL,2B,255,41,69,14,4,4,20,16,6,25,52
Erick Aybar,LAA,AL,SS,597,91,173,30,6,10,72,16,10,42,82
Esteban German,TEX,AL,3B,66,8,18,4,0,1,8,2,1,8,10
Eugenio Velez,SFN,NL,OF,191,24,50,10,4,3,18,9,4,14,38
Evan Longoria,TBA,AL,3B,565,98,155,31,1,36,109,8,0,77,140
Everth Cabrera,SDN,NL,SS,572,75,141,29,6,6,44,33,12,69,135
Felix Pie,BAL,AL,OF,264,42,71,14,3,9,37,7,3,23,56
Fernando Martinez,NYN,NL,OF,154,18,39,8,1,4,16,2,1,12,36
Fernando Perez,TBA,AL,OF,163,20,41,7,2,2,9,5,2,16,40
Fernando Tatis,NYN,NL,1B,240,27,62,13,2,7,32,2,2,21,52
Francisco Cervelli,NYA,AL,C,200,22,51,11,1,3,20,1,2,18,45
Franklin Gutierrez,SEA,AL,OF,549,89,150,28,2,21,71,14,6,50,122
Fred Lewis,SFN,NL,OF,177,28,46,9,3,4,16,5,2,20,46
Freddy Sanchez,SFN,NL,2B,506,65,141,29,2,9,56,2,1,31,81
Gabe Kapler,TBA,AL,OF,333,40,87,18,3,11,50,5,3,32,63
Gaby Sanchez,FLO,NL,1B,245,32,66,15,1,8,34,3,1,28,46
Garrett Atkins,BAL,AL,3B,347,47,97,17,1,14,62,1,1,35,57
Garrett Jones,PIT,NL,OF,495,63,129,27,2,20,74,8,4,45,112
Gary Matthews,NYN,NL,OF,123,15,30,6,1,3,17,2,1,13,29
Geoff Blum,HOU,NL,3B,363,29,92,17,0,6,40,0,2,29,63
George Kottaras,MIL,NL,C,175,19,41,9,0,6,21,0,0,20,50
Geovany Soto,CHN,NL,C,455,58,122,28,2,19,80,1,1,60,120
Gerald Laird,DET,AL,C,341,49,86,17,2,9,40,3,3,34,68
Gerardo Parra,ARI,NL,OF,247,30,69,13,3,4,29,6,3,18,42
Gordon Beckham,CHA,AL,3B,495,72,136,31,1,18,74,7,4,50,86
Grady Sizemore,CLE,AL,OF,522,91,138,29,4,25,72,23,8,85,113
Greg Dobbs,PHI,NL,3B,234,29,62,13,1,7,33,2,1,21,53
Gregg Zaun,MIL,NL,C,290,27,70,14,0,6,31,0,0,35,50
Hanley Ramirez,FLO,NL,SS,535,105,174,35,3,26,78,27,11,71,94
Hernan Iribarren,MIL,NL,2B,69,8,18,4,1,1,7,1,1,5,15
Hideki Matsui,LAA,AL,DH,518,69,144,25,2,22,83,2,2,64,81
Howie Kendrick,LAA,AL,2B,403,61,120,26,3,10,54,10,5,23,72
Humberto Quintero,HOU,NL,C,244,24,62,12,1,5,22,0,1,13,48
Hunter Pence,HOU,NL,OF,566,79,169,32,5,25,86,13,10,52,115
Ian Desmond,WAS,NL,SS,473,53,114,25,3,11,46,13,5,46,121
Ian Kinsler,TEX,AL,2B,568,117,162,33,3,29,87,30,4,71,84
Ian Stewart,COL,NL,3B,488,78,121,25,2,22,77,7,3,59,138
Ichiro Suzuki,SEA,AL,OF,621,83,200,28,5,8,48,23,8,44,74
Ivan Rodriguez,WAS,NL,C,210,19,53,10,1,4,19,1,1,11,42
J.D. Drew,BOS,AL,OF,410,71,105,25,2,15,60,2,2,69,98
J.J. Hardy,MIN,AL,SS,580,84,162,29,2,25,89,2,2,51,93
J.R. Towles,HOU,NL,C,349,44,87,18,3,10,45,4,4,32,75
Jack Cust,OAK,AL,OF,472,74,110,19,1,29,76,2,1,103,189
Jack Hannahan,SEA,AL,3B,183,21,45,10,1,6,24,1,1,25,52
Jack Wilson,SEA,AL,SS,524,60,145,31,2,10,58,3,5,43,70
Jacoby Ellsbury,BOS,AL,OF,569,99,167,33,8,10,59,51,11,49,75
Jai Miller,FLO,NL,OF,33,4,8,2,0,1,4,1,0,4,11
Jake Fox,OAK,AL,3B,380,52,95,20,1,18,61,3,1,30,94
James Loney,LAN,NL,1B,536,65,158,31,4,16,89,5,4,51,82
Jamey Carroll,LAN,NL,2B,116,18,29,5,1,1,11,1,1,12,24
Jamie Hoffmann,NYA,AL,OF,121,15,32,5,1,3,18,3,2,12,23
Jarrett Hoffpauir,TOR,AL,2B,217,24,58,12,1,6,24,1,1,23,28
Jarrod Saltalamacchia,TEX,AL,C,408,54,104,18,1,17,54,1,1,43,124
Jason Bartlett,TBA,AL,SS,489,67,138,25,4,8,51,21,6,46,80
Jason Bay,NYN,NL,LF,518,91,133,26,2,27,94,9,2,76,145
Jason Bourgeois,HOU,NL,OF,152,18,42,8,2,2,13,5,2,11,21
Jason Heyward,ATL,NL,OF,371,58,101,21,3,12,44,5,2,39,72
Jason Jaramillo,PIT,NL,C,211,23,53,9,1,4,24,1,1,22,43
Jason Kendall,KCA,AL,C,221,20,58,11,1,1,22,1,2,22,23
Jason Kubel,MIN,AL,OF,516,73,144,31,3,26,96,2,1,58,106
Jason LaRue,SLN,NL,C,92,6,18,3,0,2,7,0,0,6,20
Jason Michaels,HOU,NL,OF,164,18,40,8,0,4,23,1,1,16,39
Jason Pridie,MIN,AL,OF,98,14,25,5,1,2,10,3,1,6,23
Jason Repko,LAN,NL,OF,66,7,15,3,0,1,5,1,1,5,17
Jason Varitek,BOS,AL,C,196,17,44,8,1,5,20,0,1,25,49
Jay Bruce,CIN,NL,OF,546,85,148,32,5,30,84,7,6,52,141
Jayson Nix,CHA,AL,2B,273,41,67,14,1,10,37,9,3,27,64
Jayson Werth,PHI,NL,OF,503,84,135,22,2,28,87,14,4,78,144
Jed Lowrie,BOS,AL,SS,176,21,44,12,1,3,23,1,1,21,36
Jeff Baker,CHN,NL,2B,356,54,91,19,2,13,43,3,0,37,96
Jeff Clement,PIT,NL,1B,395,53,101,23,1,16,57,1,1,45,97
Jeff Francoeur,NYN,NL,OF,527,71,146,27,3,16,82,4,3,38,97
Jeff Keppinger,HOU,NL,3B,440,57,130,25,2,8,49,2,2,45,37
Jeff Mathis,LAA,AL,C,229,32,50,10,0,8,32,2,2,22,64
Jeremy Hermida,BOS,AL,OF,353,51,95,20,1,14,51,3,2,42,90
Jerry Hairston,SDN,NL,3B,214,31,54,11,1,5,22,4,3,19,35
Jesus Flores,WAS,NL,C,376,37,91,18,2,11,62,0,2,32,104
Jesus Montero,NYA,AL,C,29,4,9,2,0,1,5,0,0,2,5
Jhonny Peralta,CLE,AL,3B,570,83,153,31,2,19,81,3,3,59,132
Jim Thome,MIN,AL,DH,179,24,45,7,0,11,30,0,1,27,50
Jimmy Rollins,PHI,NL,SS,593,92,166,36,8,19,71,30,7,49,76
Jody Gerut,MIL,NL,OF,301,43,83,16,1,11,40,4,4,25,54
Joe Inglett,MIL,NL,OF,33,4,9,2,0,0,4,0,0,3,5
Joe Mather,SLN,NL,OF,58,2,11,2,0,1,2,0,0,3,7
Joe Mauer,MIN,AL,C,497,85,157,29,2,15,84,4,1,74,60
Joey Gathright,TOR,AL,OF,138,18,38,6,0,0,11,5,3,13,21
Joey Votto,CIN,NL,1B,542,83,158,32,2,30,101,9,6,70,117
John Baker,FLO,NL,C,283,37,72,13,1,8,39,1,1,31,70
John Bowker,SFN,NL,OF,245,33,65,13,2,9,36,2,2,24,59
John Buck,TOR,AL,C,340,37,77,16,1,13,48,1,1,36,97
John Hester,ARI,NL,C,31,3,7,2,0,1,4,0,0,2,9
John Mayberry,PHI,NL,OF,32,4,7,2,0,1,4,0,0,3,9
John McDonald,TOR,AL,SS,176,16,43,8,0,1,13,1,1,8,23
Jonathan Jay,SLN,NL,OF,102,12,27,5,1,2,10,2,1,8,17
Jordan Schafer,ATL,NL,OF,65,7,16,3,1,1,6,1,1,7,19
Jorge Cantu,FLO,NL,1B,490,65,138,27,1,19,81,3,1,45,90
Jorge Posada,NYA,AL,C,336,37,90,18,0,11,47,0,0,44,76
Jose Bautista,TOR,AL,OF,280,41,69,14,1,11,40,3,1,40,66
Jose Guillen,KCA,AL,OF,357,42,96,18,1,12,53,1,1,25,68
Jose Lopez,SEA,AL,2B,583,73,165,30,2,21,83,4,4,33,72
Jose Morales,MIN,AL,C,200,21,57,11,1,2,17,1,1,17,32
Jose Reyes,NYN,NL,SS,549,87,163,30,12,13,54,45,16,59,69
Jose Tabata,PIT,NL,OF,33,4,9,2,0,1,4,1,0,3,6
Josh Bard,SEA,AL,C,280,25,70,14,0,5,30,0,1,29,47
Josh Barfield,SDN,AL,2B,90,9,22,4,0,1,9,1,1,4,19
Josh Fields,KCA,AL,3B,93,11,22,4,0,4,13,1,1,10,30
Josh Hamilton,TEX,AL,OF,541,85,151,29,2,29,99,9,4,56,125
Josh Reddick,BOS,AL,OF,30,4,8,2,0,1,4,0,0,2,6
Josh Willingham,WAS,NL,LF,414,61,105,22,3,18,61,5,2,56,98
Joshua Bell,BAL,AL,3B,122,17,31,6,1,5,17,1,1,12,34
Juan Francisco,CIN,NL,3B,65,8,16,3,0,3,10,0,0,3,19
Juan Pierre,CHA,AL,OF,492,74,144,22,5,3,39,40,15,36,38
Juan Rivera,LAA,AL,LF,529,66,149,25,0,23,95,2,2,39,68
Juan Uribe,SFN,NL,3B,162,18,41,9,0,5,20,1,1,12,34
Julio Borbon,TEX,AL,OF,428,63,119,20,3,8,40,24,8,30,60
Julio Lugo,SLN,NL,SS,346,38,87,17,1,4,34,10,5,37,62
Justin Maxwell,WAS,NL,OF,189,25,43,7,1,6,21,7,2,22,61
Justin Morneau,MIN,AL,1B,561,88,161,33,3,30,120,1,1,71,90
Justin Turner,BAL,AL,2B,91,12,25,5,0,2,10,1,0,8,16
Justin Upton,ARI,NL,OF,578,94,160,33,9,27,89,14,5,70,150
Kaz Matsui,HOU,NL,2B,442,64,122,23,5,7,41,17,5,39,77
Kelly Johnson,ARI,NL,2B,538,95,150,33,8,16,77,10,6,68,109
Kelly Shoppach,TBA,AL,C,269,39,64,13,0,14,40,0,0,29,95
Ken Griffey,SEA,AL,OF,185,19,48,8,0,6,24,1,1,21,29
Kendry Morales,LAA,AL,1B,586,83,170,33,1,28,100,3,5,47,106
Kevin Frandsen,SFN,NL,SS,70,7,19,3,0,1,7,1,1,4,7
Kevin Kouzmanoff,OAK,AL,3B,553,67,152,31,2,22,94,1,0,36,111
Kevin Youkilis,BOS,AL,1B,530,90,152,34,2,24,93,4,3,74,113
Khalil Greene,TEX,AL,SS,205,28,54,12,1,10,35,2,1,16,45
Kila Ka'aihue,KCA,AL,1B,90,13,23,4,0,4,12,0,0,16,18
Kosuke Fukudome,CHN,NL,OF,458,71,115,24,2,11,53,6,5,81,105
Koyie Hill,CHN,NL,C,157,16,37,7,1,3,19,1,1,15,44
Kurt Suzuki,OAK,AL,C,471,62,131,24,1,13,67,3,3,43,66
Kyle Blanks,SDN,NL,1B,534,72,136,24,3,24,83,3,2,58,143
Lance Berkman,HOU,NL,1B,522,84,146,29,2,26,86,8,5,88,117
Landon Powell,OAK,AL,C,114,15,26,5,1,5,18,0,0,17,32
Lastings Milledge,PIT,NL,LF,571,72,155,29,2,16,67,20,8,47,110
Logan Morrison,FLO,NL,1B,124,15,33,7,0,4,16,1,1,14,28
Lou Marson,CLE,AL,C,355,48,93,17,1,6,42,3,1,44,85
Luis Castillo,NYN,NL,2B,436,65,123,18,2,3,38,11,6,53,50
Luis Valbuena,CLE,AL,2B,561,78,140,28,2,13,55,10,6,54,110
Luke Scott,BAL,AL,LF,499,63,131,29,3,22,75,3,1,63,116
Lyle Overbay,TOR,AL,1B,491,59,126,29,2,14,63,1,1,65,104
Magglio Ordonez,DET,AL,OF,551,71,168,30,1,19,89,1,1,56,80
Maicer Izturis,LAA,AL,2B,269,43,75,14,1,6,44,8,3,28,33
Manny Ramirez,LAN,NL,LF,555,75,150,29,2,20,82,2,2,73,121
Marco Scutaro,BOS,AL,SS,436,70,120,23,1,9,52,7,3,53,57
Mark DeRosa,SFN,NL,3B,474,72,126,25,2,16,71,2,2,51,99
Mark Ellis,OAK,AL,2B,489,66,129,25,2,15,64,10,4,46,81
Mark Kotsay,CHA,AL,1B,430,40,114,23,2,5,46,2,2,40,51
Mark Reynolds,ARI,NL,3B,556,92,140,29,3,29,92,12,6,76,186
Mark Teahen,CHA,AL,3B,486,62,126,25,3,12,49,7,4,47,116
Mark Teixeira,NYA,AL,1B,560,94,164,31,2,34,115,2,0,84,108
Marlon Byrd,CHN,NL,OF,472,61,134,27,3,12,67,7,4,42,91
Martin Prado,ATL,NL,2B,510,76,153,32,2,10,57,4,2,47,69
Mat Gamel,MIL,NL,3B,387,54,100,23,3,14,55,4,2,39,118
Matt Antonelli,SDN,NL,2B,100,12,24,4,0,2,8,1,1,10,19
Matt Diaz,ATL,NL,OF,362,43,103,18,1,10,47,6,3,28,81
Matt Dominguez,FLO,NL,3B,30,4,8,2,0,1,4,0,0,3,7
Matt Holliday,SLN,NL,LF,562,91,166,36,2,24,100,9,5,66,111
Matt Kata,HOU,NL,2B,35,3,9,1,0,1,3,0,0,2,4
Matt Kemp,LAN,NL,OF,618,94,182,34,5,22,88,29,12,49,139
Matt LaPorta,CLE,AL,LF,501,75,130,28,2,24,79,3,2,53,113
Matt Tolbert,MIN,AL,2B,175,24,45,9,2,3,18,3,1,14,30
Matt Tuiasosopo,SEA,AL,3B,33,5,8,2,0,1,4,0,0,4,10
Matt Wieters,BAL,AL,C,439,61,127,21,2,18,70,1,1,50,99
Matthew Downs,SFN,NL,2B,29,3,7,2,0,1,3,0,0,2,5
Matthew Joyce,TBA,AL,OF,315,45,76,19,2,13,47,4,3,43,91
Max Ramirez,TEX,AL,C,28,3,7,1,0,1,4,0,0,3,8
Melky Cabrera,ATL,NL,OF,567,73,154,27,4,13,74,12,6,57,80
Micah Hoffpauir,CHN,NL,1B,284,36,79,17,1,11,50,1,1,21,51
Michael Aubrey,BAL,AL,1B,59,6,16,3,0,2,7,0,0,4,8
Michael Bourn,HOU,NL,OF,582,94,154,26,7,7,39,52,14,62,136
Michael Brantley,CLE,AL,OF,391,55,107,20,2,5,38,19,5,40,49
Michael Cuddyer,MIN,AL,OF,543,81,147,29,5,21,82,5,1,58,105
Michael Saunders,SEA,AL,OF,414,60,103,20,3,12,47,11,5,41,120
Michael Taylor,OAK,AL,OF,312,41,85,18,1,12,47,7,3,30,72
Michael Young,TEX,AL,3B,564,75,165,31,2,13,71,7,3,51,94
Miguel Cabrera,DET,AL,1B,573,92,173,31,1,39,119,3,2,76,116
Miguel Montero,ARI,NL,C,329,49,90,18,1,14,51,1,1,36,64
Miguel Olivo,COL,NL,C,220,23,54,11,2,10,32,2,1,13,64
Miguel Tejada,BAL,AL,SS,433,61,128,22,1,12,57,3,3,25,50
Mike Aviles,KCA,AL,SS,183,24,52,11,2,5,21,2,1,11,27
Mike Cameron,BOS,AL,OF,437,61,112,24,2,18,60,8,5,48,122
Mike Carp,SEA,AL,1B,128,17,33,6,0,5,16,0,0,15,32
Mike Fontenot,CHN,NL,2B,407,56,106,23,4,10,50,4,3,44,86
Mike Lowell,BOS,AL,3B,219,25,62,12,1,8,39,1,1,19,30
Mike Morse,WAS,NL,1B,152,16,41,8,1,4,19,1,1,12,33
Mike Napoli,LAA,AL,C,414,69,107,21,1,28,74,9,5,60,116
Mike Redmond,CLE,AL,C,116,4,24,4,0,0,5,0,0,6,9
Mike Stanton,FLO,NL,OF,87,13,21,4,0,6,15,0,0,10,29
Milton Bradley,SEA,AL,OF,416,68,115,21,1,18,60,5,4,71,102
Mitch Maier,KCA,AL,OF,158,19,43,8,1,3,17,3,1,14,29
Nate McLouth,ATL,NL,OF,538,98,144,32,3,23,79,24,6,69,101
Nate Schierholtz,SFN,NL,OF,408,53,113,24,7,11,52,7,3,24,76
Neil Walker,PIT,NL,3B,97,13,25,6,1,3,14,1,1,8,20
Nelson Cruz,TEX,AL,OF,499,80,139,26,2,31,89,13,6,63,132
Nick Green,LAN,NL,SS,188,20,43,8,1,5,22,1,1,12,52
Nick Hundley,SDN,NL,C,405,45,94,21,1,15,53,2,1,39,101
Nick Johnson,NYA,AL,1B,471,76,129,25,2,14,76,3,3,99,93
Nick Markakis,BAL,AL,OF,579,94,177,37,2,23,100,11,6,70,96
Nick Punto,MIN,AL,2B,248,31,60,11,2,2,20,9,4,29,52
Nick Swisher,NYA,AL,OF,478,81,120,23,1,26,77,2,2,90,123
Nolan Reimold,BAL,AL,LF,493,70,135,26,1,25,74,9,4,53,110
Nyjer Morgan,WAS,NL,LF,587,89,169,31,9,6,48,39,16,49,103
Omar Infante,ATL,NL,2B,353,49,104,21,1,6,48,3,1,32,53
Omar Quintanilla,COL,NL,2B,33,4,8,2,0,0,2,0,0,3,6
Omar Vizquel,CHA,AL,SS,98,4,18,3,0,1,4,1,2,7,7
Oscar Salazar,SDN,NL,OF,118,13,30,7,0,3,16,1,1,9,22
Pablo Sandoval,SFN,NL,3B,572,85,180,41,3,23,90,4,3,41,86
Pat Burrell,TBA,AL,DH,441,52,103,20,1,19,71,1,0,74,120
Paul Janish,CIN,NL,SS,455,55,106,26,1,7,44,3,1,45,88
Paul Konerko,CHA,AL,1B,487,63,124,23,1,25,74,1,1,72,95
Pedro Alvarez,PIT,NL,3B,31,4,8,2,0,1,5,0,0,4,10
Pedro Feliz,HOU,NL,3B,407,44,106,18,1,11,55,1,1,28,56
Peter Bourjos,LAA,AL,OF,69,9,18,4,1,2,7,3,1,5,15
Pito Santos,NYN,NL,C,235,22,57,10,0,4,29,1,1,16,50
Placido Polanco,PHI,NL,2B,519,82,158,30,3,8,56,6,2,36,40
Prince Fielder,MIL,NL,1B,536,97,155,30,2,45,124,3,3,89,121
Rafael Furcal,LAN,NL,SS,553,91,154,29,4,9,48,16,7,55,83
Rajai Davis,OAK,AL,OF,378,58,106,21,5,5,40,38,12,34,70
Ramiro Pena,NYA,AL,SS,196,23,49,9,1,2,16,4,1,18,40
Ramon Castro,CHA,AL,C,140,15,36,6,0,8,25,0,0,13,34
Ramon Hernandez,CIN,NL,C,392,41,101,19,1,13,62,1,1,37,63
Ramon Santiago,DET,AL,SS,359,44,91,16,3,6,39,3,3,27,72
Ramon Vazquez,PIT,NL,SS,140,17,34,7,1,3,13,1,1,16,32
Randy Ruiz,TOR,AL,,423,50,103,23,1,15,54,1,1,34,124
Randy Winn,NYA,AL,OF,313,38,87,17,1,6,34,8,3,29,51
Raul Chavez,TOR,AL,C,150,12,36,7,0,2,14,0,0,8,21
Raul Ibanez,PHI,NL,LF,424,51,112,24,1,14,64,1,1,43,87
Reggie Willits,LAA,AL,OF,286,40,74,13,1,1,24,10,4,34,53
Reid Brignac,TBA,AL,SS,88,12,22,5,1,3,11,1,1,7,18
Richie Weeks,MIL,NL,2B,499,99,122,26,8,19,55,19,5,80,133
Rick Ankiel,KCA,AL,OF,428,64,110,22,3,21,71,3,2,38,104
Rob Johnson,SEA,AL,C,281,30,70,14,1,6,28,3,3,25,55
Robb Quinlan,LAA,AL,1B,124,13,31,4,0,2,14,1,1,11,23
Robert Andino,BAL,AL,SS,64,8,15,3,1,1,5,1,1,4,15
Robinson Cano,NYA,AL,2B,578,87,170,34,3,23,86,3,6,38,71
Robinzon Diaz,DET,AL,C,60,5,17,3,0,1,7,0,0,3,5
Ron Belliard,LAN,NL,2B,264,30,71,14,1,7,32,2,1,21,47
Ronny Cedeno,PIT,NL,SS,233,28,59,11,1,7,29,3,2,19,48
Ronny Paulino,FLO,NL,C,257,28,69,13,1,7,35,1,1,28,56
Ross Gload,PHI,NL,1B,246,30,68,13,1,5,31,1,1,20,34
Russell Martin,LAN,NL,C,496,74,138,22,1,15,74,13,7,68,76
Ryan Braun,MIL,NL,LF,589,108,174,35,6,37,109,18,6,55,124
Ryan Church,PIT,NL,OF,377,49,104,21,1,11,54,4,3,41,83
Ryan Doumit,PIT,NL,C,397,55,114,22,1,15,61,2,2,35,72
Ryan Hanigan,CIN,NL,C,353,44,94,16,1,6,34,1,1,45,57
Ryan Howard,PHI,NL,1B,520,83,130,24,2,34,111,3,1,78,172
Ryan Langerhans,SEA,AL,OF,239,33,58,13,2,6,32,3,2,31,65
Ryan Ludwick,SLN,NL,OF,526,76,143,29,1,27,99,5,5,53,132
Ryan Raburn,DET,AL,LF,474,76,124,25,3,20,79,11,4,53,122
Ryan Roberts,ARI,NL,2B,209,27,54,12,2,4,23,3,1,26,46
Ryan Spilborghs,COL,NL,OF,243,40,67,14,2,7,39,5,3,31,48
Ryan Strieby,DET,AL,1B,165,24,42,9,1,8,29,1,0,20,41
Ryan Sweeney,OAK,AL,OF,602,84,167,31,3,15,73,12,7,65,101
Ryan Theriot,CHN,NL,SS,582,86,166,28,3,5,51,20,9,63,76
Ryan Wheeler,ARI,NL,1B,55,7,16,4,1,1,6,1,0,6,9
Ryan Zimmerman,WAS,NL,3B,588,93,162,34,2,27,90,3,1,61,109
Sam Fuld,CHN,NL,OF,206,27,51,10,2,2,17,3,2,22,29
Scott Hairston,SDN,NL,LF,455,57,112,25,3,19,59,7,3,44,111
Scott Moore,BAL,AL,3B,63,8,15,3,0,3,10,0,0,6,17
Scott Podsednik,KCA,AL,OF,416,53,118,23,5,5,37,16,8,37,63
Scott Rolen,CIN,NL,3B,401,57,112,23,2,11,55,3,3,41,65
Scott Sizemore,DET,AL,2B,476,69,126,27,3,11,51,11,4,57,97
Sean Rodriguez,TBA,AL,2B,99,16,23,5,0,5,14,2,1,10,30
Seth Smith,COL,NL,LF,365,54,100,21,4,13,60,6,2,49,72
Shane Victorino,PHI,NL,OF,571,96,167,32,9,14,61,28,10,54,75
Shin Soo Choo,CLE,AL,OF,533,85,145,32,2,20,85,14,6,75,135
Ship Schumaker,SLN,NL,2B,554,83,167,29,3,9,51,4,3,54,77
Stephen Drew,ARI,NL,SS,609,82,162,37,8,18,76,5,2,57,108
Steven Pearce,PIT,NL,1B,242,30,62,14,1,8,35,3,2,23,49
Taylor Teagarden,TEX,AL,C,307,43,73,16,1,14,44,1,1,39,103
Todd Helton,COL,NL,1B,542,69,154,32,1,15,74,0,1,93,82
Tommy Manzella,HOU,NL,SS,264,28,66,13,3,3,23,3,2,21,59
Tony Gwynn,SDN,NL,OF,262,38,68,11,3,2,17,9,3,28,45
Torii Hunter,LAA,AL,OF,505,77,138,28,1,23,86,15,6,49,100
Travis Buck,OAK,AL,OF,99,13,26,5,1,3,12,1,0,11,24
Travis D'Arnaud,TOR,AL,C,87,11,22,5,0,2,11,0,0,7,17
Travis Hafner,CLE,AL,DH,463,58,116,22,1,18,71,1,1,69,101
Travis Ishikawa,SFN,NL,1B,115,14,28,6,0,4,16,1,1,11,34
Travis Snider,TOR,AL,LF,509,75,128,29,2,22,82,3,3,57,157
Trent Oeltjen,MIL,NL,OF,32,4,8,2,0,0,3,1,0,2,8
Trevor Crowe,CLE,AL,OF,362,50,91,20,3,5,35,12,5,36,77
Troy Glaus,ATL,NL,3B,345,37,86,16,0,11,49,0,1,47,79
Troy Tulowitzki,COL,NL,SS,577,107,172,34,6,30,104,9,7,70,104
Ty Wigginton,BAL,AL,1B,336,42,95,17,1,17,43,2,3,26,60
Tyler Flowers,CHA,AL,C,26,4,7,1,0,1,4,0,0,4,7
Tyler Greene,SLN,NL,SS,114,15,26,5,1,3,9,4,1,9,35
Tyler Henley,SLN,NL,OF,63,7,16,4,0,1,7,0,0,5,13
Vernon Wells,TOR,AL,OF,558,78,147,32,2,20,81,10,4,49,84
Victor Martinez,BOS,AL,C,468,58,130,25,1,17,78,1,0,51,70
Vladimir Guerrero,TEX,AL,DH,454,66,137,25,1,20,77,1,2,44,60
Wes Helms,FLO,NL,3B,209,19,52,9,0,5,29,0,0,16,49
Will Venable,SDN,NL,OF,271,31,66,12,1,7,30,4,2,26,72
Willie Bloomquist,KCA,AL,OF,391,56,104,15,4,4,27,17,6,33,77
Willie Harris,WAS,NL,OF,451,73,116,26,7,10,47,14,7,62,91
Willy Aybar,TBA,AL,1B,161,20,41,8,1,6,22,1,1,18,30
Willy Taveras,CIN,NL,OF,185,28,49,8,1,1,11,14,4,14,30
Wilson Ramos,MIN,AL,C,67,8,18,3,0,2,9,0,0,5,16
Wilson Valdez,PHI,NL,SS,106,12,27,4,1,1,6,1,1,8,12
Wladimir Balentien,CIN,NL,OF,249,33,61,13,1,12,36,3,2,27,69
Wyatt Toregas,CLE,AL,C,28,3,7,1,0,1,3,0,0,2,5
Xavier Nady,CHN,NL,OF,233,25,63,13,0,7,31,1,1,17,51
Xavier Paul,LAN,NL,OF,189,23,49,10,1,4,20,4,2,16,47
Yadier Molina,SLN,NL,C,484,47,142,21,1,10,66,4,3,49,46
Yunel Escobar,ATL,NL,SS,542,88,163,27,2,13,72,6,5,59,70
Yuniesky Betancourt,KCA,AL,SS,484,60,138,29,3,9,60,4,4,23,46
