mlbamID,playerName,team,league,defaultPos,W,L,S,IP,H,ER,HR,BB,K
425786,Scott Atchison,BOS,AL,RP,2,2,0,43,45,21,5,14,31
#N/A, Castro,BOS,AL,RP,2,2,0,40,43,23,6,19,24
#N/A, Chavez,ATL,NL,RP,3,4,0,60,65,32,8,22,40
#N/A,Ryota Igarashi,NYN,NL,RP,3,3,0,55,51,25,7,22,42
#N/A, Pena,CHA,AL,RP,3,3,0,55,53,24,6,19,37
150359,A.J. Burnett,NYA,AL,SP,12,10,0,191,185,92,26,78,172
346871,Aaron Cook,COL,NL,SP,9,10,0,166,185,84,18,52,66
421685,Aaron Harang,CIN,NL,SP,8,9,0,155,160,74,22,44,126
408310,Aaron Heilman,CHN,NL,RP,4,4,0,60,61,30,7,26,49
444836,Aaron Laffey,CLE,AL,SP,7,8,0,130,148,71,14,51,70
519145,Aaron Poreda,SDN,NL,SP,7,6,0,124,113,56,13,63,86
452240,Adam Russell,SDN,NL,RP,3,3,0,60,63,32,6,31,39
425794,Adam Wainwright,SLN,NL,SP,13,9,0,198,183,75,18,59,140
464244,Alberto Arias,HOU,NL,RP,3,4,2,60,64,30,6,25,39
112107,Alberto Castillo,BAL,AL,RP,3,3,0,45,46,21,4,18,35
450527,Alex Hinshaw,SFN,NL,RP,3,3,0,51,45,24,6,30,49
469686,Alfredo Aceves,NYA,AL,RP,3,3,2,50,48,23,6,17,36
451628,Alfredo Figaro,DET,AL,SP,2,4,0,50,57,30,7,23,29
457732,Andrew Bailey,OAK,AL,RP,4,2,36,60,50,25,7,29,59
453192,Andrew Miller,FLO,NL,SP,6,7,0,118,123,66,13,65,94
120485,Andy Pettitte,NYA,AL,SP,10,10,0,175,196,96,23,63,116
458567,Andy Sonnanstine,TBA,AL,SP,6,5,0,106,117,55,14,29,68
425768,Angel Guzman,CHN,NL,RP,3,3,2,55,50,24,6,21,44
434671,Anibal Sanchez,FLO,NL,SP,5,7,0,108,114,58,13,55,78
434679,Anthony Lerew,KCA,AL,SP,3,6,0,81,102,54,12,38,44
435039,Anthony Reyes,CLE,AL,SP,1,1,0,21,22,11,3,9,13
461872,Anthony Swarzak,MIN,AL,SP,2,3,0,45,52,27,7,18,26
455374,Antonio Bastardo,PHI,NL,SP,2,3,0,41,40,21,6,23,34
451482,Armando Galarraga,DET,AL,SP,5,6,0,99,102,53,14,45,66
547973,Aroldis Chapman,CIN,NL,RP,3,4,0,62,55,33,8,44,79
121125,Arthur Rhodes,CIN,NL,RP,3,2,4,50,43,20,4,24,44
217096,Barry Zito,SFN,NL,SP,8,12,0,176,180,90,21,77,109
502308,Ben Jukich,SLN,NL,SP,3,4,0,55,56,29,7,24,39
282656,Ben Sheets,OAK,AL,SP,9,8,0,147,139,61,17,43,98
434438,Billy Buckner,ARI,NL,SP,8,9,0,150,160,79,19,61,102
123790,Billy Wagner,ATL,NL,RP,4,1,30,50,42,18,5,18,54
430641,Blaine Boyer,ARI,NL,RP,3,4,0,60,68,36,7,28,40
458003,Blake Hawksworth,SLN,NL,SP,4,6,0,86,92,47,12,37,55
133982,Bobby Howry,ARI,NL,RP,4,3,4,65,67,31,8,19,49
408057,Bobby Jenks,CHA,AL,RP,5,2,36,60,49,21,7,20,47
458730,Bobby Parnell,NYN,NL,RP,4,4,0,72,80,42,9,36,52
150144,Bobby Seay,DET,AL,RP,3,3,0,50,46,21,4,21,39
425818,Boof Bonser,BOS,AL,RP,2,2,0,40,44,22,5,14,30
457429,Boone Logan,NYA,AL,RP,2,3,0,46,49,25,6,21,34
448269,Brad Bergesen,BAL,AL,SP,8,8,0,137,155,74,20,42,65
489020,Brad Kilby,OAK,AL,RP,3,2,0,50,45,22,6,22,43
400058,Brad Lidge,PHI,NL,RP,3,4,32,55,56,28,6,27,54
453184,Brad Lincoln,PIT,NL,SP,2,4,0,52,61,30,8,17,30
207267,Brad Penny,SLN,NL,SP,9,8,0,155,156,72,16,57,90
446899,Brad Ziegler,OAK,AL,RP,4,2,2,60,54,22,5,21,36
502001,Brandon Hynick,COL,NL,SP,2,3,0,51,58,28,7,17,25
434181,Brandon League,SEA,AL,RP,4,3,0,60,56,26,6,24,48
407193,Brandon Lyon,HOU,NL,RP,4,4,0,65,62,27,6,23,42
435221,Brandon McCarthy,TEX,AL,SP,6,7,0,108,111,57,13,47,62
430665,Brandon Medders,SFN,NL,RP,3,4,2,60,61,32,8,30,41
453344,Brandon Morrow,TOR,AL,RP,7,7,0,124,113,59,15,67,105
425630,Brandon Webb,ARI,NL,SP,6,6,0,101,96,43,9,35,75
407791,Brendan Donnelly,PIT,NL,RP,3,3,2,60,62,29,6,23,38
474463,Brett Anderson,OAK,AL,SP,9,8,0,157,153,70,19,47,124
446399,Brett Cecil,TOR,AL,SP,6,7,0,118,120,60,16,50,88
408206,Brett Myers,HOU,NL,SP,6,7,0,113,119,58,15,43,93
446454,Brian Bannister,KCA,AL,SP,8,10,0,159,175,83,19,51,86
430663,Brian Bruney,WAS,NL,RP,3,3,2,55,49,24,6,30,42
434638,Brian Burres,PIT,NL,SP,1,2,0,31,33,17,4,13,19
488846,Brian Duensing,MIN,AL,SP,6,7,0,128,144,70,17,43,68
150118,Brian Fuentes,LAA,AL,RP,3,3,35,55,52,24,6,22,49
451085,Brian Matusz,BAL,AL,SP,6,7,0,120,133,65,17,46,90
119215,Brian Moehler,HOU,NL,SP,5,9,0,124,147,73,17,42,60
430083,Brian Sanches,FLO,NL,RP,3,4,2,60,63,31,8,27,54
425530,Brian Stokes,LAA,AL,RP,2,4,0,60,70,36,8,26,36
425226,Brian Tallet,TOR,AL,RP,3,4,0,60,58,31,7,30,43
451216,Brian Wilson,SFN,NL,RP,3,4,35,60,57,27,6,27,56
276520,Bronson Arroyo,CIN,NL,SP,9,11,0,183,189,90,25,60,117
446248,Bryan Augenstein,ARI,NL,SP,5,6,0,94,102,48,12,30,53
502032,Bud Norris,HOU,NL,SP,7,8,0,139,143,73,18,67,116
488674,Burke Badenhop,FLO,NL,RP,3,4,0,60,62,30,7,23,35
282332,C.C. Sabathia,NYA,AL,SP,15,8,0,202,192,81,22,50,172
450351,C.J. Wilson,TEX,AL,RP,4,3,4,60,55,27,6,30,56
134321,Carl Pavano,MIN,AL,SP,3,6,0,80,104,51,13,22,52
471911,Carlos Carrasco,CLE,AL,SP,3,4,0,64,69,36,9,28,49
457567,Carlos Fisher,CIN,NL,RP,3,3,0,45,45,22,5,19,34
400056,Carlos Hernandez,TBA,AL,SP,4,3,0,55,52,24,6,23,35
461791,Carlos Marmol,CHN,NL,RP,5,2,31,60,44,21,5,34,64
467856,Carlos Monasterios,NYN,NL,RP,2,5,0,60,72,39,10,28,35
460349,Carlos Rosa,KCA,AL,RP,3,5,0,65,75,38,8,29,45
400067,Carlos Silva,CHN,NL,SP,4,7,0,99,123,59,13,29,41
453646,Carlos Villanueva,MIL,NL,RP,3,3,0,60,61,29,8,23,49
407296,Carlos Zambrano,CHN,NL,SP,10,10,0,179,170,80,17,77,137
449165,Carlton Smith,CLE,AL,RP,3,3,2,55,56,26,6,25,45
502272,Casey Fien,DET,AL,RP,3,3,0,52,56,29,8,19,43
445163,Casey Janssen,TOR,AL,RP,2,3,0,50,53,25,6,17,27
451532,Chad Billingsley,LAN,NL,SP,11,9,0,184,171,77,19,71,163
239795,Chad Durbin,PHI,NL,RP,3,3,0,50,50,25,6,23,32
429985,Chad Gaudin,NYA,AL,SP,6,6,0,102,109,58,14,48,72
430589,Chad Qualls,ARI,NL,RP,4,3,34,65,64,27,7,20,55
446624,Charlie Haeger,LAN,NL,SP,3,5,0,75,76,39,10,34,48
450203,Charlie Morton,PIT,NL,SP,6,9,0,134,137,68,15,61,83
112020,Chris Carpenter,SLN,NL,SP,8,5,0,115,106,45,10,35,72
499856,Chris Jakubauskas,SEA,NL,RP,3,4,0,60,66,32,8,23,35
429780,Chris Narveson,MIL,NL,RP,2,3,0,50,54,29,7,24,40
453198,Chris Perez,CLE,AL,RP,4,3,2,55,48,24,7,31,61
453198,Chris Perez,CLE,AL,RP,4,4,0,60,62,29,7,22,49
444884,Chris Ray,TEX,AL,RP,3,2,0,50,54,27,7,21,42
448200,Chris Sampson,HOU,NL,RP,3,5,2,65,73,36,8,22,28
434672,Chris Smith,MIL,NL,RP,2,4,0,50,62,32,8,20,37
501957,Chris Tillman,BAL,AL,SP,8,8,0,144,154,79,20,63,111
458690,Chris Volstad,FLO,NL,SP,8,10,0,161,183,91,22,63,92
432934,Chris Young,SDN,NL,SP,6,5,0,92,83,41,11,44,71
455111,Chuck Lofgren,MIL,NL,SP,2,3,0,45,48,27,6,24,30
448592,Cla Meredith,BAL,AL,RP,3,3,0,63,75,35,9,21,39
282567,Claudio Vargas,MIL,NL,RP,3,3,0,55,57,28,8,21,44
453329,Clay Buchholz,BOS,AL,SP,11,8,0,163,150,70,18,62,141
424925,Clay Condrey,MIN,AL,RP,3,3,0,60,72,34,7,22,29
454535,Clay Hensley,FLO,NL,SP,1,3,0,36,42,23,5,18,21
501826,Clay Zavada,ARI,NL,RP,4,2,4,55,46,21,6,23,49
477132,Clayton Kershaw,LAN,NL,SP,10,8,0,160,137,65,15,75,148
453385,Clayton Richard,SDN,NL,SP,8,8,0,145,146,70,16,60,84
424324,Cliff Lee,SEA,AL,SP,12,9,0,199,193,82,21,53,130
425847,Clint Everts,NYN,NL,RP,2,4,0,50,56,32,7,30,37
407890,Colby Lewis,TEX,AL,SP,10,8,0,157,158,71,20,44,134
430935,Cole Hamels,PHI,NL,SP,12,9,0,192,185,81,22,49,154
444446,Collin Balester,WAS,NL,SP,2,2,0,39,41,20,5,16,24
460677,Cory Wade,LAN,NL,RP,4,4,0,60,56,25,8,21,40
444520,Craig Breslow,OAK,AL,RP,3,3,0,55,48,23,6,21,43
489334,Craig Stammen,WAS,NL,SP,2,3,0,39,43,22,6,16,20
450852,Cristhian Martinez,FLO,NL,SP,3,4,0,60,72,37,10,22,27
425647,D.J. Carrasco,PIT,NL,RP,2,5,0,60,69,36,7,28,36
493137,Daisuke Matsuzaka,BOS,AL,SP,6,6,0,106,107,54,13,51,92
445612,Dale Thayer,TBA,AL,RP,3,3,0,55,54,26,6,20,37
460284,Dallas Braden,OAK,AL,SP,8,8,0,134,136,64,16,46,87
150122,Damaso Marte,NYA,AL,RP,3,2,0,40,36,19,6,17,37
434159,Dan Meyer,FLO,NL,RP,2,4,4,60,65,35,8,31,49
502130,Dan Runzler,SFN,NL,RP,1,2,0,25,25,13,3,16,23
235095,Dan Wheeler,TBA,AL,RP,4,3,2,55,48,22,6,18,47
445968,Dana Eveland,TOR,AL,RP,1,1,0,26,27,14,3,12,16
453268,Daniel Bard,BOS,AL,RP,3,3,0,55,48,27,6,36,49
425555,Daniel Cabrera,CHA,AL,SP,3,5,0,70,78,45,10,40,43
543339,Daniel Hudson,CHA,AL,SP,6,7,0,124,122,62,18,54,98
519259,Daniel Schlereth,DET,AL,RP,2,3,0,50,45,24,4,35,49
429717,Danny Haren,ARI,NL,SP,14,8,0,200,188,76,21,45,172
502609,Danny Herrera,CIN,NL,RP,2,3,0,52,53,26,6,22,41
276056,Danys Baez,PHI,NL,RP,3,3,2,50,45,22,6,23,28
503285,Darren O'Day,TEX,AL,RP,4,3,0,60,57,26,7,23,44
119984,Darren Oliver,,AL,RP,4,3,0,60,58,26,6,22,42
433657,Dave Bush,MIL,NL,SP,7,9,0,140,150,74,20,44,93
430911,David Aardsma,SEA,AL,RP,4,3,34,60,54,27,6,30,63
456696,David Hernandez,BAL,AL,SP,5,6,0,98,107,57,15,44,83
458589,David Herndon,PHI,NL,RP,2,3,0,44,56,29,7,15,20
453307,David Huff,CLE,AL,SP,8,8,0,138,149,71,17,47,85
456029,David Patton,CHN,NL,RP,2,4,0,55,72,41,10,33,38
456034,David Price,TBA,AL,SP,10,6,0,145,137,64,16,57,111
453515,David Purcey,TOR,AL,SP,4,6,0,99,100,53,12,50,75
502085,David Robertson,NYA,AL,RP,4,3,0,60,50,25,6,31,62
456630,Davis Romero,TOR,AL,SP,6,11,0,157,180,95,22,77,106
430610,Dennis Sarfate,BAL,AL,RP,2,2,0,42,44,26,6,27,39
121096,Dennys Reyes,SLN,NL,RP,3,2,0,45,43,19,4,21,34
502706,Derek Holland,TEX,AL,SP,6,8,0,123,136,72,18,55,89
117955,Derek Lowe,ATL,NL,SP,9,11,0,177,191,89,20,58,109
460602,Dirk Hayhurst,TOR,AL,RP,3,4,0,60,73,36,8,21,45
453264,Donald Veal,PIT,NL,SP,2,4,0,49,51,30,6,31,39
425883,Dontrelle Willis,DET,AL,SP,3,5,0,62,70,40,9,36,38
150277,Doug Davis,MIL,NL,SP,8,10,0,161,174,87,19,79,114
450729,Doug Fister,SEA,AL,SP,3,3,0,56,62,30,8,18,33
450545,Doug Mathis,TEX,AL,RP,3,3,0,55,65,34,8,22,33
460657,Doug Slaten,WAS,NL,RP,3,2,0,47,44,20,5,19,34
502165,Drew Carpenter,PHI,NL,SP,3,3,0,50,56,29,8,21,31
463752,Drew Naylor,PHI,NL,SP,2,3,0,45,54,30,8,20,28
430661,Dustin McGowan,TOR,AL,SP,4,5,0,74,74,36,9,28,60
400291,Dustin Moseley,,AL,RP,1,2,0,26,30,16,4,10,15
430962,Dustin Nippert,TEX,AL,RP,2,3,0,45,48,25,6,21,33
458250,Dusty Hughes,KCA,AL,RP,2,4,0,55,65,34,8,27,34
444382,Eddie Bonine,DET,AL,SP,3,5,0,72,84,42,11,22,31
115216,Eddie Guardado,WAS,NL,RP,2,3,0,45,44,21,5,19,22
450172,Edinson Volquez,CIN,NL,SP,6,6,0,103,88,44,11,51,94
500674,Eduardo Sanchez,SLN,NL,RP,4,3,0,60,50,25,7,31,49
469735,Edwar Ramirez,NYA,AL,RP,2,2,0,35,33,16,4,17,38
465629,Edward Mujica,SDN,NL,RP,4,5,2,70,75,36,9,23,54
429719,Edwin Jackson,ARI,NL,SP,8,11,0,171,186,92,22,74,116
113296,Elmer Dessens,NYN,NL,RP,3,4,0,60,66,32,8,20,33
447714,Eric O'Flaherty,ATL,NL,RP,3,3,2,55,51,24,5,23,37
429722,Ervin Santana,LAA,AL,SP,8,10,0,159,171,83,22,53,123
534428,Esmailin Caridad,CHN,NL,SP,2,3,0,50,57,30,8,21,30
458220,Esmerling Vasquez,ARI,NL,RP,4,3,0,60,57,29,6,32,46
469134,Esmil Rogers,COL,NL,SP,2,3,0,41,49,26,5,19,25
457425,Evan Meek,PIT,NL,RP,2,3,2,50,52,26,6,26,36
433584,Fausto Carmona,CLE,AL,SP,9,8,0,155,162,79,16,67,89
462956,Felipe Paulino,HOU,NL,SP,4,8,0,103,115,60,14,47,78
433587,Felix Hernandez,SEA,AL,SP,13,9,0,201,186,80,20,66,168
430588,Fernando Nieve,NYN,NL,RP,2,3,0,46,55,30,7,22,34
407845,Fernando Rodney,LAA,AL,RP,3,4,2,55,53,29,7,31,48
150188,Francisco Cordero,CIN,NL,RP,4,3,36,60,53,25,6,26,57
434538,Francisco Liriano,MIN,AL,SP,8,9,0,151,156,77,18,60,120
408061,Francisco Rodriguez,NYN,NL,RP,4,3,35,60,50,25,6,31,61
407911,Frank Francisco,TEX,AL,RP,4,3,36,60,50,24,7,27,59
462985,Franklin Morales,COL,NL,SP,3,4,2,65,64,35,7,40,46
451767,Freddy Dolsi,CHA,AL,RP,2,3,0,40,41,22,5,20,22
150119,Freddy Garcia,CHA,AL,SP,3,3,0,57,64,31,8,20,40
547820,Fu-Te Ni,DET,AL,RP,3,2,0,45,44,21,6,17,30
452241,Garrett Mock,WAS,NL,SP,5,6,0,93,93,46,11,39,70
457796,Garrett Olson,SEA,AL,SP,5,6,0,98,100,52,12,47,68
425856,Gavin Floyd,CHA,AL,SP,10,10,0,186,180,86,24,65,134
430941,George Sherrill,LAN,NL,RP,4,2,2,60,48,21,5,26,54
219194,Gil Meche,KCA,AL,SP,9,9,0,161,172,80,17,60,113
461829,Gio Gonzalez,OAK,AL,SP,5,7,0,113,111,61,16,60,99
450282,Glen Perkins,MIN,AL,SP,4,6,0,91,112,57,14,36,45
346797,Grant Balfour,TBA,AL,RP,4,3,2,55,49,25,5,29,56
425628,Greg Aquino,CHA,AL,RP,2,2,0,40,38,21,6,23,33
457566,Greg Burke,SDN,NL,RP,3,3,0,55,57,28,7,22,38
446861,Guillermo Moscoso,TEX,AL,SP,3,2,0,49,49,24,6,18,38
435140,Hayden Penn,FLO,NL,SP,2,4,0,50,61,34,9,24,36
425514,Heath Bell,SDN,NL,RP,5,3,34,65,56,25,7,27,60
459932,Hector Ambriz,CLE,AL,SP,3,3,0,55,59,30,7,20,39
469159,Henry Rodriguez,OAK,AL,RP,2,3,0,45,42,25,5,33,44
464400,Henry Sosa,SFN,NL,SP,3,4,0,60,69,36,9,32,45
506606,Hideki Okajima,BOS,AL,RP,4,2,2,55,50,22,6,19,46
493133,Hiroki Kuroda,LAN,NL,SP,7,7,0,126,129,61,16,37,72
456701,Homer Bailey,CIN,NL,SP,8,11,0,171,176,92,23,80,123
425539,Hong-Chih Kuo,LAN,NL,RP,4,3,0,60,54,23,5,21,56
434718,Huston Street,COL,NL,RP,4,3,35,60,52,23,6,20,58
453178,Ian Kennedy,ARI,NL,SP,7,4,0,103,91,42,10,46,94
430636,Ian Snell,SEA,AL,SP,9,10,0,174,173,86,20,78,123
457918,J.A. Happ,PHI,NL,SP,8,8,0,143,143,71,19,62,106
240694,J.C. Romero,PHI,NL,RP,3,2,2,42,38,19,4,28,31
455605,J.D. Martin,WAS,NL,SP,7,7,0,118,120,55,16,37,63
407816,J.J. Putz,CHA,AL,RP,4,2,0,50,42,19,5,22,42
434442,J.P. Howell,TBA,AL,RP,4,3,2,55,49,24,6,22,52
457453,Jair Jurrjens,ATL,NL,SP,12,10,0,190,180,79,18,67,125
408241,Jake Peavy,CHA,AL,SP,9,8,0,152,142,66,20,56,128
150414,Jake Westbrook,CLE,AL,SP,4,5,0,72,80,39,9,29,43
457428,James McDonald,LAN,NL,RP,6,6,0,108,108,52,15,45,94
448306,James Shields,TBA,AL,SP,14,8,0,198,191,81,24,44,152
119469,Jamie Moyer,PHI,NL,SP,6,8,0,122,141,71,17,44,69
454537,Jared Burton,CIN,NL,RP,3,3,0,55,49,23,5,25,45
456589,Jason Bergmann,WAS,NL,RP,4,5,2,74,71,35,9,30,49
460072,Jason Berken,BAL,AL,SP,3,4,0,58,70,38,9,23,34
408072,Jason Bulger,LAA,AL,RP,4,3,2,60,56,27,7,28,67
430630,Jason Frasor,TOR,AL,RP,3,3,25,55,49,25,5,26,49
434628,Jason Hammel,COL,NL,SP,8,8,0,144,160,77,17,55,97
150302,Jason Marquis,WAS,NL,SP,10,10,0,181,175,82,18,70,90
435400,Jason Motte,SLN,NL,RP,3,4,0,55,55,27,7,25,54
450306,Jason Vargas,SEA,AL,SP,4,8,0,110,127,65,16,42,70
425657,Javier Lopez,PIT,NL,RP,2,4,2,45,47,23,5,24,26
134320,Javier Vazquez,NYA,AL,SP,13,9,0,195,183,82,25,52,171
433585,Jeff Francis,COL,NL,SP,7,7,0,125,138,65,15,45,87
445246,Jeff Fulchino,HOU,NL,RP,3,4,0,63,66,35,8,29,44
462522,Jeff Gray,CHN,NL,RP,3,3,0,55,64,31,8,21,32
444371,Jeff Karstens,PIT,NL,SP,2,3,0,52,57,29,7,20,28
453249,Jeff Manship,MIN,AL,SP,3,4,0,65,74,37,9,25,38
435298,Jeff Niemann,TBA,AL,SP,8,8,0,147,151,73,19,56,107
502188,Jeff Samardzija,CHN,NL,RP,4,7,0,96,111,59,13,46,57
450298,Jeff Sues,PIT,NL,RP,2,3,0,50,54,30,8,27,37
122987,Jeff Suppan,MIL,NL,SP,5,9,0,129,159,82,19,50,59
460029,Jensen Lewis,CLE,AL,RP,4,2,0,62,59,27,7,25,54
450308,Jered Weaver,LAA,AL,SP,10,10,0,177,181,83,22,55,124
435618,Jeremy Accardo,TOR,AL,RP,3,4,0,60,59,27,6,24,43
346793,Jeremy Affeldt,SFN,NL,RP,3,3,2,55,49,22,5,24,45
425827,Jeremy Bonderman,DET,AL,SP,4,5,0,82,91,46,12,32,57
425386,Jeremy Guthrie,BAL,AL,SP,11,9,0,179,185,86,24,56,103
476451,Jeremy Hellickson,TBA,AL,SP,2,1,0,31,31,15,5,11,26
460265,Jeremy Sowers,CLE,AL,SP,8,9,0,143,160,79,17,53,65
460283,Jerry Blevins,OAK,AL,RP,3,3,0,50,50,24,7,17,41
519357,Jess Todd,CLE,AL,RP,4,2,0,60,57,26,7,22,49
434482,Jesse Carlson,TOR,AL,RP,3,4,2,60,60,30,9,21,48
430884,Jesse Crain,MIN,AL,RP,3,3,0,55,60,30,6,24,41
471919,Jhonny Nunez,CHA,AL,RP,2,4,0,59,62,33,9,28,48
468504,Jhoulys Chacin,COL,NL,SP,2,2,0,35,37,18,5,16,22
462382,Jim Johnson,BAL,AL,RP,3,3,4,60,66,33,8,24,37
465657,Joakim Soria,KCA,AL,RP,5,2,33,65,50,19,5,20,65
501955,Joba Chamberlain,NYA,AL,SP,9,7,0,144,140,67,18,61,142
346847,Joe Beimel,,NL,RP,3,3,0,50,55,25,5,19,28
430599,Joe Blanton,PHI,NL,SP,12,9,0,186,192,86,21,54,116
458155,Joe Martinez,SFN,NL,SP,2,4,0,60,70,35,9,22,36
150274,Joe Nathan,MIN,AL,RP,5,2,37,60,47,18,5,20,64
434578,Joe Saunders,LAA,AL,SP,9,10,0,170,188,89,22,56,96
491159,Joe Thatcher,SDN,NL,RP,3,3,0,55,53,24,7,20,50
430629,Joel Hanrahan,PIT,NL,RP,3,4,2,60,63,33,8,30,51
334492,Joel Pineiro,LAA,AL,SP,9,10,0,164,189,87,22,40,78
451491,Joel Zumaya,DET,AL,RP,3,3,4,50,45,25,6,30,39
457733,Joey Devine,OAK,AL,RP,4,2,2,50,38,16,4,20,47
276371,Johan Santana,NYN,NL,SP,11,9,0,179,176,79,23,54,150
446099,John Axford,MIL,NL,RP,2,3,0,43,44,27,6,32,40
433579,John Danks,CHA,AL,SP,10,9,0,179,176,82,22,63,135
346848,John Grabow,CHN,NL,RP,3,4,6,55,54,26,6,27,39
407793,John Lackey,BOS,AL,SP,14,8,0,198,194,82,22,52,144
458709,John Lannan,WAS,NL,SP,11,10,0,185,180,81,20,69,85
429720,John Maine,NYN,NL,SP,6,7,0,112,112,58,15,52,85
456501,Johnny Cueto,CIN,NL,SP,10,10,0,176,173,82,24,61,146
457456,Jo-Jo Reyes,ATL,NL,SP,6,8,0,120,128,66,15,60,81
279782,Jon Garland,SDN,NL,SP,11,10,0,186,193,87,20,61,88
452657,Jon Lester,BOS,AL,SP,11,8,0,177,173,75,18,62,140
459974,Jon Meloan,OAK,AL,RP,3,3,0,55,51,27,7,29,45
477003,Jon Niese,NYN,NL,SP,6,8,0,119,127,64,15,48,87
400010,Jon Rauch,MIN,AL,RP,5,3,0,65,63,27,6,19,50
452293,Jonathan Albaladejo,NYA,AL,RP,3,2,0,45,44,21,6,17,31
455009,Jonathan Broxton,LAN,NL,RP,4,3,38,60,49,21,5,21,70
449097,Jonathan Papelbon,BOS,AL,RP,4,2,42,55,41,16,4,17,58
456043,Jonathan Sanchez,SFN,NL,SP,7,9,0,144,139,69,16,64,136
435658,Jorge Campillo,KCA,AL,SP,3,4,0,60,70,33,8,21,35
407822,Jorge De La Rosa,COL,NL,SP,8,9,0,152,163,83,18,69,124
461766,Jose Arredondo,CIN,NL,RP,3,3,0,55,50,25,6,25,46
425747,Jose Contreras,PHI,NL,SP,2,2,0,40,44,22,5,16,24
467726,Jose Mijares,MIN,AL,RP,4,3,2,60,57,28,7,31,46
471178,Jose Ortegano,ATL,NL,SP,1,1,0,22,23,12,3,9,13
407878,Jose Valverde,DET,AL,RP,4,3,35,60,49,22,6,24,60
, Veras,CLE,AL,RP,4,2,0,60,53,26,6,29,53
277417,Josh Beckett,BOS,AL,SP,13,9,0,194,187,80,20,49,170
435178,Josh Johnson,FLO,NL,SP,10,9,0,167,172,77,18,56,135
448337,Josh Kinney,SLN,NL,RP,3,4,0,55,63,33,8,29,45
458676,Josh Lindblom,LAN,NL,RP,7,5,0,108,99,46,13,37,76
502158,Josh Roenicke,TOR,AL,RP,3,3,0,60,61,29,6,27,56
407297,Juan Cruz,KCA,AL,RP,3,3,4,55,53,27,7,28,54
434641,Juan Gutierrez,ARI,NL,RP,3,3,0,65,68,34,7,28,46
466838,Juan Salas,CLE,AL,RP,3,3,0,50,50,24,6,22,41
547749,Junichi Tazawa,BOS,AL,SP,3,3,0,50,55,27,7,18,32
407113,Justin Duchscherer,OAK,AL,SP,5,3,0,72,63,28,8,24,48
430680,Justin Lehr,CIN,NL,SP,2,3,0,46,48,24,6,17,20
475416,Justin Masterson,CLE,AL,SP,9,7,0,144,139,66,14,59,106
277405,Justin Miller,LAN,NL,RP,3,3,0,58,56,26,6,25,52
434378,Justin Verlander,DET,AL,SP,12,9,0,192,180,82,18,68,164
501874,Kam Mickolio,BAL,AL,RP,4,3,2,60,57,29,7,29,50
444427,Kanekoa Texeira,SEA,AL,RP,2,3,0,40,42,21,6,20,26
113898,Kelvim Escobar,NYN,NL,SP,3,3,0,55,50,22,5,20,43
499877,Kenshin Kawakami,ATL,NL,SP,7,7,0,124,129,60,15,42,86
134268,Kerry Wood,CLE,AL,RP,3,3,33,50,46,22,5,22,48
429781,Kevin Correia,SDN,NL,SP,8,8,0,149,151,71,18,56,94
453954,Kevin Hart,PIT,NL,RP,5,8,0,113,123,63,15,49,78
448178,Kevin Jepsen,LAA,AL,RP,3,4,0,60,66,36,8,34,45
119154,Kevin Millwood,BAL,AL,SP,8,11,0,169,198,97,23,60,102
453381,Kevin Mulvey,ARI,NL,SP,6,6,0,111,115,57,13,43,70
501879,Kevin Pucetas,SFN,NL,SP,3,5,0,74,83,40,10,25,41
458713,Kevin Slowey,MIN,AL,SP,7,6,0,119,129,57,16,29,82
493157,Koji Uehara,BAL,AL,RP,4,3,4,75,82,39,10,19,52
450665,Kris Medlen,ATL,NL,RP,6,6,0,112,106,48,13,45,101
434678,Kyle Davies,KCA,AL,SP,7,10,0,149,169,87,18,71,94
150035,Kyle Farnsworth,KCA,AL,RP,2,4,0,55,61,31,8,23,49
452718,Kyle Kendrick,PHI,NL,SP,2,3,0,47,51,25,6,16,20
346798,Kyle Lohse,SLN,NL,SP,7,7,0,126,126,59,15,41,70
449072,Kyle McClellan,SLN,NL,RP,3,3,4,55,51,23,5,22,38
433578,Lance Cormier,TBA,AL,RP,3,4,0,55,62,30,7,22,30
115629,LaTroy Hawkins,MIL,NL,RP,3,3,2,50,49,21,5,17,31
434663,Leo Nunez,FLO,NL,RP,4,3,31,60,55,25,7,21,42
449820,Leo Rosales,ARI,NL,RP,3,3,0,50,51,24,6,21,31
408077,Lindsay Gulin,MIL,NL,SP,1,2,0,26,27,14,4,14,17
434137,Logan Kensing,WAS,NL,RP,3,4,0,60,57,29,7,30,45
466412,Luis Perdomo,SDN,NL,RP,3,4,0,55,54,29,7,29,45
446003,Luis Valdez,ATL,NL,RP,3,4,0,60,60,31,7,29,50
448287,Luke French,SEA,AL,SP,2,4,0,56,62,32,8,23,28
502381,Luke Gregerson,SDN,NL,RP,3,2,0,55,49,23,6,25,51
460024,Luke Hochevar,KCA,AL,SP,7,11,0,164,190,98,22,63,104
518516,Madison Bumgarner,SFN,NL,SP,6,9,0,139,145,66,19,47,92
407924,Manny Acosta,ATL,NL,RP,3,4,0,60,62,32,7,36,43
434668,Manny Delcarmen,BOS,AL,RP,4,2,0,55,50,23,5,24,44
448159,Manny Parra,MIL,NL,SP,7,10,0,156,176,91,19,71,115
466918,Manuel Corpas,COL,NL,RP,3,3,0,55,54,24,6,19,37
519240,Marc Rzepczynski,TOR,AL,SP,6,8,0,124,130,68,16,60,101
455750,Marcus McBeth,OAK,AL,RP,2,2,0,43,40,20,6,19,33
121250,Mariano Rivera,NYA,AL,RP,5,2,42,55,47,19,6,14,53
279824,Mark Buehrle,CHA,AL,SP,11,11,0,188,198,88,23,53,101
424805,Mark Hendrickson,BAL,AL,SP,4,5,0,80,93,47,11,28,48
450275,Mark Lowe,SEA,AL,RP,3,4,4,60,60,30,7,26,48
502009,Mat Latos,SDN,NL,SP,7,6,0,113,113,53,14,46,88
458006,Matt Albers,BAL,AL,RP,4,5,0,75,79,40,9,35,46
279571,Matt Belisle,COL,NL,RP,2,3,0,50,55,27,6,16,32
430912,Matt Cain,SFN,NL,SP,11,10,0,196,183,81,19,73,152
448165,Matt Capps,WAS,NL,RP,4,3,34,65,63,26,7,17,47
457935,Matt Daley,COL,NL,RP,4,3,2,60,60,29,7,24,50
490063,Matt Garza,TBA,AL,SP,11,9,0,179,176,83,21,66,140
407825,Matt Guerrier,MIN,AL,RP,4,4,2,65,65,30,10,22,44
457448,Matt Harrison,TEX,AL,SP,3,3,0,55,65,34,8,23,28
150382,Matt Herges,KCA,AL,RP,3,3,0,55,60,28,6,23,35
150219,Matt Kinney,SFN,NL,SP,1,2,0,28,32,17,5,10,20
434637,Matt Lindstrom,HOU,NL,RP,3,4,33,60,59,28,6,26,46
476011,Matt Maloney,CIN,NL,SP,2,3,0,48,48,23,7,16,39
461212,Matt Palmer,LAA,AL,SP,1,2,0,26,30,16,4,12,15
407819,Matt Thornton,CHA,AL,RP,4,3,4,60,52,23,7,22,60
453286,Max Scherzer,DET,AL,SP,11,8,0,171,150,70,17,68,160
452249,Micah Owings,CIN,NL,SP,4,5,0,75,75,38,9,34,51
476601,Michael Bowden,BOS,AL,SP,5,4,0,77,80,39,10,28,53
445197,Michael Dunn,ATL,NL,RP,3,4,0,60,65,36,8,34,51
430900,Michael Wuertz,OAK,AL,RP,3,3,2,60,51,24,6,25,57
430606,Mike Adams,SDN,NL,RP,4,3,2,60,50,22,7,22,56
455091,Mike Ekstrom,TBA,NL,RP,2,4,0,55,63,33,7,25,40
283166,Mike Gonzalez,BAL,AL,RP,4,2,29,55,52,24,7,21,54
150221,Mike Lincoln,CIN,NL,RP,2,2,0,35,37,19,5,17,22
460059,Mike Pelfrey,NYN,NL,SP,8,11,0,172,193,94,20,68,93
489448,Mike Zagurski,PHI,NL,RP,3,2,0,45,44,22,6,23,43
444444,Mitch Atkins,CHN,NL,SP,3,6,0,82,92,49,14,35,55
449777,Mitch Stetter,MIL,NL,RP,3,3,2,52,44,22,6,25,50
452676,Mitch Talbot,TBA,AL,RP,2,2,0,36,40,20,4,15,26
459939,Mitchell Boggs,SLN,NL,SP,4,6,0,89,95,49,11,44,54
425146,Nate Robertson,DET,AL,SP,4,6,0,88,96,49,12,36,57
491703,Neftali Feliz,TEX,AL,SP,4,3,2,65,62,32,8,34,56
150153,Nelson Figueroa,NYN,NL,SP,4,4,0,75,80,38,10,27,51
448147,Nick Blackburn,MIN,AL,SP,11,10,0,186,207,91,22,42,87
434665,Nick Masset,CIN,NL,RP,2,3,0,50,52,24,5,20,36
136734,Octavio Dotel,PIT,NL,RP,3,3,27,60,52,25,7,27,67
424144,Oliver Perez,NYN,NL,SP,5,6,0,94,96,53,13,53,84
502208,P.J. Walters,SLN,NL,SP,4,4,0,76,74,37,10,32,60
435619,Pat Misch,SFN,NL,RP,5,6,0,97,107,53,13,37,61
450212,Pat Neshek,MIN,AL,RP,4,1,0,50,36,16,4,20,49
430904,Paul Maholm,PIT,NL,SP,9,11,0,175,184,86,20,59,98
408230,Pedro Feliciano,NYN,NL,RP,3,3,2,52,52,25,6,22,44
467008,Pedro Strop,TEX,AL,RP,2,2,0,40,43,25,6,24,34
501638,Pedro Viola,CIN,NL,RP,2,3,0,40,42,22,5,22,34
493247,Peter Moylan,ATL,NL,RP,4,2,2,55,47,21,5,25,39
457435,Phil Coke,DET,AL,RP,4,4,0,65,68,35,9,28,47
461833,Phil Hughes,NYA,AL,SP,4,3,2,59,54,26,7,22,53
444524,Polin Trinidad,HOU,NL,SP,2,2,0,32,36,17,5,10,18
285079,R.A. Dickey,NYN,NL,RP,2,3,0,47,55,29,7,21,24
429783,Rafael Betancourt,COL,NL,RP,4,3,2,60,56,25,6,22,53
444126,Rafael Rodriguez,LAA,AL,RP,2,3,0,50,64,33,8,21,25
400089,Rafael Soriano,TBA,AL,RP,4,2,37,55,41,18,5,19,54
430673,Ramon Ramirez,BOS,AL,RP,3,3,2,55,48,23,5,25,46
470462,Ramon Troncoso,LAN,NL,RP,3,3,2,65,66,31,7,25,42
329092,Randy Choate,TBA,AL,RP,4,2,2,55,57,28,6,24,38
420864,Randy Flores,COL,NL,RP,2,3,0,40,50,26,5,17,30
448694,Randy Wells,CHN,NL,SP,8,9,0,152,164,79,18,57,102
430942,Randy Williams,CHA,AL,RP,2,3,0,50,51,28,8,24,42
150116,Randy Wolf,MIL,NL,SP,8,10,0,161,174,83,23,56,121
430594,Renyel Pinto,FLO,NL,RP,4,3,2,60,55,29,6,38,51
425848,Rich Harden,TEX,AL,SP,9,6,0,135,119,57,15,59,139
448179,Rich Hill,SLN,NL,SP,4,4,0,72,65,34,7,39,65
460366,Rich Thompson,LAA,AL,RP,3,4,0,60,62,30,9,23,53
519144,Rick Porcello,DET,AL,SP,8,9,0,149,157,76,20,54,72
462995,Rick VandenHurk,FLO,NL,RP,6,7,0,126,125,66,17,60,107
445060,Ricky Nolasco,FLO,NL,SP,10,10,0,172,172,81,21,48,141
434565,Robinson Tejeda,KCA,AL,RP,3,3,0,46,45,24,5,26,43
430638,Roman Colon,KCA,AL,RP,1,3,0,44,56,30,7,19,24
123725,Ron Villone,WAS,NL,RP,2,3,0,50,52,28,7,29,34
430613,Ronald Belisario,LAN,NL,RP,3,4,0,60,63,30,8,26,38
446321,Ross Detwiler,WAS,NL,SP,1,3,0,36,42,22,5,18,22
456027,Ross Ohlendorf,PIT,NL,SP,6,10,0,138,160,79,20,49,88
136880,Roy Halladay,PHI,NL,SP,14,9,0,204,199,81,21,43,149
400061,Roy Oswalt,HOU,NL,SP,11,11,0,189,190,83,22,51,130
461334,Ryan Braun,CHA,AL,RP,2,3,0,40,41,22,5,20,30
133225,Ryan Dempster,CHN,NL,SP,8,9,0,155,152,71,17,59,121
211041,Ryan Franklin,SLN,NL,RP,4,3,36,55,53,22,6,20,30
425492,Ryan Madson,PHI,NL,RP,4,4,6,60,57,26,6,23,49
543634,Ryan Perry,DET,AL,RP,3,4,0,60,59,31,7,32,50
434884,Ryan Rowland-Smith,SEA,AL,SP,8,7,0,134,125,58,16,50,81
457761,Ryan Tucker,FLO,NL,SP,3,4,0,60,66,36,9,33,38
465679,Samuel Deduno,COL,NL,SP,2,2,0,38,38,22,5,22,30
463645,Samuel Gervacio,HOU,NL,RP,3,3,0,60,58,30,8,28,58
276912,Scot Shields,LAA,AL,RP,4,2,0,60,55,28,7,29,53
435044,Scott Baker,MIN,AL,SP,11,8,0,179,182,79,21,44,134
275933,Scott Downs,TOR,AL,RP,3,2,9,55,53,24,6,22,45
455092,Scott Elbert,LAN,NL,RP,4,6,0,82,81,42,10,39,80
444857,Scott Feldman,TEX,AL,SP,9,9,0,159,167,84,20,69,81
431148,Scott Kazmir,LAA,AL,SP,10,10,0,170,171,83,22,69,152
276530,Scott Linebrink,CHA,AL,RP,2,4,0,50,57,29,9,20,40
435179,Scott Olsen,WAS,NL,SP,5,6,0,104,106,52,12,41,64
446341,Scott Richmond,TOR,AL,SP,6,8,0,127,136,69,20,48,93
430634,Sean Burnett,WAS,NL,RP,3,4,0,60,58,31,8,33,33
451595,Sean Gallagher,SDN,NL,SP,2,2,0,31,30,15,3,15,24
434958,Sean Green,NYN,NL,RP,4,4,2,65,64,32,6,32,45
445156,Sean Marshall,CHN,NL,RP,3,4,0,60,62,29,7,24,40
457711,Sean O'Sullivan,LAA,AL,SP,5,7,0,108,119,63,16,42,60
476811,Sean West,FLO,NL,SP,2,4,0,52,60,35,8,32,38
457461,Sean White,SEA,AL,RP,2,5,2,60,74,38,9,25,23
465065,Sergio Escalona,PHI,NL,RP,2,3,0,45,54,30,7,23,35
429901,Sergio Mitre,NYA,AL,SP,1,2,0,30,35,18,4,10,15
489265,Sergio Romo,SFN,NL,RP,4,3,2,60,49,21,6,20,58
463017,Shairon Martis,WAS,NL,SP,2,3,0,39,43,23,5,17,20
451788,Shaun Marcum,TOR,AL,SP,4,5,0,77,77,37,10,30,62
425861,Shawn Camp,TOR,AL,RP,3,4,0,60,64,31,7,23,45
518875,Shawn Kelley,SEA,AL,RP,3,3,0,55,55,25,7,19,43
544931,Stephen Strasburg,WAS,NL,SP,5,6,0,99,99,46,15,43,112
489002,Steve Johnson,SFN,NL,SP,1,2,0,25,29,16,4,14,17
452259,Steven Jackson,PIT,NL,RP,3,4,0,60,69,36,8,27,41
493416,Takashi Saito,ATL,NL,RP,4,2,9,50,42,18,5,21,50
430587,Taylor Buchholz,COL,NL,RP,4,3,0,55,54,24,5,17,37
150404,Ted Lilly,CHN,NL,SP,11,10,0,179,172,77,21,52,141
518396,Tim Alderson,PIT,NL,SP,2,2,0,36,40,20,5,13,19
136263,Tim Byrdak,HOU,NL,RP,2,4,0,55,54,29,8,30,51
218596,Tim Hudson,ATL,NL,SP,6,5,0,98,101,45,10,33,59
453311,Tim Lincecum,SFN,NL,SP,13,8,0,198,167,71,16,71,213
400062,Tim Redding,COL,NL,SP,2,2,0,36,44,23,5,16,20
431162,Tim Stauffer,SDN,NL,SP,2,3,0,42,43,21,5,17,25
123801,Tim Wakefield,BOS,AL,SP,6,6,0,98,105,53,13,39,55
445971,Tim Wood,FLO,NL,RP,2,3,0,51,55,28,6,24,32
502621,Tobi Stoner,NYN,NL,SP,2,3,0,50,54,28,7,21,30
434298,Todd Coffey,MIL,NL,RP,3,3,0,60,65,31,8,22,48
425487,Todd Wellemeyer,SFN,NL,RP,5,8,0,113,123,62,15,49,67
452733,Tom Gorzelanny,CHN,NL,SP,6,9,0,128,134,66,15,56,84
462102,Tommy Hanson,ATL,NL,SP,10,8,0,166,147,69,19,75,158
488984,Tommy Hunter,TEX,AL,SP,8,9,0,153,175,85,22,50,83
448609,Tony Sipp,CLE,AL,RP,3,3,2,50,47,24,6,26,52
119125,Trever Miller,SLN,NL,RP,2,4,2,50,45,22,6,23,46
502239,Trevor Cahill,OAK,AL,SP,9,8,0,156,146,71,19,70,98
116034,Trevor Hoffman,MIL,NL,RP,3,3,35,50,46,21,6,16,36
458670,Trevor Hurley,TEX,AL,RP,1,2,0,26,28,15,4,11,19
461325,Tyler Clippard,WAS,NL,RP,4,3,2,70,63,33,9,35,58
434622,Ubaldo Jimenez,COL,NL,SP,11,9,0,177,164,80,16,83,142
218894,Vicente Padilla,LAN,NL,SP,7,8,0,133,142,70,17,53,87
469690,Victor Marte,KCA,AL,RP,2,3,0,50,56,30,6,26,31
476570,Vin Mazzaro,OAK,AL,SP,6,8,0,127,134,68,17,56,74
451584,Wade Davis,TBA,AL,SP,10,7,0,163,157,76,20,70,121
453281,Wade Leblanc,SDN,NL,SP,3,3,0,46,47,23,7,18,33
471183,Waldis Joaquin,SFN,NL,RP,2,3,0,50,48,26,6,27,35
434643,Wandy Rodriguez,HOU,NL,SP,10,10,0,175,175,82,21,61,133
449079,Wesley Wright,HOU,NL,RP,3,4,0,60,62,33,8,33,52
275700,Winston Abreu,TBA,AL,RP,4,2,0,50,45,21,6,21,52
434590,Yorman Bazardo,HOU,NL,SP,4,7,0,96,110,58,14,43,48
451596,Yovani Gallardo,MIL,NL,SP,10,10,0,173,166,80,20,74,166
433589,Yusmeiro Petit,SEA,AL,SP,6,4,0,98,87,42,12,34,68
435043,Zach Duke,PIT,NL,SP,8,12,0,176,205,95,23,48,68
476127,Zach Kroenke,ARI,NL,RP,2,4,0,50,54,30,7,30,33
502083,Zach McAllister,NYA,AL,SP,2,2,0,31,35,18,5,12,18
435261,Zach Miner,DET,AL,RP,4,3,0,65,65,32,7,28,40
425844,Zack Greinke,KCA,AL,SP,13,9,0,196,196,81,19,55,181
453216,Zechry Zinicola,TOR,AL,RP,1,3,0,40,44,25,5,22,26
