mlbamID,playerName,IP,W,L,H,R,ER,HR,BB,K,HBP,S,team,league,defaultPos,G_SP,G_RP
136880,Roy Halladay,223,17,8,209,84,78,19,38,194,6,0,PHI,NL,SP,32,0
282332,CC Sabathia,222,17,8,204,91,84,20,54,192,8,0,NYA,AL,SP,34,0
453311,Tim Lincecum,218,15,8,177,75,69,13,75,249,6,0,SFN,NL,SP,32,0
433587,Felix Hernandez,217,14,9,191,84,77,17,71,197,7,0,SEA,AL,SP,34,0
448306,James Shields,216,13,10,218,103,95,27,46,164,6,0,TBA,AL,SP,33,0
424324,Cliff Lee,212,14,10,209,89,81,18,47,160,6,0,SEA,AL,SP,34,0
407296,Carlos Zambrano,211,13,10,201,101,94,18,90,174,10,0,CHN,NL,SP,28,0
425844,Zack Greinke,211,14,9,199,82,74,17,53,208,4,0,KCA,AL,SP,33,0
430912,Matt Cain,208,12,10,192,92,86,20,77,171,5,0,SFN,NL,SP,33,0
450308,Jered Weaver,207,13,10,206,103,96,25,63,167,5,0,LAA,AL,SP,33,0
434378,Justin Verlander,206,14,9,189,93,85,19,67,203,10,0,DET,AL,SP,35,0
425794,Adam Wainwright,205,14,9,192,82,75,16,59,174,4,0,SLN,NL,SP,34,0
150116,Randy Wolf,204,12,10,192,98,93,24,70,161,9,0,MIL,NL,SP,34,0
279782,Jon Garland,204,11,12,214,100,91,21,60,112,6,0,SDN,NL,SP,33,0
429717,Dan Haren,204,14,8,190,83,77,22,40,194,4,0,ARI,NL,SP,33,0
457453,Jair Jurrjens,203,14,10,191,88,81,16,72,151,4,0,ATL,NL,SP,34,0
279824,Mark Buehrle,203,12,11,222,103,95,25,50,110,5,0,CHA,AL,SP,33,0
134320,Javier Vazquez,203,15,8,188,88,81,22,49,192,5,0,NYA,AL,SP,32,0
277417,Josh Beckett,202,14,9,197,95,87,22,48,188,7,0,BOS,AL,SP,32,0
400061,Roy Oswalt,201,11,11,206,95,87,20,50,153,8,0,HOU,NL,SP,30,0
435044,Scott Baker,199,13,10,199,99,92,25,47,155,5,0,MIN,AL,SP,33,0
452657,Jon Lester,199,13,8,192,90,83,18,66,179,5,0,BOS,AL,SP,32,0
346798,Kyle Lohse,197,11,11,208,105,96,23,60,123,6,0,SLN,NL,SP,22,1
456027,Ross Ohlendorf,197,9,13,213,112,104,29,65,133,7,0,PIT,NL,SP,29,0
408241,Jake Peavy,195,12,10,175,92,85,21,68,183,5,0,CHA,AL,SP,16,0
150302,Jason Marquis,194,10,12,207,103,95,17,74,102,7,0,WAS,NL,SP,33,0
435178,Josh Johnson,194,13,8,187,82,75,14,58,172,5,0,FLO,NL,SP,33,0
430904,Paul Maholm,193,9,11,212,100,90,18,57,124,7,0,PIT,NL,SP,31,0
218596,Tim Hudson,193,13,9,200,88,82,14,55,118,5,0,ATL,NL,SP,7,0
430935,Cole Hamels,193,13,9,187,89,81,24,45,169,4,0,PHI,NL,SP,32,0
490063,Matt Garza,193,12,10,184,94,87,22,72,162,9,0,TBA,AL,SP,32,0
334492,Joel Pineiro,192,12,11,222,104,95,19,38,92,6,0,LAA,AL,SP,32,0
276371,Johan Santana,192,13,9,171,80,74,23,52,181,4,0,NYN,NL,SP,25,0
445060,Ricky Nolasco,192,11,10,192,96,87,24,46,180,4,0,FLO,NL,SP,31,0
519144,Rick Porcello,192,11,13,213,112,105,26,67,98,4,0,DET,AL,SP,31,0
502239,Trevor Cahill,191,10,13,195,110,103,25,86,109,5,0,OAK,AL,SP,32,0
407793,John Lackey,190,12,9,193,92,84,20,52,147,10,0,BOS,AL,SP,27,0
119154,Kevin Millwood,190,10,12,217,109,100,23,65,122,9,0,BAL,AL,SP,31,0
453286,Max Scherzer,190,10,10,186,97,86,20,77,181,10,0,DET,AL,SP,30,0
430599,Joe Blanton,188,11,9,193,95,88,23,52,139,6,0,PHI,NL,SP,31,0
421685,Aaron Harang,188,10,11,195,96,87,27,49,160,4,0,CIN,NL,SP,26,0
133225,Ryan Dempster,187,11,9,183,88,81,18,66,161,6,0,CHN,NL,SP,31,0
451788,Shaun Marcum,187,11,10,181,96,90,26,60,148,6,0,TOR,AL,SP,0,0
493133,Hiroki Kuroda,187,12,9,184,87,80,18,45,128,4,0,LAN,NL,SP,20,1
444857,Scott Feldman,187,11,10,192,100,94,21,69,104,10,0,TEX,AL,SP,31,3
499877,Kenshin Kawakami,187,11,10,184,94,86,21,62,136,7,0,ATL,NL,SP,25,7
429719,Edwin Jackson,186,11,10,186,96,90,23,73,144,4,0,ARI,NL,SP,33,0
451532,Chad Billingsley,186,13,9,165,81,75,16,77,176,6,0,LAN,NL,SP,32,1
502009,Mat Latos,185,10,12,165,91,84,21,74,144,4,0,SDN,NL,SP,10,0
434643,Wandy Rodriguez,184,11,11,180,86,78,20,60,167,5,0,HOU,NL,SP,33,0
429722,Ervin Santana,184,10,10,194,101,93,26,54,155,10,0,LAA,AL,SP,23,1
460069,Ricky Romero,184,9,12,196,105,97,22,86,142,10,0,TOR,AL,SP,29,0
112020,Chris Carpenter,184,13,7,166,68,63,11,44,134,8,0,SLN,NL,SP,28,0
425856,Gavin Floyd,183,10,11,183,99,92,25,62,137,5,0,CHA,AL,SP,30,0
407822,Jorge De La Rosa,183,11,12,189,102,92,21,78,170,8,0,COL,NL,SP,32,1
434622,Ubaldo Jimenez,182,12,10,175,89,81,14,81,156,8,0,COL,NL,SP,33,0
117955,Derek Lowe,182,11,10,193,89,82,15,54,116,3,0,ATL,NL,SP,34,0
458713,Kevin Slowey,182,11,11,197,96,87,27,33,136,6,0,MIN,AL,SP,16,0
460024,Luke Hochevar,182,7,14,214,119,109,24,61,119,7,0,KCA,AL,SP,25,0
346871,Aaron Cook,182,10,9,214,98,89,17,51,85,4,0,COL,NL,SP,27,0
477132,Clayton Kershaw,182,12,7,147,74,69,13,94,184,2,0,LAN,NL,SP,30,1
434578,Joe Saunders,182,11,10,197,100,93,24,57,103,5,0,LAA,AL,SP,31,0
451596,Yovani Gallardo,181,13,9,153,79,73,18,83,192,4,0,MIL,NL,SP,30,0
425630,Brandon Webb,181,12,9,180,81,74,12,56,142,8,0,ARI,NL,SP,1,0
425386,Jeremy Guthrie,180,9,11,196,103,96,27,56,107,7,0,BAL,AL,SP,33,0
433579,John Danks,180,10,10,178,91,85,22,64,137,4,0,CHA,AL,SP,32,0
276520,Bronson Arroyo,180,10,11,185,95,88,25,57,120,7,0,CIN,NL,SP,33,0
120485,Andy Pettitte,179,11,9,189,94,86,18,63,128,4,0,NYA,AL,SP,32,0
448147,Nick Blackburn,178,10,10,207,97,88,22,38,85,4,0,MIN,AL,SP,33,0
217096,Barry Zito,178,9,12,179,98,91,20,83,131,6,0,SFN,NL,SP,33,0
150359,A.J. Burnett,177,12,8,168,91,84,20,76,168,9,0,NYA,AL,SP,33,0
425827,Jeremy Bonderman,177,9,11,199,108,99,25,65,120,6,0,DET,AL,SP,1,7
453385,Clayton Richard,177,9,11,184,97,89,18,67,114,4,0,SDN,NL,SP,26,12
474463,Brett Anderson,177,10,10,178,89,81,21,50,145,4,0,OAK,AL,SP,30,0
434884,Ryan Rowland-Smith,176,10,9,173,88,81,20,60,108,6,0,SEA,AL,SP,15,0
429781,Kevin Correia,175,10,10,170,83,78,18,59,126,4,0,SDN,NL,SP,33,0
458709,John Lannan,175,9,11,181,93,87,20,65,90,6,0,WAS,NL,SP,33,0
456501,Johnny Cueto,175,9,12,173,95,87,25,62,146,12,0,CIN,NL,SP,30,0
460059,Mike Pelfrey,175,9,11,192,98,89,16,63,103,9,0,NYN,NL,SP,31,0
491703,Neftali Feliz,174,11,10,163,88,81,15,84,148,6,0,TEX,AL,SP,0,20
450203,Charlie Morton,173,10,10,175,89,81,15,72,122,5,0,PIT,NL,SP,18,0
207267,Brad Penny,172,10,10,181,90,83,18,59,110,5,0,SLN,NL,SP,30,0
150414,Jake Westbrook,172,8,9,186,91,85,19,61,102,6,0,CLE,AL,SP,0,0
435043,Zach Duke,172,8,11,204,96,87,19,41,84,4,0,PIT,NL,SP,32,0
456701,Homer Bailey,171,7,12,179,99,91,21,75,131,5,0,CIN,NL,SP,20,0
408206,Brett Myers,171,8,12,178,97,89,29,58,147,6,0,HOU,NL,SP,10,8
150119,Freddy Garcia,170,8,11,187,100,92,24,55,114,4,0,CHA,AL,SP,9,0
122987,Jeff Suppan,169,7,12,199,109,99,24,69,87,8,0,MIL,NL,SP,30,0
431148,Scott Kazmir,169,10,9,161,87,80,20,67,155,6,0,LAA,AL,SP,26,0
435298,Jeff Niemann,168,10,10,176,94,87,21,64,116,7,0,TBA,AL,SP,30,1
434438,Billy Buckner,168,9,11,188,102,93,21,69,121,4,0,ARI,NL,SP,13,3
502032,Bud Norris,168,9,11,170,94,86,20,83,153,5,0,HOU,NL,SP,10,1
448269,Brad Bergesen,168,8,11,197,101,91,21,49,83,5,0,BAL,AL,SP,19,0
457918,J.A. Happ,168,10,8,163,88,82,25,67,133,4,0,PHI,NL,SP,23,12
451482,Armando Galarraga,167,8,11,175,103,97,27,72,112,6,0,DET,AL,SP,25,4
493137,Daisuke Matsuzaka,167,11,9,170,92,84,20,77,148,7,0,BOS,AL,SP,12,0
150277,Doug Davis,167,9,10,172,89,81,18,82,125,4,0,MIL,NL,SP,34,0
435179,Scott Olsen,166,7,12,186,105,96,27,64,106,2,0,WAS,NL,SP,11,0
433584,Fausto Carmona,166,9,11,183,101,93,19,73,101,9,0,CLE,AL,SP,24,0
219194,Gil Meche,166,8,11,177,92,83,18,64,126,2,0,KCA,AL,SP,23,0
456034,David Price,165,9,10,163,93,86,22,74,129,6,0,TBA,AL,SP,23,0
218894,Vicente Padilla,165,9,10,171,90,83,20,64,121,10,0,LAN,NL,SP,25,1
446454,Brian Bannister,164,8,12,185,99,91,21,51,95,5,0,KCA,AL,SP,26,0
477003,Jonathon Niese,164,9,10,171,90,81,16,63,121,2,0,NYN,NL,SP,5,0
448694,Randy Wells,163,10,10,172,85,79,19,52,110,5,0,CHN,NL,SP,27,0
448159,Manny Parra,163,8,11,179,100,90,18,81,135,2,0,MIL,NL,SP,27,0
453329,Clay Buchholz,163,10,8,168,88,80,18,64,126,3,0,BOS,AL,SP,16,0
462102,Tommy Hanson,163,11,8,141,76,70,20,71,168,5,0,ATL,NL,SP,21,0
451085,Brian Matusz,163,8,11,179,95,85,19,63,124,2,0,BAL,AL,SP,8,0
475416,Justin Masterson,162,9,9,163,86,79,15,72,127,9,0,CLE,AL,SP,16,26
434628,Jason Hammel,162,8,9,186,94,83,18,50,115,7,0,COL,NL,SP,30,4
501957,Chris Tillman,162,8,11,183,100,92,26,62,113,5,0,BAL,AL,SP,12,0
433585,Jeff Francis,161,8,9,183,90,81,19,50,112,5,0,COL,NL,SP,0,0
134321,Carl Pavano,161,9,10,183,94,86,23,36,110,7,0,MIN,AL,SP,33,0
452733,Tom Gorzelanny,160,9,10,161,87,81,18,67,129,5,0,CHN,NL,SP,7,15
502706,Derek Holland,160,9,9,179,101,91,24,62,118,4,0,TEX,AL,SP,21,12
455092,Scott Elbert,158,8,8,139,79,72,18,84,167,3,0,LAN,NL,RP,0,19
488846,Brian Duensing,158,8,10,185,96,87,20,50,82,4,0,MIN,AL,SP,9,15
132220,Jarrod Washburn,158,9,9,162,87,80,21,51,90,6,0,,,SP,28,0
460284,Dallas Braden,158,9,9,164,83,76,16,51,100,3,0,OAK,AL,SP,22,0
456043,Jonathan Sanchez,157,8,11,146,82,76,18,78,165,7,0,SFN,NL,SP,29,3
457796,Garrett Olson,156,7,11,163,97,90,24,74,103,6,0,SEA,AL,SP,11,20
501955,Joba Chamberlain,89,6,3,83,43,39,9,38,87,4,0,NYA,AL,SP,31,1
458155,Joe Martinez,155,6,11,180,95,85,17,53,93,3,0,SFN,NL,SP,5,4
434671,Anibal Sanchez,153,8,10,159,87,80,17,76,125,6,0,FLO,NL,SP,16,0
150404,Ted Lilly,153,10,8,144,72,67,21,41,130,4,0,CHN,NL,SP,27,0
444836,Aaron Laffey,153,8,10,174,89,81,14,62,78,5,0,CLE,AL,SP,19,6
458003,Blake Hawksworth,152,8,8,155,82,75,17,59,100,4,0,SLN,NL,SP,0,30
458567,Andy Sonnanstine,152,8,10,173,94,85,22,38,92,4,0,TBA,AL,SP,18,4
429720,John Maine,151,9,9,136,78,72,18,68,125,5,0,NYN,NL,SP,15,0
453192,Andrew Miller,151,7,11,163,97,88,17,84,120,6,0,FLO,NL,SP,14,6
434678,Kyle Davies,150,7,11,165,92,84,19,69,100,4,0,KCA,AL,SP,22,0
407890,Colby Lewis,149,9,8,154,79,72,19,40,116,6,0,TEX,AL,SP,0,0
453954,Kevin Hart,148,7,10,155,88,79,19,66,115,7,0,PIT,NL,RP,14,4
462956,Felipe Paulino,148,6,12,167,96,88,22,71,126,5,0,HOU,NL,SP,17,6
453178,Ian Kennedy,148,7,8,149,85,77,15,68,125,5,0,ARI,NL,SP,0,1
432934,Chris Young,146,8,9,121,72,66,18,67,120,4,0,SDN,NL,SP,14,0
453307,David Huff,145,8,10,166,92,84,21,51,89,2,0,CLE,AL,SP,22,0
453344,Brandon Morrow,144,8,8,129,75,71,16,83,134,1,0,TOR,AL,RP,10,16
519240,Marc Rzepczynski,143,8,9,143,79,72,11,79,126,3,0,TOR,AL,SP,11,0
493157,Koji Uehara,142,8,8,152,75,67,17,31,104,1,0,BAL,AL,RP,12,0
425848,Rich Harden,140,9,6,121,65,61,18,61,154,5,0,TEX,AL,SP,26,0
282656,Ben Sheets,139,8,8,139,65,60,15,35,94,2,0,OAK,AL,SP,0,0
424144,Oliver Perez,138,7,9,130,82,76,20,82,128,7,0,NYN,NL,SP,14,0
119469,Jamie Moyer,138,7,9,153,81,76,21,43,83,7,0,PHI,NL,SP,25,5
454535,Clay Hensley,134,6,8,145,83,75,15,68,91,3,0,FLO,NL,SP,0,0
430636,Ian Snell,129,6,8,132,70,63,13,61,96,3,0,SEA,AL,SP,27,0
446399,Brett Cecil,128,6,9,143,81,73,17,55,93,5,0,TOR,AL,SP,17,1
430680,Justin Lehr,124,6,8,135,73,67,18,42,64,3,0,CIN,NL,SP,11,0
407113,Justin Duchscherer,118,8,6,109,53,49,12,33,81,5,0,OAK,AL,SP,0,0
476570,Vin Mazzaro,118,6,8,130,70,63,12,47,68,4,0,OAK,AL,SP,17,0
435221,Brandon McCarthy,117,7,7,122,67,62,14,49,76,3,0,TEX,AL,SP,17,0
434538,Francisco Liriano,116,7,7,118,66,60,14,47,101,4,0,MIN,AL,SP,24,5
449072,Kyle McClellan,114,7,6,106,51,48,10,46,87,3,0,SLN,NL,RP,0,66
430661,Dustin McGowan,104,6,6,102,53,49,10,40,83,2,0,TOR,AL,SP,0,0
544931,Stephen Strasburg,103,7,7,109,53,49,11,35,99,2,0,WAS,NL,SP,0,0
434565,Robinson Tejeda,102,6,6,85,53,49,9,61,103,4,0,KCA,AL,RP,6,29
425747,Jose Contreras,101,7,5,101,52,47,9,37,76,4,0,PHI,NL,SP,23,5
431162,Tim Stauffer,100,5,7,102,54,49,12,38,68,4,0,SDN,NL,SP,14,0
430634,Sean Burnett,98,5,5,89,51,47,11,50,71,4,0,WAS,NL,RP,0,71
451584,Wade Davis,96,5,6,98,55,50,11,41,70,2,0,TBA,AL,SP,6,0
425426,Chien-Ming Wang,95,5,6,100,51,47,8,35,56,3,0,WAS,NL,SP,9,3
463017,Shairon Martis,94,4,6,103,59,54,13,40,52,2,0,WAS,NL,SP,15,0
457448,Matt Harrison,92,5,6,111,61,55,12,36,48,2,0,TEX,AL,SP,11,0
518396,Tim Alderson,92,4,7,107,58,53,12,32,49,2,0,PIT,NL,SP,0,0
470462,Ramon Troncoso,92,6,5,91,43,39,6,37,64,4,0,LAN,NL,RP,0,73
435058,Jonah Bayliss,91,4,7,101,63,58,15,45,67,2,0,TOR,AL,RP,0,0
461212,Matt Palmer,90,5,6,97,55,52,11,44,55,4,0,LAA,AL,SP,13,27
461829,Gio Gonzalez,88,4,6,89,55,50,13,49,81,2,0,OAK,AL,SP,17,3
489265,Sergio Romo,88,6,4,75,37,33,8,30,89,3,0,SFN,NL,RP,0,45
400076,Shane Loux,87,4,6,103,53,48,9,32,41,4,0,HOU,NL,SP,6,12
476037,Jared Lansford,86,3,6,97,58,53,10,51,45,3,0,OAK,AL,RP,0,0
429783,Rafael Betancourt,85,6,4,74,36,33,8,26,86,1,0,COL,NL,RP,0,61
150382,Matt Herges,84,5,6,90,45,41,8,29,55,2,0,KCA,AL,RP,0,30
434298,Todd Coffey,84,5,4,83,40,37,10,27,67,3,0,MIL,NL,RP,0,78
434958,Sean Green,84,4,4,80,42,39,6,40,66,8,0,NYN,NL,RP,0,79
430587,Taylor Buchholz,83,6,5,82,39,36,8,22,60,1,0,COL,NL,RP,0,0
460029,Jensen Lewis,83,4,4,78,43,40,11,35,75,3,0,CLE,AL,RP,0,47
425466,Willie Eyre,82,5,4,87,45,42,8,35,48,2,0,TEX,AL,RP,0,17
455009,Jonathan Broxton,82,7,2,57,24,23,5,30,110,2,31,LAN,NL,RP,0,73
346800,Saul Rivera,81,5,5,91,47,43,6,39,50,3,0,CLE,AL,RP,0,30
425539,Hong-Chih Kuo,67,4,3,54,24,23,5,24,75,3,0,LAN,NL,RP,0,35
463645,Sammy Gervacio,81,4,5,74,41,37,9,37,87,2,0,HOU,NL,RP,0,29
458690,Chris Volstad,81,4,5,88,47,43,10,32,54,2,0,FLO,NL,SP,29,0
445170,Todd Redmond,80,3,6,92,55,50,15,29,51,2,0,ATL,NL,SP,0,0
425492,Ryan Madson,80,6,3,76,34,31,7,25,71,3,1,PHI,NL,RP,0,79
460677,Cory Wade,80,4,4,75,41,39,12,27,59,3,0,LAN,NL,RP,0,27
407853,Erik Bedard,80,5,3,66,32,30,8,31,82,3,0,SEA,AL,SP,15,0
453646,Carlos Villanueva,80,5,4,77,41,38,11,29,70,2,0,MIL,NL,RP,6,58
407908,Joel Peralta,80,4,4,78,41,38,10,26,66,2,0,WAS,NL,RP,0,27
407193,Brandon Lyon,80,6,4,73,33,31,7,26,61,1,15,HOU,NL,RP,0,65
501874,Kam Mickolio,80,4,6,84,49,45,9,42,67,2,0,BAL,AL,RP,0,11
430083,Brian Sanches,79,5,4,75,38,36,9,33,76,4,0,FLO,NL,RP,0,47
425647,D.J. Carrasco,79,4,3,80,36,34,6,27,55,4,0,PIT,NL,RP,1,48
430663,Brian Bruney,79,4,5,69,39,37,7,45,71,4,0,WAS,NL,RP,0,44
543339,Daniel Hudson,79,4,5,80,43,39,8,31,62,3,0,CHA,AL,SP,2,4
501925,Joe Smith,78,5,3,74,38,35,7,35,65,3,0,CLE,AL,RP,0,37
454537,Jared Burton,78,3,3,73,36,33,7,32,66,4,0,CIN,NL,RP,0,53
465629,Edward Mujica,77,4,4,75,37,35,11,20,63,1,0,SDN,NL,RP,4,63
460265,Jeremy Sowers,77,4,5,88,47,44,9,27,37,2,0,CLE,AL,SP,22,1
448592,Cla Meredith,77,4,4,86,41,38,7,26,46,3,0,BAL,AL,RP,0,64
445156,Sean Marshall,77,5,4,76,38,35,9,28,62,2,0,CHN,NL,RP,9,46
435261,Zach Miner,76,5,4,79,40,37,8,33,48,2,0,DET,AL,RP,5,46
446333,Eddie Kunz,76,4,5,81,48,45,9,43,49,3,0,NYN,NL,RP,0,0
445971,Tim Wood,76,4,4,78,41,37,7,38,56,2,0,FLO,NL,RP,0,18
457498,Jeff Kennard,76,3,4,81,48,44,11,39,56,1,0,CHN,NL,RP,0,0
433657,Dave Bush,76,4,5,79,43,40,11,23,53,6,0,MIL,NL,SP,21,1
491159,Joe Thatcher,76,5,4,66,30,27,5,28,78,3,0,SDN,NL,RP,0,52
450249,Paul Estrada,76,3,5,79,50,45,12,45,59,1,0,HOU,NL,RP,0,0
429985,Chad Gaudin,76,5,4,78,44,40,9,34,61,3,0,OAK,AL,SP,25,6
407791,Brendan Donnelly,76,5,3,72,33,31,5,28,62,4,0,PIT,NL,RP,0,30
434665,Nick Masset,76,4,3,70,34,31,7,28,61,2,0,CIN,NL,RP,0,74
503285,Darren O'Day,75,5,3,69,33,31,7,26,60,5,0,TEX,AL,RP,0,68
461325,Tyler Clippard,75,4,4,66,38,36,10,38,72,1,0,WAS,NL,RP,0,41
448178,Kevin Jepsen,74,4,4,81,46,41,7,43,58,1,0,LAA,AL,RP,0,54
460366,Rich Thompson,74,5,8,78,46,42,14,29,67,2,0,LAA,AL,RP,0,13
425646,Luis Ayala,74,4,4,82,43,38,8,25,52,4,0,LAN,NL,RP,0,38
123801,Tim Wakefield,74,4,4,77,42,39,9,27,43,5,0,BOS,AL,SP,21,0
123790,Billy Wagner,73,5,2,55,26,24,6,25,88,2,25,ATL,NL,RP,0,17
133982,Bob Howry,73,4,4,75,38,35,9,22,57,2,0,ARI,NL,RP,0,63
118158,Ron Mahay,73,3,3,77,40,36,10,34,58,3,0,MIN,AL,RP,0,57
457444,Jay Marshall,73,4,5,81,43,39,7,29,36,2,0,OAK,AL,RP,0,10
451767,Freddy Dolsi,72,3,6,80,43,40,7,37,40,3,0,CHA,AL,RP,0,6
457428,James McDonald,72,4,4,66,38,35,10,34,67,3,0,LAN,NL,RP,4,41
434663,Leo Nunez,72,5,4,68,37,34,10,27,60,4,20,FLO,NL,RP,0,75
434181,Brandon League,72,4,3,68,33,30,5,26,58,5,0,SEA,AL,RP,0,67
276056,Danys Baez,72,5,4,68,37,35,8,27,48,5,0,PHI,NL,RP,0,59
400010,Jon Rauch,72,5,4,72,35,33,8,21,52,1,14,MIN,AL,RP,0,75
116034,Trevor Hoffman,71,5,3,58,27,25,6,20,63,2,31,MIL,NL,RP,0,55
407819,Matt Thornton,71,5,3,61,29,27,6,24,76,2,4,CHA,AL,RP,0,70
451216,Brian Wilson,71,5,3,62,29,27,5,30,73,2,32,SFN,NL,RP,0,68
407911,Frank Francisco,71,4,2,61,31,28,7,29,76,2,27,TEX,AL,RP,0,51
211041,Ryan Franklin,71,5,3,66,30,29,6,24,47,2,30,SLN,NL,RP,0,62
434159,Dan Meyer,70,4,4,67,38,35,9,33,61,2,0,FLO,NL,RP,0,71
407825,Matt Guerrier,70,4,4,67,34,32,9,22,49,3,14,MIN,AL,RP,0,79
465657,Joakim Soria,70,5,2,55,25,22,6,21,78,4,32,KCA,AL,RP,0,47
446248,Bryan Augenstein,70,4,5,79,41,36,8,19,42,2,0,ARI,NL,SP,2,5
434637,Matt Lindstrom,69,4,4,71,35,31,6,28,56,2,15,HOU,NL,RP,0,54
408072,Jason Bulger,69,5,3,56,30,28,6,33,75,2,0,LAA,AL,RP,0,64
430665,Brandon Medders,69,3,4,69,38,35,8,35,52,3,0,SFN,NL,RP,0,61
283166,Mike Gonzalez,69,4,4,61,34,30,9,29,72,5,23,BAL,AL,RP,0,80
450351,C.J. Wilson,69,5,3,62,32,29,6,32,68,4,0,TEX,AL,RP,0,74
121250,Mariano Rivera,69,6,2,54,23,21,6,14,70,2,39,NYA,AL,RP,0,66
433578,Lance Cormier,69,3,4,72,35,33,7,26,38,1,0,TBA,AL,RP,0,53
400067,Carlos Silva,69,3,5,82,44,40,9,17,34,3,0,CHN,NL,SP,6,2
430589,Chad Qualls,69,5,3,68,30,27,6,17,61,3,29,ARI,NL,RP,0,51
450172,Edinson Volquez,69,4,4,58,33,30,7,35,68,5,0,CIN,NL,SP,9,0
453268,Daniel Bard,69,4,3,59,34,31,7,35,78,2,0,BOS,AL,RP,0,49
430911,David Aardsma,69,4,3,56,30,28,7,35,71,2,30,SEA,AL,RP,0,73
425514,Heath Bell,69,6,3,52,23,21,4,24,71,1,34,SDN,NL,RP,0,68
466918,Manuel Corpas,68,4,3,76,34,31,6,18,46,2,0,COL,NL,RP,0,35
452676,Mitch Talbot,68,3,5,80,44,40,7,26,40,2,0,TBA,AL,SP,0,0
448165,Matt Capps,68,4,4,69,32,29,9,16,54,3,27,WAS,NL,RP,0,57
150144,Bobby Seay,68,4,3,64,32,29,5,26,55,3,0,DET,AL,RP,0,67
430594,Renyel Pinto,67,4,3,59,33,31,7,42,61,3,0,FLO,NL,RP,0,73
493416,Takashi Saito,67,6,2,53,23,22,6,26,71,4,8,ATL,NL,RP,0,56
430641,Blaine Boyer,67,3,3,71,38,34,6,27,48,4,0,ARI,NL,RP,0,48
425528,Seth McClung,67,3,4,64,37,35,8,38,54,2,0,FLO,NL,RP,2,39
502208,P.J. Walters,67,3,5,74,47,42,13,30,55,2,0,SLN,NL,SP,1,7
434718,Huston Street,67,5,3,55,27,24,7,19,75,1,27,COL,NL,RP,0,64
444520,Craig Breslow,67,5,4,58,31,29,7,27,52,2,0,OAK,AL,RP,0,77
434442,J.P. Howell,67,5,3,55,29,27,7,28,70,3,4,TBA,AL,RP,0,69
346793,Jeremy Affeldt,66,4,2,58,28,26,5,29,58,3,0,SFN,NL,RP,0,74
407297,Juan Cruz,66,3,4,60,35,32,7,36,62,3,0,KCA,AL,RP,0,46
453381,Kevin Mulvey,66,3,4,75,43,39,9,28,42,2,0,ARI,NL,SP,4,4
469686,Alfredo Aceves,65,4,3,66,35,32,9,18,47,2,0,NYA,AL,RP,1,42
457732,Andrew Bailey,65,4,3,56,30,29,8,29,61,1,25,OAK,AL,RP,0,68
425146,Nate Robertson,65,3,4,75,41,37,8,27,43,1,0,FLO,NL,SP,6,22
150035,Kyle Farnsworth,65,3,4,70,35,32,9,26,60,2,0,KCA,AL,RP,0,41
115629,LaTroy Hawkins,65,4,3,62,27,25,6,21,46,1,1,MIL,NL,RP,0,65
447714,Eric O'Flaherty,65,3,3,63,31,28,4,25,48,5,0,ATL,NL,RP,0,78
462382,Jim Johnson,65,4,4,65,34,32,7,23,41,2,3,BAL,AL,RP,0,64
461791,Carlos Marmol,65,4,2,43,26,24,5,41,80,6,23,CHN,NL,RP,0,79
493247,Peter Moylan,65,5,2,57,27,24,4,28,51,3,0,ATL,NL,RP,0,87
408057,Bobby Jenks,65,4,3,59,29,26,7,19,51,2,29,CHA,AL,RP,0,52
488674,Burke Badenhop,64,4,4,68,34,30,6,24,45,2,0,FLO,NL,RP,2,33
275933,Scott Downs,64,4,2,58,26,24,5,23,55,3,9,TOR,AL,RP,0,48
449097,Jonathan Papelbon,64,5,2,51,21,19,5,17,71,2,35,BOS,AL,RP,0,66
518516,Madison Bumgarner,64,3,4,67,34,31,7,23,42,1,0,SFN,NL,SP,1,3
408061,Francisco Rodriguez,64,5,2,47,24,22,5,32,65,1,32,NYN,NL,RP,0,70
430941,George Sherrill,63,4,2,48,23,21,5,27,67,2,1,LAN,NL,RP,0,72
456387,Ryan Feierabend,63,3,4,78,43,39,10,22,33,0,0,SEA,AL,SP,0,0
476451,Jeremy Hellickson,63,3,4,66,38,34,11,20,50,2,0,TBA,AL,SP,0,0
235095,Dan Wheeler,62,4,4,54,31,29,10,17,51,1,0,TBA,AL,RP,0,69
547749,Junichi Tazawa,62,4,4,74,41,36,8,21,38,3,0,BOS,AL,SP,4,2
276912,Scot Shields,62,5,3,56,30,27,6,30,55,1,0,LAA,AL,RP,0,20
150188,Francisco Cordero,61,4,3,51,23,21,4,27,60,1,33,CIN,NL,RP,0,68
113833,Alan Embree,61,3,3,62,34,31,7,25,47,1,0,BOS,AL,RP,0,36
400058,Brad Lidge,61,3,3,57,33,30,8,31,68,4,27,PHI,NL,RP,0,67
434668,Manny Delcarmen,61,3,3,58,30,28,5,28,50,3,0,BOS,AL,RP,0,64
400089,Rafael Soriano,61,4,2,47,25,23,7,21,67,1,30,TBA,AL,RP,0,77
506606,Hideki Okajima,61,4,3,55,27,25,7,21,53,2,0,BOS,AL,RP,0,68
453281,Wade LeBlanc,61,3,4,58,33,30,9,22,46,2,0,SDN,NL,SP,9,0
429714,Denny Bautista,60,3,3,59,32,30,5,36,51,2,0,SFN,NL,RP,0,14
450306,Jason Vargas,60,3,4,64,35,32,9,20,38,1,0,SEA,AL,SP,14,9
429901,Sergio Mitre,60,3,3,71,36,33,7,16,35,3,0,NYA,AL,SP,9,3
407878,Jose Valverde,60,4,3,51,26,24,7,23,56,2,29,DET,AL,RP,0,52
430588,Fernando Nieve,60,3,4,61,34,31,8,27,47,1,0,NYN,NL,RP,7,1
460370,Rafael Perez,58,3,3,60,30,27,5,21,49,1,0,CLE,AL,RP,0,54
408230,Pedro Feliciano,58,4,3,52,27,25,6,23,55,2,0,NYN,NL,RP,0,88
451491,Joel Zumaya,58,3,4,56,34,32,8,37,51,2,1,DET,AL,RP,0,29
430630,Jason Frasor,57,4,3,48,25,23,5,23,54,2,15,TOR,AL,RP,0,61
121125,Arthur Rhodes,57,3,3,47,22,21,4,25,54,1,0,CIN,NL,RP,0,66
119984,Darren Oliver,57,4,2,52,24,22,5,18,45,3,0,TEX,AL,RP,1,62
150153,Nelson Figueroa,57,3,4,60,32,29,7,20,42,2,0,NYN,NL,SP,10,6
425883,Dontrelle Willis,57,2,4,66,41,38,8,34,33,2,0,DET,AL,SP,7,0
449079,Wesley Wright,57,3,4,57,34,31,9,32,56,2,0,HOU,NL,RP,0,49
450545,Doug Mathis,57,3,3,61,31,28,6,20,33,2,0,TEX,AL,RP,2,22
407845,Fernando Rodney,56,3,3,52,30,28,6,31,51,3,13,LAA,AL,RP,0,73
136734,Octavio Dotel,56,3,3,47,25,22,6,27,68,2,22,PIT,NL,RP,0,62
434137,Logan Kensing,56,2,4,58,34,31,8,26,45,2,0,WAS,NL,RP,0,32
425562,Vinnie Chulk,56,3,3,58,30,29,7,23,35,2,0,PIT,NL,RP,0,8
134268,Kerry Wood,56,4,3,50,26,24,5,24,59,4,25,CLE,AL,RP,0,58
445968,Dana Eveland,56,2,4,64,36,33,6,27,36,2,0,TOR,AL,SP,9,4
407816,J.J. Putz,56,4,3,50,26,25,5,26,50,1,0,CHA,AL,RP,0,29
462995,Rick VandenHurk,55,3,3,56,32,29,8,25,51,2,0,FLO,NL,SP,11,0
435618,Jeremy Accardo,55,3,3,54,28,25,5,23,41,2,0,TOR,AL,RP,0,26
461833,Phil Hughes,139,10,6,130,67,62,15,48,130,6,0,NYA,AL,SP,7,44
449777,Mitch Stetter,55,4,3,44,24,23,5,29,54,5,0,MIL,NL,RP,0,71
425606,Kiko Calero,54,4,2,46,24,22,4,29,55,1,0,NYN,NL,RP,0,67
502381,Luke Gregerson,54,3,3,44,21,19,4,23,56,2,0,SDN,NL,RP,0,72
447797,Ben Julianel,54,2,3,58,34,31,7,29,44,1,0,MIN,AL,RP,0,0
469164,Ehren Wassermann,54,3,3,56,29,26,4,23,36,2,0,PHI,NL,RP,0,0
502188,Jeff Samardzija,53,2,4,59,35,32,9,25,35,1,0,CHN,NL,RP,2,18
450527,Alex Hinshaw,53,2,3,44,26,24,5,33,58,1,0,SFN,NL,RP,0,9
452249,Micah Owings,53,2,4,54,32,30,8,23,35,4,0,CIN,NL,SP,19,7
346848,John Grabow,53,3,3,47,26,24,6,26,44,2,0,CHN,NL,RP,0,75
346799,Juan Rincon,52,3,3,52,32,30,6,27,47,2,0,COL,NL,RP,0,33
444370,Carlos Muniz,52,2,3,53,31,29,8,24,38,2,0,NYN,NL,RP,0,0
450282,Glen Perkins,52,2,3,62,33,31,8,16,27,1,0,MIN,AL,SP,17,1
430837,Lenny DiNardo,51,2,3,58,30,26,5,18,28,1,0,OAK,AL,SP,5,0
430900,Michael Wuertz,50,3,2,41,20,19,5,20,54,0,0,OAK,AL,RP,0,74
501826,Clay Zavada,50,3,2,46,25,22,6,23,50,2,0,ARI,NL,RP,0,49
430629,Joel Hanrahan,50,2,3,49,26,23,5,25,52,1,0,PIT,NL,RP,0,67
433586,Santiago Casilla,50,2,3,51,28,26,5,23,43,3,0,SFN,NL,RP,0,46
430963,Tony Pena,50,3,3,53,27,24,5,16,34,2,0,SFN,NL,RP,0,72
502085,David Robertson,49,4,2,41,22,20,4,25,58,1,0,NYA,AL,RP,0,45
461862,Steven Register,49,2,4,56,32,29,8,20,30,1,0,TOR,AL,RP,0,1
435538,Bill Bray,49,3,3,45,22,20,5,20,52,1,0,CIN,NL,RP,0,0
435400,Jason Motte,49,3,2,45,24,22,6,20,51,1,0,SLN,NL,RP,0,69
425768,Angel Guzman,49,3,2,43,23,21,5,18,42,2,0,CHN,NL,RP,0,55
276514,Kevin Gregg,49,3,3,44,25,24,6,23,44,3,15,TOR,AL,RP,0,72
400093,Duaner Sanchez,49,3,3,48,26,24,6,21,32,3,0,,,RP,0,13
119125,Trever Miller,49,3,2,41,21,19,5,18,48,3,0,SLN,NL,RP,0,70
430831,Jeff Bennett,49,2,3,53,28,25,5,27,29,3,0,TBA,AL,RP,0,44
502108,Nick Hill,49,2,3,52,29,27,6,21,34,1,0,SEA,AL,RP,0,0
430884,Jesse Crain,48,3,4,46,25,23,4,21,39,2,0,MIN,AL,RP,0,56
425657,Javier Lopez,48,2,3,52,26,23,4,22,28,2,0,PIT,NL,RP,0,14
579799,Ryota Igarashi,48,2,2,48,23,22,5,16,47,0,0,NYN,NL,RP,0,0
430673,Ramon Ramirez,47,3,2,43,22,20,4,20,39,2,0,BOS,AL,RP,0,70
346797,Grant Balfour,47,3,3,38,21,19,4,23,52,1,0,TBA,AL,RP,0,73
425899,Charlie Manning,46,3,2,43,23,22,5,25,39,0,0,SLN,NL,RP,0,0
150118,Brian Fuentes,46,3,2,42,21,19,4,18,42,3,23,LAA,AL,RP,0,65
460283,Jerry Blevins,46,2,3,45,23,21,5,15,36,2,0,OAK,AL,RP,0,20
547820,Fu-Te Ni,46,2,2,44,24,22,6,17,32,1,0,DET,AL,RP,0,36
461851,Eduardo Morlan,45,2,4,50,32,29,8,23,30,1,0,TBA,AL,RP,0,0
450275,Mark Lowe,45,3,2,42,22,20,4,18,38,1,0,SEA,AL,RP,0,75
458006,Matt Albers,45,2,3,50,27,25,4,22,29,2,0,BAL,AL,RP,0,56
425531,Doug Waechter,45,2,3,53,27,24,6,13,24,1,0,,,RP,0,5
430606,Mike Adams,45,2,2,34,16,15,4,15,45,0,0,SDN,NL,RP,0,37
446899,Brad Ziegler,44,3,2,44,18,17,2,16,27,1,1,OAK,AL,RP,0,69
115216,Eddie Guardado,44,2,2,44,24,22,6,17,26,1,0,WAS,NL,RP,0,48
123828,Jamie Walker,44,1,3,53,27,25,8,12,30,1,0,,,RP,0,22
136263,Tim Byrdak,43,2,2,37,22,20,6,23,41,2,0,HOU,NL,RP,0,76
457910,Geno Espineli,43,2,3,47,22,20,4,13,25,1,0,SFN,NL,RP,0,0
543634,Ryan Perry,43,2,2,41,23,21,4,24,39,1,0,DET,AL,RP,0,53
445984,Jesus Delgado,43,2,3,45,27,25,5,26,26,0,0,CIN,NL,RP,0,0
433581,Brad Thompson,43,2,3,51,27,25,6,12,18,3,0,KCA,AL,RP,8,24
434482,Jesse Carlson,42,2,2,41,22,20,5,14,34,2,0,TOR,AL,RP,0,73
425555,Daniel Cabrera,42,2,3,46,29,26,5,24,26,3,0,CHA,AL,SP,9,6
448656,Chad Reineke,42,2,3,46,29,26,7,20,27,1,0,CIN,NL,SP,1,0
239795,Chad Durbin,41,2,1,38,21,20,5,20,33,3,0,PHI,NL,RP,0,59
456589,Jason Bergmann,41,2,2,41,22,20,5,16,32,1,0,WAS,NL,RP,0,56
489448,Mike Zagurski,41,2,2,40,22,20,5,19,38,2,0,PHI,NL,RP,0,0
456696,David Hernandez,41,2,3,47,29,27,8,20,32,1,0,BAL,AL,SP,19,1
425186,Jason Davis,41,2,3,45,25,23,3,22,20,2,0,PIT,NL,RP,0,0
435619,Pat Misch,40,2,2,42,22,20,5,12,25,1,0,SFN,NL,RP,7,19
349193,Will Ohman,40,2,2,37,20,18,5,17,33,1,0,BAL,NL,RP,0,21
150221,Mike Lincoln,40,1,3,41,25,23,7,20,27,4,0,CIN,NL,RP,0,19
150011,Scott Schoeneweis,40,2,3,41,23,22,6,19,26,2,0,BOS,AL,RP,0,45
408310,Aaron Heilman,39,2,2,38,21,20,5,18,35,2,0,CHN,NL,RP,0,70
452237,Taylor Tankersley,39,2,2,38,22,21,5,22,36,1,0,FLO,NL,RP,0,0
150122,Damaso Marte,39,3,2,37,21,19,4,16,36,1,0,NYA,AL,RP,0,21
449820,Leo Rosales,39,2,2,39,20,19,4,15,28,1,0,ARI,NL,RP,0,33
502609,Daniel Ray Herrera,38,2,3,37,19,17,4,14,30,1,0,CIN,NL,RP,0,70
458220,Esmerling Vasquez,38,2,2,37,23,21,4,23,29,2,0,ARI,NL,RP,0,53
213711,Jeff Weaver,37,2,2,40,21,19,5,13,27,2,0,LAN,NL,RP,7,21
119215,Brian Moehler,37,2,3,44,23,21,5,12,21,1,0,HOU,NL,SP,29,0
462136,Marco Estrada,37,2,2,39,22,20,5,15,27,1,0,MIL,NL,SP,1,3
469735,Edwar Ramirez,36,2,2,33,19,18,5,18,37,1,0,OAK,AL,RP,0,20
121096,Dennys Reyes,34,2,1,31,15,14,3,16,28,2,0,SLN,NL,RP,0,75
452718,Kyle Kendrick,34,2,2,39,20,19,4,11,15,1,0,PHI,NL,SP,2,7
461872,Anthony Swarzak,34,2,2,41,23,21,5,13,18,1,0,MIN,AL,SP,12,0
457858,Rich Rundles,34,2,2,37,20,19,3,18,24,1,0,,,RP,0,1
457435,Phil Coke,34,2,2,34,19,17,4,14,26,1,0,DET,AL,RP,0,72
346855,Brandon Duckworth,34,1,2,39,23,21,5,15,18,1,0,PHI,NL,SP,0,0
450665,Kris Medlen,33,2,2,31,15,14,3,13,33,1,0,ATL,NL,RP,4,33
462985,Franklin Morales,33,2,2,35,21,20,4,21,24,1,0,COL,NL,SP,2,38
450212,Pat Neshek,49,4,2,40,23,22,6,17,51,1,6,MIN,AL,RP,0,0
471911,Carlos Carrasco,30,1,2,34,21,19,5,14,22,1,0,CLE,AL,SP,5,0
122195,Brian Shouse,30,2,1,32,16,15,3,9,17,1,0,BOS,AL,RP,0,45
462945,Cesar Jimenez,30,1,2,29,15,14,3,12,23,0,0,SEA,AL,RP,0,0
460657,Doug Slaten,29,1,2,30,15,14,3,11,22,1,0,WAS,NL,RP,0,11
425530,Brian Stokes,28,1,2,29,15,14,3,12,17,1,0,LAA,AL,RP,0,69
476601,Michael Bowden,28,1,2,31,17,16,3,10,16,0,0,BOS,AL,SP,1,7
430642,Jose Capellan,28,1,2,32,20,18,4,14,18,0,0,CHN,NL,RP,0,0
457733,Joey Devine,27,2,1,22,10,10,2,11,27,0,0,OAK,AL,RP,0,0
448337,Josh Kinney,27,1,2,27,15,14,3,14,23,2,0,SLN,NL,RP,0,17
329092,Randy Choate,27,2,1,26,13,12,3,11,18,0,0,TBA,AL,RP,0,61
425818,Boof Bonser,27,1,2,31,18,17,4,10,21,0,0,BOS,AL,RP,0,0
429718,Shawn Hill,26,1,2,31,16,15,3,8,16,1,0,TOR,AL,SP,3,0
407924,Manny Acosta,25,1,1,25,14,13,3,14,20,1,0,NYN,NL,RP,0,36
425487,Todd Wellemeyer,24,1,2,27,15,14,4,10,16,1,0,SFN,NL,SP,21,7
276530,Scott Linebrink,23,1,1,24,13,12,4,9,20,1,0,CHA,AL,RP,0,57
400062,Tim Redding,23,1,1,27,15,14,4,9,15,1,0,COL,NL,SP,17,13
476127,Zachary Kroenke,23,1,2,25,16,15,3,14,16,0,0,ARI,NL,RP,0,0
234194,Buddy Carlyle,23,1,1,23,12,11,3,8,19,0,0,,,RP,0,17
457429,Boone Logan,23,1,1,24,14,12,3,11,18,1,0,NYA,AL,RP,0,20
502158,Josh Roenicke,21,1,1,21,12,10,2,10,20,1,0,TOR,AL,RP,0,24
460313,Kyler Newby,21,1,2,23,15,14,4,11,15,0,0,ARI,NL,RP,0,0
457117,Ernesto Frieri,21,1,2,21,13,12,3,11,15,0,0,SDN,NL,SP,0,2
407884,Tyler Yates,20,1,1,20,11,10,2,10,17,1,0,PIT,NL,RP,0,15
469134,Esmil Rogers,20,1,1,23,13,12,2,9,13,0,0,COL,NL,SP,1,0
435620,Jack Taschner,20,1,1,22,12,11,2,11,15,1,0,PIT,NL,RP,0,24
453198,Chris Perez,51,3,2,42,25,23,7,26,56,3,2,CLE,AL,RP,0,61
434641,Juan Gutierrez,62,3,4,65,34,31,6,27,49,2,4,ARI,NL,RP,0,65
