mlbamID,playerName,team,league,G,GS,W,L,S,BS,HLD,CG,SHO,IP,H,R,ER,HR,BB,K,G_SP,G_RP,defaultPos,
115399,Mike Hampton,ARI,NL,10,0,0,0,0,0,1,0,0,4.3,3,0,0,0,1,3,21,0,SP,
454972,Romulo Sanchez,NYY,AL,2,0,0,0,0,0,0,0,0,4.3,1,0,0,0,3,5,0,0,RP,
500872,Gregory Infante,CWS,AL,5,0,0,0,0,0,0,0,0,4.7,2,0,0,0,4,5,0,0,SP,
518553,Steve Cishek,FLA,NL,3,0,0,0,0,0,0,0,0,4.3,1,0,0,0,1,3,0,0,RP,
461856,Troy Patton,BAL,AL,1,0,0,0,0,0,0,0,0,0.7,1,0,0,0,1,1,0,0,SP,
448179,Rich Hill,BOS,AL,6,0,1,0,0,0,1,0,0,4.0,5,0,0,0,1,3,13,1,SP,
491220,Hunter Jones,FLA,NL,3,0,0,0,0,0,0,0,0,1.7,0,0,0,0,1,3,0,11,RP,
408069,Erick Threets,CWS,AL,11,0,0,0,0,0,0,0,0,12.3,9,1,0,0,3,6,0,0,RP,
454537,Jared Burton,CIN,NL,4,0,0,0,0,0,1,0,0,3.3,0,0,0,0,0,1,0,53,RP,
518886,Craig Kimbrel,ATL,NL,21,0,4,0,1,0,2,0,0,20.7,9,2,1,0,16,40,0,0,RP,
445276,Kenley Jansen,LAD,NL,25,0,1,0,4,0,4,0,0,27.0,12,2,2,0,15,41,0,0,C,
432934,Chris Young,SD,NL,4,4,2,0,0,0,0,0,0,20.0,10,2,2,1,11,15,14,0,SP,
425539,Hong-Chih Kuo,LAD,NL,56,0,3,2,12,1,21,0,0,60.0,29,8,8,1,18,73,0,35,RP,
491159,Joe Thatcher,SD,NL,65,0,1,0,0,0,11,0,0,35.0,23,5,5,1,7,45,0,52,RP,
468396,Alexi Ogando,TEX,AL,44,0,4,1,0,2,7,0,0,41.7,31,6,6,2,16,39,0,0,
276542,Joaquin Benoit,DET,AL,63,0,1,2,1,3,25,0,0,60.3,30,10,9,6,11,75,0,0,RP,
460366,Rich Thompson,LAA,AL,13,0,2,0,0,0,1,0,0,19.7,12,4,3,2,4,15,0,13,RP,
474699,Vance Worley,PHI,NL,5,2,1,1,0,0,0,0,0,13.0,8,2,2,1,4,12,0,0,SP,
123790,Billy Wagner,ATL,NL,71,0,7,2,37,7,0,0,0,69.3,38,14,11,5,22,104,0,17,RP,
457732,Andrew Bailey,OAK,AL,47,0,1,3,25,3,0,0,0,49.0,34,8,8,3,13,42,0,68,RP,
467850,Edgmer Escalona,COL,NL,5,0,0,0,0,0,0,0,0,6.0,4,1,1,0,4,2,0,0,RP,
457779,Michael Kirkman,TEX,AL,14,0,0,0,0,1,2,0,0,16.3,9,3,3,0,10,16,0,0,SP,
453198,Chris Perez,CLE,AL,63,0,2,2,23,4,9,0,0,63.0,40,15,12,4,28,61,0,61,RP,
457117,Ernesto Frieri,SD,NL,33,0,1,1,0,0,7,0,0,31.7,18,7,6,2,17,41,0,2,SP,
400089,Rafael Soriano,TB,AL,64,0,3,2,45,3,0,0,0,62.3,36,14,12,4,14,57,0,77,RP,
430606,Mike Adams,SD,NL,70,0,4,1,0,4,38,0,0,66.7,48,14,13,2,23,73,0,37,RP,
465657,Joakim Soria,KC,AL,66,0,1,2,43,3,0,0,0,65.7,53,13,13,4,16,71,0,47,RP,
121250,Mariano Rivera,NYY,AL,61,0,3,3,33,5,0,0,0,60.0,39,14,12,2,11,45,0,66,RP,
459429,Jake McGee,TB,AL,8,0,0,0,0,0,0,0,0,5.0,2,1,1,0,3,6,0,0,SP,
449161,Mark Rogers,MIL,NL,4,2,0,0,0,0,0,0,0,10.0,2,2,2,0,3,11,0,0,SP,
451216,Brian Wilson,SF,NL,70,0,3,3,48,5,0,0,0,74.7,62,16,15,3,26,93,0,68,RP,
431162,Tim Stauffer,SD,NL,32,7,6,5,0,0,0,0,0,82.7,65,18,17,3,24,61,14,0,SP,
445197,Mike Dunn,FLA,NL,25,0,2,0,0,0,1,0,0,19.0,15,4,4,1,17,27,0,4,RP,
453268,Daniel Bard,BOS,AL,73,0,1,2,3,7,32,0,0,74.7,45,18,16,6,30,76,0,49,RP,
519242,Chris Sale,CWS,AL,21,0,2,1,4,0,2,0,0,23.3,15,5,5,2,10,32,0,0,
425514,Heath Bell,SD,NL,67,0,6,1,47,3,0,0,0,70.0,56,17,15,1,28,86,0,68,RP,
433586,Santiago Casilla,SF,NL,52,0,7,2,2,1,11,0,0,55.3,40,14,12,2,26,56,0,46,RP,
458924,Jonny Venters,ATL,NL,79,0,4,4,1,4,24,0,0,83.0,61,30,18,1,39,93,0,0,SP,
519186,Matt Reynolds,COL,NL,21,0,1,0,0,0,2,0,0,18.0,10,4,4,2,5,17,0,0,RP,
407908,Joel Peralta,TB,AL,39,0,1,0,0,2,9,0,0,49.0,30,12,11,5,9,49,0,27,RP,
547973,Aroldis Chapman,CIN,NL,15,0,2,2,0,1,4,0,0,13.3,9,4,3,0,5,19,0,0,SP,
503285,Darren O'Day,TEX,AL,72,0,6,2,0,2,22,0,0,62.0,43,15,14,5,12,45,0,68,RP,
453186,Scott Maine,CHC,NL,13,0,0,0,0,0,2,0,0,13.0,9,4,3,1,5,11,0,0,RP,
543409,Michael Kohn,LAA,AL,24,0,2,0,1,0,1,0,0,21.3,17,5,5,0,16,20,0,0,RP,
430634,Sean Burnett,WAS,NL,73,0,1,7,3,1,20,0,0,63.0,52,17,15,3,20,62,0,71,RP,
457425,Evan Meek,PIT,NL,70,0,5,4,4,6,15,0,0,80.0,53,25,19,5,31,70,0,41,RP,
489020,Brad Kilby,OAK,AL,5,0,0,0,0,0,0,0,0,8.3,7,2,2,2,0,8,1,10,RP,
454535,Clay Hensley,FLA,NL,68,0,3,4,7,3,22,0,0,75.0,54,20,18,3,29,77,0,0,SP,
489265,Sergio Romo,SF,NL,68,0,5,3,0,4,21,0,0,62.0,46,16,15,6,14,70,0,45,RP,
518716,Dillon Gee,NYM,NL,5,5,2,2,0,0,0,0,0,33.0,25,10,8,2,15,17,0,0,SP,
408061,Francisco Rodriguez,NYM,NL,53,0,4,2,25,5,0,0,0,57.3,45,14,14,3,21,67,0,70,RP,
435400,Jason Motte,STL,NL,56,0,4,2,2,1,12,0,0,52.3,41,13,13,5,18,54,0,69,RP,
430083,Brian Sanches,FLA,NL,61,0,2,2,0,1,12,0,0,63.7,43,20,16,7,27,54,0,47,RP,
449072,Kyle McClellan,STL,NL,68,0,1,4,2,1,19,0,0,75.3,58,20,19,9,23,60,0,66,RP,
433587,Felix Hernandez,SEA,AL,34,34,13,12,0,0,0,6,1,249.7,194,80,63,17,70,232,34,0,SP,
346797,Grant Balfour,TB,AL,57,0,2,1,0,1,16,0,0,55.3,43,16,14,3,17,56,0,73,RP,
121125,Arthur Rhodes,CIN,NL,69,0,4,4,0,2,26,0,0,55.0,38,14,14,4,18,50,0,66,RP,
435178,Josh Johnson,FLA,NL,28,28,11,6,0,0,0,1,0,183.7,155,51,47,7,48,186,33,0,SP,
113296,Elmer Dessens,NYM,NL,53,0,4,2,0,1,11,0,0,47.0,41,14,12,4,16,16,0,28,RP,
453329,Clay Buchholz,BOS,AL,28,28,17,7,0,0,0,1,1,173.7,142,55,45,9,67,120,16,0,SP,
425657,Javier Lopez,SF,NL,77,0,4,2,0,0,11,0,0,57.7,50,17,15,2,20,38,0,14,RP,
477229,Jordan Walden,LAA,AL,16,0,0,1,1,0,6,0,0,15.3,13,4,4,1,7,23,0,0,SP,
425794,Adam Wainwright,STL,NL,33,33,20,11,0,0,0,5,2,230.3,186,68,62,15,56,213,34,0,SP,
136880,Roy Halladay,PHI,NL,33,33,21,10,0,0,0,9,4,250.7,231,74,68,24,30,219,32,0,SP,
543339,Daniel Hudson,ARI,NL,14,14,8,2,0,0,0,0,0,95.3,68,26,26,8,27,84,2,4,SP,
447714,Eric O'Flaherty,ATL,NL,56,0,3,2,0,1,9,0,0,44.0,37,14,12,2,18,36,0,78,RP,
459988,Robert Ray,TOR,AL,3,0,0,0,0,0,0,0,0,3.7,2,1,1,0,5,3,4,0,SP,
448165,Matt Capps,MIN,AL,74,0,5,3,42,6,0,0,0,73.0,75,27,20,6,17,59,0,57,RP,
446099,John Axford,MIL,NL,50,0,8,2,24,3,3,0,0,58.0,42,17,16,1,27,76,0,7,RP,
119984,Darren Oliver,TEX,AL,64,0,1,2,1,3,14,0,0,61.7,53,20,17,4,15,65,1,62,RP,
425492,Ryan Madson,PHI,NL,55,0,6,2,5,5,15,0,0,53.0,42,16,15,4,13,64,0,79,RP,
461791,Carlos Marmol,CHC,NL,77,0,2,3,38,5,0,0,0,77.7,40,23,22,1,52,138,0,79,RP,
444446,Collin Balester,WAS,NL,17,0,0,1,0,0,0,0,0,21.0,15,6,6,2,11,28,7,0,SP,
451491,Joel Zumaya,DET,AL,31,0,2,1,1,2,11,0,0,38.3,32,13,11,1,11,34,0,29,RP,
429718,Shawn Hill,TOR,AL,4,4,1,2,0,0,0,0,0,20.7,24,8,6,1,4,14,3,0,SP,
488846,Brian Duensing,MIN,AL,53,13,10,3,0,0,9,1,1,130.7,122,42,38,11,35,78,9,15,SP,
275933,Scott Downs,LAA,AL,67,0,5,5,0,2,26,0,0,61.3,47,19,18,3,14,48,0,48,RP,
445156,Sean Marshall,CHC,NL,80,0,7,5,1,2,22,0,0,74.7,58,25,22,3,25,90,9,46,RP,
407819,Matt Thornton,CWS,AL,61,0,5,4,8,2,21,0,0,60.7,41,18,18,3,20,81,0,70,RP,
430594,Renyel Pinto,STL,NL,20,0,0,0,0,0,4,0,0,16.7,16,5,5,1,9,16,0,73,RP,
448802,Jaime Garcia,STL,NL,28,28,13,8,0,0,0,1,1,163.3,151,64,49,9,64,132,0,0,SP,
502026,Jeremy Jeffress,KC,AL,10,0,1,0,0,0,0,0,0,10.0,8,4,3,0,6,8,0,0,SP,
456034,David Price,TB,AL,32,31,19,6,0,0,0,2,1,208.7,170,71,63,15,79,188,23,0,SP,
491703,Neftali Feliz,TEX,AL,70,0,4,3,40,3,3,0,0,69.3,43,21,21,5,18,71,0,20,SP,
400061,Roy Oswalt,PHI,NL,33,32,13,13,0,0,0,2,2,211.7,162,70,65,19,55,193,30,0,SP,
434180,Kameron Loe,MIL,NL,53,0,3,5,0,2,22,0,0,58.3,54,23,18,6,15,46,0,0,
474463,Brett Anderson,OAK,AL,19,19,7,6,0,0,0,0,0,112.3,112,41,35,6,22,75,30,0,SP,
150118,Brian Fuentes,MIN,AL,48,0,4,1,24,4,3,0,0,48.0,31,17,15,5,20,47,0,65,RP,
458730,Bobby Parnell,NYM,NL,41,0,0,1,0,2,9,0,0,35.0,41,13,11,1,8,33,8,60,RP,
407816,J.J. Putz,ARI,NL,60,0,7,5,3,4,14,0,0,54.0,41,18,17,4,15,65,0,29,RP,
218596,Tim Hudson,ATL,NL,34,34,17,9,0,0,0,1,0,228.7,189,74,72,20,74,139,7,0,SP,
493416,Takashi Saito,MIL,NL,56,0,2,3,1,1,17,0,0,54.0,41,20,17,4,17,69,0,56,RP,
472551,Fernando Abad,HOU,NL,22,0,0,1,0,0,6,0,0,19.0,14,6,6,3,5,12,0,0,SP,
285079,R.A. Dickey,NYM,NL,27,26,11,9,0,0,1,2,1,174.3,165,62,55,13,42,104,1,34,RP,
493157,Koji Uehara,BAL,AL,43,0,1,2,13,2,6,0,0,44.0,37,15,14,5,5,55,12,0,RP,
434622,Ubaldo Jimenez,COL,NL,33,33,19,8,0,0,0,4,2,221.7,164,73,71,10,92,214,33,0,SP,
519259,Daniel Schlereth,DET,AL,18,0,2,0,1,1,1,0,0,18.7,20,7,6,2,10,19,0,21,RP,
407113,Justin Duchscherer,OAK,AL,5,5,2,1,0,0,0,0,0,28.0,26,11,9,3,12,18,0,0,SP,
444436,Ryan Webb,FLA,NL,54,0,3,1,0,2,9,0,0,59.0,64,21,19,1,19,44,0,28,RP,
477132,Clayton Kershaw,LAD,NL,32,32,13,10,0,0,0,1,1,204.3,160,73,66,13,81,212,30,1,SP,
544931,Stephen Strasburg,WAS,NL,12,12,5,3,0,0,0,0,0,68.0,56,25,22,5,17,92,0,0,SP,
502009,Mat Latos,SD,NL,31,31,14,10,0,0,0,1,1,184.7,150,63,60,16,50,189,10,0,SP,
457429,Boone Logan,NYY,AL,51,0,2,0,0,0,13,0,0,40.0,34,13,13,3,20,38,0,20,RP,
279571,Matt Belisle,COL,NL,76,0,7,5,1,1,21,0,0,92.0,84,34,30,7,16,91,0,24,RP,
488722,Zach Braddock,MIL,NL,46,0,1,2,0,2,15,0,0,33.7,29,11,11,1,19,41,0,0,RP,
407924,Manny Acosta,NYM,NL,41,0,3,2,1,2,2,0,0,39.7,30,13,13,4,18,42,0,36,RP,
400058,Brad Lidge,PHI,NL,50,0,1,1,27,5,0,0,0,45.7,32,16,15,5,24,52,0,67,RP,
435045,Sergio Santos,CWS,AL,56,0,2,2,1,2,14,0,0,51.7,53,18,17,2,26,56,0,0,RP,
446641,Wilton Lopez,HOU,NL,68,0,5,2,1,2,14,0,0,67.0,66,23,22,4,5,50,2,6,RP,
460029,Jensen Lewis,CLE,AL,37,0,4,2,0,0,1,0,0,36.3,28,12,12,1,19,29,0,47,RP,
502239,Trevor Cahill,OAK,AL,30,30,18,8,0,0,0,1,1,196.7,155,73,65,19,63,118,32,0,SP,
493247,Peter Moylan,ATL,NL,85,0,6,2,1,3,21,0,0,63.7,53,24,21,5,37,52,0,87,RP,
276371,Johan Santana,NYM,NL,29,29,11,9,0,0,0,4,2,199.0,179,67,66,16,55,144,25,0,SP,
425861,Shawn Camp,TOR,AL,70,0,4,3,2,2,13,0,0,72.3,71,26,24,8,18,46,0,59,RP,
430673,Ramon Ramirez,SF,NL,69,0,1,3,3,0,6,0,0,69.3,52,24,23,7,27,46,0,70,RP,
501873,Mike McClendon,MIL,NL,17,0,2,0,0,1,3,0,0,21.0,15,7,7,2,7,21,0,0,RP,
407878,Jose Valverde,DET,AL,60,0,2,4,26,3,0,0,0,63.0,41,24,21,5,32,63,0,52,RP,
332292,John Parrish,KC,AL,9,0,1,1,0,2,2,0,0,6.0,4,2,2,2,5,4,0,0,
469686,Alfredo Aceves,NYY,AL,10,0,3,0,1,0,1,0,0,12.0,10,5,4,1,4,2,1,42,RP,
545404,Brandon Beachy,ATL,NL,3,3,0,2,0,0,0,0,0,15.0,16,9,5,0,7,15,0,0,
518516,Madison Bumgarner,SF,NL,18,18,7,6,0,0,0,0,0,111.0,119,40,37,11,26,86,1,3,SP,
444520,Craig Breslow,OAK,AL,75,0,4,4,5,2,16,0,0,74.7,53,26,25,9,29,71,0,77,RP,
450308,Jered Weaver,LAA,AL,34,34,13,12,0,0,0,0,0,224.3,187,83,75,23,54,233,33,0,SP,
502130,Dan Runzler,SF,NL,41,0,3,0,0,0,5,0,0,32.7,29,12,11,1,20,37,0,11,RP,
460072,Jason Berken,BAL,AL,41,0,3,3,0,4,7,0,0,62.3,64,24,21,5,19,45,24,0,SP,
450864,Bobby Cramer,OAK,AL,4,4,2,1,0,0,0,0,0,23.7,20,8,8,5,6,13,0,0,SP,
430884,Jesse Crain,CWS,AL,71,0,1,1,1,3,21,0,0,68.0,53,27,23,5,27,62,0,56,RP,
476011,Matt Maloney,CIN,NL,7,2,2,2,0,0,0,0,0,20.7,20,7,7,2,5,13,7,0,SP,
430935,Cole Hamels,PHI,NL,33,33,12,11,0,0,0,1,0,208.7,185,74,71,26,61,211,32,0,SP,
456043,Jonathan Sanchez,SF,NL,34,33,13,9,0,0,1,0,0,193.3,142,74,66,21,96,205,29,3,SP,
461325,Tyler Clippard,WAS,NL,78,0,11,8,1,10,23,0,0,91.0,69,33,31,8,41,112,0,41,RP,
460657,Doug Slaten,WAS,NL,49,0,4,1,0,0,4,0,0,40.7,34,18,14,2,19,36,0,11,RP,
400010,Jon Rauch,MIN,AL,59,0,3,1,21,4,2,0,0,57.7,61,20,20,3,14,46,0,75,RP,
407193,Brandon Lyon,HOU,NL,79,0,6,6,20,2,19,0,0,78.0,68,28,27,2,31,54,0,65,RP,
134268,Kerry Wood,CHC,NL,47,0,3,4,8,4,11,0,0,46.0,35,17,16,4,29,49,0,58,RP,
408206,Brett Myers,HOU,NL,33,33,14,8,0,0,0,2,0,223.7,212,88,78,20,66,180,10,8,SP,
430912,Matt Cain,SF,NL,33,33,13,11,0,0,0,4,2,223.3,181,84,78,22,61,177,33,0,SP,
445001,Bobby Cassevah,LAA,AL,16,0,1,2,0,0,0,0,0,20.0,23,11,7,0,8,8,0,0,RP,
425789,Brian Sweeney,ARI,NL,24,0,1,2,0,1,1,0,0,37.0,33,16,13,5,6,14,0,0,
407825,Matt Guerrier,LAD,NL,74,0,5,7,1,6,23,0,0,71.0,56,28,25,7,22,42,0,79,RP,
424324,Cliff Lee,PHI,NL,28,28,12,9,0,0,0,7,1,212.3,195,84,75,16,18,185,34,0,SP,
282332,CC Sabathia,NYY,AL,34,34,21,7,0,0,0,2,0,237.7,209,92,84,20,74,197,34,0,SP,
420864,Randy Flores,MIN,AL,58,0,2,0,0,1,7,0,0,31.0,32,12,11,6,15,20,0,27,RP,
349193,Will Ohman,FLA,NL,68,0,0,2,0,1,18,0,0,42.0,40,18,15,4,23,43,0,21,RP,
112020,Chris Carpenter,STL,NL,35,35,16,9,0,0,0,1,0,235.0,214,99,84,21,63,179,28,0,SP,
502381,Luke Gregerson,SD,NL,80,0,4,7,2,5,40,0,0,78.3,47,30,28,8,18,89,0,72,RP,
461829,Gio Gonzalez,OAK,AL,33,33,15,9,0,0,0,1,0,200.7,171,75,72,15,92,171,17,3,SP,
207267,Brad Penny,STL,NL,9,9,3,4,0,0,0,0,0,55.7,63,25,20,4,9,35,30,0,SP,
452657,Jon Lester,BOS,AL,32,32,19,9,0,0,0,2,0,208.0,167,81,75,14,83,225,32,0,SP,
460370,Rafael Perez,CLE,AL,70,0,6,1,0,4,13,0,0,61.0,72,23,22,3,25,36,0,54,RP,
446899,Brad Ziegler,OAK,AL,64,0,3,7,0,4,18,0,0,60.7,54,24,22,4,28,41,0,69,RP,
120485,Andy Pettitte,NYY,AL,21,21,11,3,0,0,0,0,0,129.0,123,52,47,13,41,101,32,0,SP,
468504,Jhoulys Chacin,COL,NL,28,21,9,11,0,0,0,0,0,137.3,114,64,50,10,61,138,1,8,SP,
150153,Nelson Figueroa,HOU,NL,31,11,7,4,1,0,0,0,0,93.0,84,38,34,10,34,73,10,6,SP,
408230,Pedro Feliciano,NYY,AL,92,0,3,6,0,1,23,0,0,62.7,66,24,23,1,30,56,0,88,RP,
455091,Mike Ekstrom,TB,AL,15,0,0,1,0,0,0,0,0,16.3,12,6,6,0,9,10,0,12,RP,
467726,Jose Mijares,MIN,AL,47,0,1,1,0,0,9,0,0,32.7,34,14,12,4,9,28,0,71,RP,
430683,Justin Germano,CLE,AL,23,1,0,3,0,1,2,0,0,35.3,27,15,13,6,8,29,0,0,
462102,Tommy Hanson,ATL,NL,34,34,10,11,0,0,0,1,0,202.7,182,86,75,14,56,173,21,0,SP,
407296,Carlos Zambrano,CHC,NL,36,20,11,6,0,0,4,0,0,129.7,119,55,48,7,69,117,28,0,SP,
429901,Sergio Mitre,NYY,AL,27,3,0,3,1,0,1,0,0,54.0,43,23,20,7,16,29,9,3,SP,
425747,Jose Contreras,PHI,NL,67,0,6,4,4,1,13,0,0,56.7,53,22,21,5,16,57,23,5,SP,
150035,Kyle Farnsworth,ATL,NL,60,0,3,2,0,3,9,0,0,64.7,55,25,24,4,19,61,0,41,RP,
235095,Dan Wheeler,BOS,AL,64,0,2,4,3,3,9,0,0,48.3,36,20,18,7,16,46,0,69,RP,
450351,C.J. Wilson,TEX,AL,33,33,15,8,0,0,0,3,0,204.0,161,83,76,10,93,170,0,74,RP,
434378,Justin Verlander,DET,AL,33,33,18,9,0,0,0,4,0,224.3,190,89,84,14,71,219,35,0,SP,
451135,Dan Cortes,SEA,AL,4,0,0,1,0,1,0,0,0,5.3,3,3,2,0,3,6,0,0,SP,
465679,Samuel Deduno,COL,NL,4,0,0,0,0,0,1,0,0,2.7,3,1,1,1,1,3,0,0,SP,
407297,Juan Cruz,KC,AL,5,0,0,0,0,1,0,0,0,5.3,9,2,2,0,4,7,0,46,RP,
493133,Hiroki Kuroda,LAD,NL,31,31,11,13,0,0,0,0,0,196.3,180,87,74,15,48,159,20,1,SP,
346847,Joe Beimel,COL,NL,71,0,1,2,0,1,20,0,0,45.0,46,18,17,5,15,21,0,71,RP,
434665,Nick Masset,CIN,NL,82,0,4,4,2,3,20,0,0,76.7,64,31,29,7,33,85,0,74,RP,
457918,J.A. Happ,HOU,NL,16,16,6,4,0,0,0,1,1,87.3,73,37,33,8,47,70,23,12,SP,
462382,Jim Johnson,BAL,AL,26,0,1,1,1,5,11,0,0,26.3,32,11,10,2,5,22,0,64,RP,
434181,Brandon League,SEA,AL,70,0,9,7,6,6,13,0,0,79.0,67,38,30,7,27,56,0,67,RP,
453311,Tim Lincecum,SF,NL,33,33,16,10,0,0,0,1,1,212.3,194,84,81,18,76,231,32,0,SP,
430911,David Aardsma,SEA,AL,53,0,0,6,31,5,0,0,0,49.7,33,19,19,5,25,49,0,73,RP,
118158,Ron Mahay,MIN,AL,41,0,1,1,0,1,2,0,0,34.0,33,15,13,5,8,25,0,57,RP,
211041,Ryan Franklin,STL,NL,59,0,6,2,27,2,0,0,0,65.0,57,25,25,7,10,42,0,62,RP,
434663,Leo Nunez,FLA,NL,68,0,4,3,30,8,5,0,0,65.0,62,27,25,5,21,71,0,75,RP,
279782,Jon Garland,LAD,NL,33,33,14,12,0,0,0,0,0,200.0,176,86,77,20,87,136,33,0,SP,
476451,Jeremy Hellickson,TB,AL,10,4,4,0,0,1,0,0,0,36.3,32,14,14,5,8,33,0,0,SP,
136263,Tim Byrdak,HOU,NL,64,0,2,2,0,0,11,0,0,38.7,40,15,15,4,20,29,0,76,RP,
460284,Dallas Braden,OAK,AL,30,30,11,14,0,0,0,5,2,192.7,180,83,75,17,43,113,22,0,SP,
453286,Max Scherzer,DET,AL,31,31,12,11,0,0,0,0,0,195.7,174,84,76,20,70,184,30,0,SP,
475243,Travis Wood,CIN,NL,17,17,5,4,0,0,0,0,0,102.7,85,45,40,9,26,86,0,0,SP,
276514,Kevin Gregg,TOR,AL,63,0,2,6,37,6,3,0,0,59.0,52,24,23,4,30,58,0,72,RP,
477569,Fernando Salas,STL,NL,27,0,0,0,0,1,1,0,0,30.7,28,13,12,4,15,29,0,0,RP,
434565,Robinson Tejeda,KC,AL,54,0,3,5,0,6,12,0,0,61.0,55,28,24,5,26,56,6,29,RP,
121096,Dennys Reyes,STL,NL,59,0,3,1,1,3,6,0,0,38.0,34,15,15,2,21,25,0,75,RP,
434671,Anibal Sanchez,FLA,NL,32,32,13,12,0,0,0,1,1,195.0,192,89,77,10,70,157,16,0,SP,
400104,Tyler Walker,WAS,NL,24,0,1,0,0,1,1,0,0,35.3,35,16,14,5,8,30,0,32,RP,
459411,Travis Schlichting,LAD,NL,14,0,1,0,0,0,0,0,0,22.7,20,9,9,0,10,14,0,2,RP,
451532,Chad Billingsley,LAD,NL,31,31,12,11,0,0,0,1,1,191.7,176,82,76,8,69,171,32,1,SP,
519322,Drew Storen,WAS,NL,54,0,4,4,5,2,10,0,0,55.3,48,24,22,3,22,52,0,0,RP,
543634,Ryan Perry,DET,AL,60,0,3,5,2,3,19,0,0,62.7,55,26,25,6,23,45,0,53,RP,
434643,Wandy Rodriguez,HOU,NL,32,32,11,12,0,0,0,0,0,195.0,183,95,78,16,68,178,33,0,SP,
502260,Vinnie Pestano,CLE,AL,5,0,0,0,1,0,0,0,0,5.0,4,2,2,0,5,8,0,0,RP,
453889,Matt Chico,WAS,NL,1,1,0,0,0,0,0,0,0,5.0,6,2,2,0,0,3,0,0,SP,
434718,Huston Street,COL,NL,44,0,4,4,20,5,0,0,0,47.3,39,21,19,5,11,45,0,64,RP,
429783,Rafael Betancourt,COL,NL,72,0,5,1,1,4,23,0,0,62.3,52,25,25,9,8,89,0,61,RP,
459939,Mitchell Boggs,STL,NL,61,0,2,3,0,0,6,0,0,67.3,60,29,27,5,27,52,9,7,SP,
538227,Hisanori Takahashi,LAA,AL,53,12,10,6,8,0,3,0,0,122.0,116,51,49,13,43,114,0,0,RP,
430629,Joel Hanrahan,PIT,NL,72,0,4,1,6,4,18,0,0,69.7,58,28,28,6,26,100,0,67,RP,
465629,Edward Mujica,FLA,NL,59,0,2,1,0,1,4,0,0,69.7,59,29,28,14,6,72,4,63,RP,
434538,Francisco Liriano,MIN,AL,31,31,14,10,0,0,0,0,0,191.7,184,77,77,9,58,201,24,5,SP,
150404,Ted Lilly,LAD,NL,30,30,10,12,0,0,0,1,1,193.7,165,83,78,32,44,166,27,0,SP,
456501,Johnny Cueto,CIN,NL,31,31,12,7,0,0,0,1,1,185.7,181,79,75,19,56,138,30,0,SP,
451788,Shaun Marcum,MIL,NL,31,31,13,8,0,0,0,1,0,195.3,181,84,79,24,43,165,0,0,SP,
115817,Livan Hernandez,WAS,NL,33,33,10,12,0,0,0,2,1,211.7,216,93,86,16,64,114,31,0,SP,
460059,Mike Pelfrey,NYM,NL,34,33,15,9,1,0,0,0,0,204.0,213,88,83,12,68,113,31,0,SP,
445163,Casey Janssen,TOR,AL,56,0,5,2,0,0,2,0,0,68.7,74,29,28,8,21,63,5,16,RP,
240694,J.C. Romero,PHI,NL,60,0,1,0,3,3,9,0,0,36.7,30,17,15,3,29,28,0,21,RP,
450665,Kris Medlen,ATL,NL,31,14,6,2,0,0,1,0,0,107.7,108,48,44,13,21,83,4,33,RP,
446185,Logan Ondrusek,CIN,NL,60,0,5,0,0,2,6,0,0,58.7,49,25,24,7,20,39,0,0,RP,
430630,Jason Frasor,TOR,AL,69,0,3,4,4,4,14,0,0,63.7,61,30,26,4,27,65,0,61,RP,
425647,D.J. Carrasco,NYM,NL,63,0,3,2,0,1,7,0,0,78.3,68,39,32,5,34,65,1,48,RP,
110683,Miguel Batista,WAS,NL,58,1,1,2,2,0,1,0,0,82.7,71,36,34,9,39,55,0,56,RP,
460283,Jerry Blevins,OAK,AL,63,0,2,1,1,1,11,0,0,48.7,54,20,20,7,18,46,0,20,RP,
453515,David Purcey,TOR,AL,33,0,1,1,1,0,3,0,0,34.0,26,16,14,3,15,32,9,0,SP,
444884,Chris Ray,SF,NL,63,0,5,0,2,2,9,0,0,55.7,48,23,23,5,25,31,0,46,RP,
433579,John Danks,CWS,AL,32,32,15,11,0,0,0,1,1,213.0,189,93,88,18,70,162,32,0,SP,
407890,Colby Lewis,TEX,AL,32,32,12,13,0,0,0,1,0,201.0,174,90,83,21,65,196,0,0,SP,
502253,Alex Sanabia,FLA,NL,15,12,5,3,0,0,0,0,0,72.3,74,32,30,6,16,47,0,0,SP,
460069,Ricky Romero,TOR,AL,32,32,14,9,0,0,0,3,1,210.0,189,98,87,15,82,174,29,0,SP,
488984,Tommy Hunter,TEX,AL,23,22,13,4,0,0,0,1,0,128.0,126,55,53,21,33,68,19,0,SP,
429714,Denny Bautista,SEA,AL,31,0,2,0,0,1,0,0,0,33.7,25,14,14,4,27,44,0,14,RP,
407842,Jose Veras,FLA,NL,48,0,3,3,0,2,19,0,0,48.0,32,20,20,5,29,54,0,47,RP,
430587,Taylor Buchholz,BOS,AL,9,0,1,0,0,0,0,0,0,12.0,10,5,5,2,6,9,0,0,RP,
134321,Carl Pavano,MIN,AL,32,32,17,11,0,0,0,7,2,221.0,227,95,92,24,37,117,33,0,SP,
453385,Clayton Richard,SD,NL,33,33,14,9,0,0,0,1,1,201.7,206,89,84,16,78,153,26,12,SP,
407911,Frank Francisco,TEX,AL,56,0,6,4,2,4,15,0,0,52.7,49,23,22,5,18,60,0,51,RP,
457435,Phil Coke,DET,AL,74,1,7,5,2,2,17,0,0,64.7,67,29,27,2,26,53,0,72,RP,
433584,Fausto Carmona,CLE,AL,33,33,13,14,0,0,0,4,1,210.3,203,98,88,17,72,124,24,0,SP,
450306,Jason Vargas,SEA,AL,31,31,9,12,0,0,0,0,0,192.7,187,86,81,18,54,116,14,9,SP,
239795,Chad Durbin,PHI,NL,64,0,4,1,0,1,15,0,0,68.7,63,29,29,7,27,63,0,59,RP,
453178,Ian Kennedy,ARI,NL,32,32,9,10,0,0,0,0,0,194.0,163,87,82,26,70,168,0,1,SP,
434619,Enrique Gonzalez,DET,AL,18,0,0,1,0,0,0,0,0,26.0,21,11,11,4,17,13,0,2,SP,
435619,Pat Misch,NYM,NL,12,6,0,4,0,0,0,0,0,37.7,43,20,16,4,4,23,7,19,RP,
502085,David Robertson,NYY,AL,64,0,4,5,1,2,14,0,0,61.3,59,26,26,5,33,71,0,45,RP,
501925,Joe Smith,CLE,AL,53,0,2,2,0,1,17,0,0,40.0,30,18,17,4,24,32,0,37,RP,
458250,Dusty Hughes,KC,AL,57,0,1,3,0,0,7,0,0,56.3,59,28,24,3,24,34,1,7,RP,
471911,Carlos Carrasco,CLE,AL,7,7,2,2,0,0,0,1,0,44.7,47,20,19,6,14,38,5,0,SP,
425386,Jeremy Guthrie,BAL,AL,32,32,11,14,0,0,0,0,0,209.3,193,93,89,25,50,119,33,0,SP,
451596,Yovani Gallardo,MIL,NL,31,31,14,7,0,0,0,2,2,185.0,178,89,79,12,75,200,30,0,SP,
150188,Francisco Cordero,CIN,NL,75,0,6,5,40,8,1,0,0,72.7,68,32,31,5,36,59,0,68,RP,
334492,Joel Pineiro,LAA,AL,23,23,10,7,0,0,0,3,1,152.3,155,66,65,15,34,92,32,0,SP,
133225,Ryan Dempster,CHC,NL,34,34,15,12,0,0,0,1,0,215.3,198,110,92,25,86,208,31,0,SP,
434958,Sean Green,MIL,NL,11,0,0,0,0,0,2,0,0,9.3,7,6,4,1,8,12,0,79,RP,
434592,Chris Resop,PIT,NL,23,0,0,0,0,0,5,0,0,21.0,15,9,9,1,13,26,0,0,
502136,Jordan Smith,CIN,NL,37,0,3,2,1,1,2,0,0,42.0,45,18,18,7,11,26,0,0,SP,
450832,Jesse English,WAS,NL,7,0,0,0,0,0,0,0,0,7.0,10,3,3,0,2,4,0,0,SP,
502621,Tobi Stoner,NYM,NL,1,0,0,1,0,0,0,0,0,2.3,3,1,1,0,1,0,0,4,SP,
276520,Bronson Arroyo,CIN,NL,33,33,17,10,0,0,0,2,0,215.7,188,95,93,29,59,121,33,0,SP,
346801,Brad Thomas,DET,AL,49,2,6,2,0,0,3,0,0,69.3,77,31,30,4,29,30,0,0,
449097,Jonathan Papelbon,BOS,AL,65,0,5,7,37,8,0,0,0,67.0,57,34,29,7,28,76,0,66,RP,
429717,Dan Haren,LAA,AL,35,35,12,12,0,0,0,2,0,235.0,245,110,102,31,54,216,33,0,SP,
490063,Matt Garza,TB,AL,33,32,15,10,1,0,0,3,1,204.7,193,94,89,28,63,150,32,0,SP,
502609,Daniel Ray Herrera,CIN,NL,36,0,1,3,0,1,9,0,0,23.0,31,10,10,2,6,14,0,70,RP,
446264,Barry Enright,ARI,NL,17,17,6,7,0,0,0,0,0,99.0,97,43,43,20,29,49,0,0,SP,
429722,Ervin Santana,LAA,AL,33,33,17,10,0,0,0,4,1,222.7,221,104,97,27,73,169,23,1,SP,
433578,Lance Cormier,TB,AL,60,0,4,3,0,0,4,0,0,62.0,68,28,27,7,34,30,0,53,RP,
425626,Chris Capuano,MIL,NL,24,9,4,4,0,0,1,0,0,66.0,65,29,29,9,21,54,0,0,
518875,Shawn Kelley,SEA,AL,22,0,3,1,0,0,3,0,0,25.0,26,11,11,5,12,26,0,41,RP,
452293,Jonathan Albaladejo,NYY,AL,10,0,0,0,0,0,0,0,0,11.3,9,5,5,1,8,8,0,32,RP,
448178,Kevin Jepsen,LAA,AL,68,0,2,4,0,4,27,0,0,59.0,54,26,26,2,29,61,0,54,RP,
488674,Burke Badenhop,FLA,NL,53,0,2,5,1,2,8,0,0,67.7,62,33,30,5,21,47,2,33,RP,
449060,Clay Rapada,TEX,AL,13,0,0,0,0,1,3,0,0,9.0,6,4,4,2,7,5,0,3,RP,
119125,Trever Miller,STL,NL,57,0,0,1,0,1,11,0,0,36.0,30,17,16,2,16,22,0,70,RP,
117955,Derek Lowe,ATL,NL,33,33,16,12,0,0,0,0,0,193.7,204,88,86,18,61,136,34,0,SP,
283166,Michael Gonzalez,BAL,AL,29,0,1,3,1,2,10,0,0,24.7,18,11,11,1,14,31,0,80,RP,
452240,Adam Russell,TB,AL,12,0,0,0,0,0,0,0,0,15.7,14,8,7,0,5,18,0,15,RP,
457428,James McDonald,PIT,NL,15,12,4,6,0,0,1,0,0,71.7,70,32,32,4,29,68,4,41,RP,
497807,Frank Herrmann,CLE,AL,40,0,0,1,1,1,7,0,0,44.7,48,22,20,6,9,24,0,0,RP,
455009,Jonathan Broxton,LAD,NL,64,0,5,6,22,7,3,0,0,62.3,64,30,28,4,28,73,0,73,RP,
218894,Vicente Padilla,LAD,NL,16,16,6,5,0,0,0,1,1,95.0,79,46,43,14,24,84,25,1,SP,
451584,Wade Davis,TB,AL,29,29,12,10,0,0,0,0,0,168.0,165,77,76,24,62,113,6,0,SP,
456102,David Pauley,SEA,AL,19,15,4,9,0,0,0,0,0,90.7,89,44,41,13,30,51,0,0,SP,
456027,Ross Ohlendorf,PIT,NL,21,21,1,11,0,0,0,0,0,108.3,106,54,49,12,44,79,29,0,SP,
150122,Damaso Marte,NYY,AL,30,0,0,0,0,2,9,0,0,17.7,10,8,8,2,11,12,0,21,RP,
502706,Derek Holland,TEX,AL,14,10,3,4,0,0,1,0,0,57.3,55,30,26,6,24,54,21,12,SP,
458537,Cory Luebke,SD,NL,4,3,1,1,0,0,0,0,0,17.7,17,8,8,3,6,18,0,0,SP,
425856,Gavin Floyd,CWS,AL,31,31,10,13,0,0,0,1,0,187.3,199,92,85,14,58,151,30,0,SP,
136734,Octavio Dotel,COL,NL,68,0,3,4,22,6,4,0,0,64.0,52,32,29,9,32,75,0,62,RP,
452733,Tom Gorzelanny,CHC,NL,29,23,7,9,1,0,1,0,0,136.3,136,70,62,11,68,119,7,15,SP,
450729,Doug Fister,SEA,AL,28,28,6,14,0,0,0,0,0,171.0,187,85,78,13,32,93,10,1,SP,
488787,Casey Coleman,CHC,NL,12,8,4,2,0,0,0,0,0,57.0,56,27,26,3,25,27,0,0,SP,
458155,Joe Martinez,PIT,NL,9,1,0,1,0,0,0,0,0,19.7,26,11,9,1,9,9,5,4,SP,
455605,J.D. Martin,WAS,NL,9,9,1,5,0,0,0,0,0,48.0,56,30,22,9,11,31,15,0,SP,
435538,Bill Bray,CIN,NL,35,0,0,2,0,0,2,0,0,28.3,21,13,13,4,10,30,0,0,RP,
448609,Tony Sipp,CLE,AL,70,0,2,2,1,2,15,0,0,63.0,48,30,29,12,39,69,0,46,RP,
346793,Jeremy Affeldt,SF,NL,53,0,4,3,4,3,7,0,0,50.0,56,25,23,4,24,44,0,74,RP,
450580,Dustin Richardson,FLA,NL,26,0,0,0,0,0,2,0,0,13.0,15,6,6,2,14,12,0,3,RP,
456899,Jon Link,LAD,NL,9,0,0,0,0,0,0,0,0,8.7,12,7,4,0,4,4,0,0,RP,
458950,Philip Humber,OAK,AL,8,1,2,1,0,0,1,0,0,21.7,22,10,10,1,7,16,0,8,SP,
217096,Barry Zito,SF,NL,34,33,9,14,0,0,0,1,0,199.3,184,97,92,20,84,150,33,0,SP,
150116,Randy Wolf,MIL,NL,34,34,13,12,0,0,0,1,1,215.7,213,107,100,29,87,142,34,0,SP,
136600,Bruce Chen,KC,AL,33,23,12,7,1,0,0,1,1,140.3,136,68,65,17,57,98,9,8,SP,
124604,Jamey Wright,SEA,AL,46,0,1,3,0,1,9,0,0,58.3,55,33,27,3,25,28,0,65,RP,
425844,Zack Greinke,MIL,NL,33,33,10,14,0,0,0,3,0,220.0,219,114,102,18,55,181,33,0,SP,
461833,Phil Hughes,NYY,AL,31,29,18,8,0,0,0,0,0,176.3,162,83,82,25,58,146,7,44,SP,
477003,Jonathon Niese,NYM,NL,30,30,9,10,0,0,0,2,1,173.7,192,97,81,20,62,148,5,0,SP,
150414,Jake Westbrook,STL,NL,33,33,10,11,0,0,0,1,0,202.7,203,99,95,20,68,128,0,0,SP,
400067,Carlos Silva,CHC,NL,21,21,10,6,0,0,0,0,0,113.0,120,55,53,11,24,80,6,2,SP,
407822,Jorge De La Rosa,COL,NL,20,20,8,7,0,0,0,0,0,121.7,105,62,57,15,55,113,32,1,SP,
446399,Brett Cecil,TOR,AL,28,28,15,7,0,0,0,0,0,172.7,175,87,81,18,54,117,17,1,SP,
453343,Mark Melancon,HOU,NL,22,0,2,0,0,1,8,0,0,21.3,19,13,10,2,8,22,0,13,RP,
502190,Mike Leake,CIN,NL,24,22,8,4,0,0,0,0,0,138.3,158,77,65,19,49,91,0,0,SP,
329092,Randy Choate,FLA,NL,85,0,4,3,0,2,18,0,0,44.7,41,23,21,3,17,40,0,61,RP,
407845,Fernando Rodney,LAA,AL,72,0,4,3,14,7,21,0,0,68.0,70,33,32,4,35,53,0,73,RP,
457935,Matt Daley,COL,NL,28,0,0,1,0,0,6,0,0,23.3,27,11,11,2,10,18,0,57,RP,
446321,Ross Detwiler,WAS,NL,8,5,1,3,0,0,0,0,0,29.7,34,22,14,5,14,17,14,1,SP,
453281,Wade LeBlanc,SD,NL,26,25,8,12,0,0,0,0,0,146.0,157,69,69,24,51,110,9,0,SP,
430641,Blaine Boyer,ARI,NL,54,0,3,2,0,4,5,0,0,57.0,59,32,27,3,29,29,0,48,RP,
448693,Ross Wolf,HOU,NL,11,0,0,0,0,0,0,0,0,12.7,12,6,6,1,6,9,0,0,RP,
448694,Randy Wells,CHC,NL,32,32,8,14,0,0,0,0,0,194.3,209,97,92,19,63,144,27,0,SP,
490008,Robert Manuel,BOS,AL,10,0,1,0,0,0,0,0,0,12.7,10,6,6,5,7,5,0,3,RP,
476570,Vin Mazzaro,KC,AL,24,18,6,8,0,0,0,0,0,122.3,127,70,58,19,50,79,17,0,SP,
279824,Mark Buehrle,CWS,AL,33,33,13,13,0,0,0,3,0,210.3,246,105,100,17,49,99,33,0,SP,
430962,Dustin Nippert,TEX,AL,38,2,4,5,0,1,5,0,0,56.7,61,28,27,7,34,47,10,10,RP,
458589,David Herndon,PHI,NL,47,0,1,3,0,1,1,0,0,52.3,67,27,25,2,17,29,0,0,RP,
451085,Brian Matusz,BAL,AL,32,32,10,12,0,0,0,0,0,175.7,173,88,84,19,63,143,8,0,SP,
456696,David Hernandez,ARI,NL,41,8,8,8,2,4,2,0,0,79.3,72,40,38,9,42,72,19,1,SP,
450172,Edinson Volquez,CIN,NL,12,12,4,3,0,0,0,0,0,62.7,59,30,30,6,35,67,9,0,SP,
430900,Michael Wuertz,OAK,AL,48,0,2,3,6,0,11,0,0,39.7,35,21,19,6,21,40,0,74,RP,
467094,Felix Doubront,BOS,AL,12,3,2,2,2,1,1,0,0,25.0,27,16,12,3,10,23,0,0,SP,
470462,Ramon Troncoso,LAD,NL,52,0,2,3,0,1,8,0,0,54.0,55,28,26,7,18,34,0,73,RP,
150407,Guillermo Mota,SF,NL,56,0,1,3,1,2,8,0,0,54.0,49,29,26,4,22,38,0,61,RP,
455374,Antonio Bastardo,PHI,NL,25,0,2,0,0,1,2,0,0,18.7,19,9,9,1,9,26,5,1,SP,
477557,Francisco Rodriguez,LAA,AL,43,0,1,3,0,1,2,0,0,47.3,46,23,23,5,26,36,0,0,RP,
467856,Carlos Monasterios,LAD,NL,32,13,3,5,0,0,0,0,0,88.3,99,48,43,15,29,52,0,0,RP,
434637,Matt Lindstrom,COL,NL,58,0,2,5,23,6,4,0,0,53.3,68,26,26,5,20,43,0,54,RP,
435298,Jeff Niemann,TB,AL,30,29,12,8,0,0,0,1,1,174.3,159,86,85,25,61,131,30,1,SP,
407793,John Lackey,BOS,AL,33,33,14,11,0,0,0,0,0,215.0,233,114,105,18,72,156,27,0,SP,
501955,Joba Chamberlain,NYY,AL,73,0,3,4,3,4,26,0,0,71.7,71,37,35,6,22,77,31,1,SP,
276530,Scott Linebrink,ATL,NL,52,0,3,2,0,1,4,0,0,57.3,59,31,28,11,17,52,0,57,RP,
452676,Mitch Talbot,CLE,AL,28,28,10,13,0,0,0,1,0,159.3,169,88,78,13,69,88,0,0,SP,
458567,Andy Sonnanstine,TB,AL,41,4,3,1,1,0,0,0,0,81.0,83,40,40,11,27,50,18,4,SP,
277405,Justin Miller,SEA,AL,19,0,0,0,0,0,1,0,0,24.3,22,12,12,4,8,30,0,44,RP,
408057,Bobby Jenks,BOS,AL,55,0,1,3,27,4,0,0,0,52.7,54,28,26,3,18,61,0,52,RP,
458713,Kevin Slowey,MIN,AL,30,28,13,6,0,0,0,0,0,155.7,172,80,77,21,29,116,16,0,SP,
456701,Homer Bailey,CIN,NL,19,19,4,3,0,0,0,1,1,109.0,109,55,54,11,40,100,20,0,SP,
429719,Edwin Jackson,CWS,AL,32,32,10,12,0,0,0,1,1,209.3,214,111,104,21,78,181,33,0,SP,
434578,Joe Saunders,ARI,NL,33,33,9,17,0,0,0,3,1,203.3,232,120,101,25,64,114,31,0,SP,
435044,Scott Baker,MIN,AL,29,29,12,9,0,0,0,0,0,170.3,186,87,85,23,43,148,33,0,SP,
453344,Brandon Morrow,TOR,AL,26,26,10,7,0,0,0,1,1,146.3,136,76,73,11,66,178,10,16,RP,
451482,Armando Galarraga,DET,AL,25,24,4,9,0,0,0,2,1,144.3,143,75,72,21,51,74,25,4,SP,
489150,Clayton Mortensen,OAK,AL,1,1,0,0,0,0,0,0,0,6.0,6,4,3,1,2,7,6,1,SP,
408310,Aaron Heilman,ARI,NL,70,0,5,8,6,8,12,0,0,72.0,73,37,36,9,26,55,0,70,RP,
448241,Justin James,MIL,NL,5,0,0,0,0,1,0,0,0,4.0,7,2,2,0,4,5,0,0,
506606,Hideki Okajima,BOS,AL,56,0,4,4,0,4,11,0,0,46.0,59,24,23,6,20,33,0,68,RP,
425786,Scott Atchison,BOS,AL,43,1,2,3,0,0,7,0,0,60.0,58,37,30,9,19,41,0,0,
346799,Juan Rincon,COL,NL,2,0,0,0,0,0,0,0,0,2.0,3,1,1,0,2,3,0,33,RP,
459967,Sam LeCure,CIN,NL,15,6,2,5,0,0,0,0,0,48.0,50,24,24,6,25,37,0,0,SP,
276914,Cedrick Bowers,OAK,AL,14,0,0,1,0,0,0,0,0,14.0,12,9,7,4,6,18,0,0,RP,
460349,Carlos Rosa,ARI,NL,22,0,0,2,0,1,1,0,0,20.0,20,10,10,1,12,9,0,7,RP,
491688,Enerio Del Rosario,HOU,NL,11,0,1,1,0,2,0,0,0,10.0,17,7,5,0,4,4,0,0,RP,
467100,Ivan Nova,NYY,AL,10,7,1,2,0,1,0,0,0,42.0,44,22,21,4,17,26,0,0,SP,
492821,Henry Villar,HOU,NL,8,0,0,0,0,0,1,0,0,6.0,5,3,3,0,3,3,0,0,RP,
445060,Ricky Nolasco,FLA,NL,26,26,14,9,0,0,0,1,0,157.7,169,82,79,24,33,147,31,0,SP,
458006,Matt Albers,BOS,AL,62,0,5,3,0,2,7,0,0,75.7,78,41,38,6,34,49,0,56,RP,
444836,Aaron Laffey,CLE,AL,29,5,2,3,0,0,5,0,0,55.7,62,30,28,1,28,28,19,6,SP,
282656,Ben Sheets,OAK,AL,20,20,4,9,0,0,0,0,0,119.3,123,65,60,18,43,84,0,0,SP,
457796,Garrett Olson,SEA,AL,35,0,0,3,1,0,1,0,0,37.7,42,20,19,6,15,31,11,20,SP,
433657,Dave Bush,MIL,NL,32,31,8,13,0,0,1,0,0,174.3,198,108,88,28,65,107,21,1,SP,
461212,Matt Palmer,LAA,AL,14,1,1,2,0,0,1,0,0,33.7,38,20,17,1,20,17,13,27,SP,
469159,Henry Rodriguez,WAS,NL,29,0,1,0,0,1,3,0,0,27.7,25,16,14,2,13,33,0,3,RP,
458708,Josh Tomlin,CLE,AL,12,12,6,4,0,0,0,1,0,73.0,72,38,37,10,19,43,0,0,SP,
458690,Chris Volstad,FLA,NL,30,30,12,9,0,0,0,2,1,175.0,187,94,89,17,60,102,29,0,SP,
453646,Carlos Villanueva,TOR,AL,50,0,2,0,1,3,14,0,0,52.7,48,27,27,7,22,67,6,58,RP,
434482,Jesse Carlson,TOR,AL,20,0,0,0,1,0,2,0,0,13.7,13,7,7,3,5,8,0,73,RP,
516769,Jenrry Mejia,NYM,NL,33,3,0,4,0,1,2,0,0,39.0,46,21,20,3,20,22,0,0,SP,
466918,Manuel Corpas,COL,NL,56,0,3,5,10,4,2,0,0,62.3,66,33,32,7,22,47,0,35,RP,
444382,Eddie Bonine,PHI,NL,47,1,4,1,0,0,2,0,0,68.0,84,37,35,7,22,26,4,6,SP,
408241,Jake Peavy,CWS,AL,17,17,7,6,0,0,0,1,1,107.0,98,55,55,13,34,93,16,0,SP,
457453,Jair Jurrjens,ATL,NL,20,20,7,6,0,0,0,0,0,116.3,120,63,60,13,42,86,34,0,SP,
150119,Freddy Garcia,CWS,AL,28,28,12,6,0,0,0,0,0,157.0,171,85,81,23,45,89,9,0,SP,
458709,John Lannan,WAS,NL,25,25,8,8,0,0,0,0,0,143.3,175,82,74,14,49,71,33,0,SP,
453562,Jake Arrieta,BAL,AL,18,18,6,6,0,0,0,0,0,100.3,106,57,52,9,48,52,0,0,SP,
407901,Jorge Sosa,FLA,NL,22,2,2,3,0,0,0,0,0,36.7,39,22,19,4,18,19,0,18,RP,
120221,Chan Ho Park,PIT,NL,53,0,4,3,0,3,1,0,0,63.7,65,39,33,9,19,52,7,38,RP,
491646,Jeanmar Gomez,CLE,AL,11,11,4,5,0,0,0,0,0,57.7,73,36,30,7,22,34,0,0,SP,
493137,Daisuke Matsuzaka,BOS,AL,25,25,9,6,0,0,0,0,0,153.7,137,84,80,13,74,133,12,0,SP,
476601,Michael Bowden,BOS,AL,14,0,0,1,0,0,0,0,0,15.3,20,8,8,2,4,13,1,7,SP,
407860,Gustavo Chacin,HOU,NL,44,0,2,2,1,0,5,0,0,38.3,51,22,20,3,20,31,0,0,SP,
475416,Justin Masterson,CLE,AL,34,29,6,13,0,0,2,1,1,180.0,197,107,94,14,73,140,16,26,SP,
457448,Matt Harrison,TEX,AL,37,6,3,2,2,1,3,0,0,78.3,80,45,41,10,39,46,11,0,SP,
457707,Trevor Bell,LAA,AL,25,7,2,5,0,0,1,0,0,61.0,77,35,32,2,21,45,4,4,SP,
452718,Kyle Kendrick,PHI,NL,33,31,11,10,0,0,0,1,0,180.7,199,103,95,26,49,84,2,7,SP,
475138,Kyle Drabek,TOR,AL,3,3,0,3,0,0,0,0,0,17.0,18,9,9,2,5,12,0,0,SP,
434298,Todd Coffey,MIL,NL,69,0,2,4,0,2,13,0,0,62.3,65,40,33,8,23,56,0,78,RP,
445193,Robert Coello,BOS,AL,6,0,0,0,0,0,0,0,0,5.7,4,3,3,0,5,5,0,0,RP,
488768,Andrew Cashner,CHC,NL,53,0,2,6,0,1,16,0,0,54.3,55,31,29,8,30,50,0,0,SP,
434628,Jason Hammel,COL,NL,30,30,10,9,0,0,0,0,0,177.7,201,97,95,18,47,141,30,4,SP,
460024,Luke Hochevar,KC,AL,18,17,6,6,0,0,0,1,0,103.0,110,61,55,9,37,76,25,0,SP,
430599,Joe Blanton,PHI,NL,29,28,9,6,0,0,0,0,0,175.7,206,104,94,27,43,134,31,0,SP,
448287,Luke French,SEA,AL,16,13,5,7,0,0,0,0,0,87.7,88,47,47,13,29,37,12,3,SP,
444427,Kanekoa Texeira,KC,AL,43,0,1,1,0,0,2,0,0,61.3,73,36,33,3,25,33,0,0,RP,
119469,Jamie Moyer,PHI,NL,19,19,9,9,0,0,0,2,1,111.7,103,64,60,20,20,63,25,5,SP,
450852,Cristhian Martinez,ATL,NL,18,0,0,0,0,0,0,0,0,26.0,28,14,14,3,6,22,0,15,SP,
449173,Lucas Harrell,CWS,AL,8,3,1,0,0,0,0,0,0,24.0,34,18,13,2,17,15,0,0,SP,
408072,Jason Bulger,LAA,AL,25,0,0,0,0,0,2,0,0,24.0,25,14,13,3,15,25,0,64,RP,
447744,Raul Valdes,STL,NL,38,1,3,3,1,2,1,0,0,58.7,59,33,32,7,27,56,0,0,RP,
460257,Matt Fox,BOS,AL,4,1,0,0,0,0,0,0,0,7.3,8,4,4,0,2,0,0,0,SP,
469735,Edwar Ramirez,OAK,AL,7,0,1,0,0,0,0,0,0,11.0,9,7,6,1,10,10,0,20,RP,
519144,Rick Porcello,DET,AL,27,27,10,12,0,0,0,0,0,162.7,188,96,89,18,38,84,31,0,SP,
502032,Bud Norris,HOU,NL,27,27,9,10,0,0,0,0,0,153.7,151,94,84,18,77,158,10,1,SP,
119215,Brian Moehler,HOU,NL,20,8,1,4,0,0,0,0,0,56.7,66,32,31,5,26,28,29,0,SP,
444371,Jeff Karstens,PIT,NL,26,19,3,10,0,0,0,0,0,122.7,146,72,67,21,27,72,13,26,SP,
430580,Alfredo Simon,BAL,AL,49,0,4,2,17,4,1,0,0,49.3,54,30,27,10,22,37,2,0,SP,
519455,Jordan Zimmermann,WAS,NL,7,7,1,2,0,0,0,0,0,31.0,31,20,17,8,10,27,16,0,SP,
519240,Marc Rzepczynski,TOR,AL,14,12,4,4,0,0,2,0,0,63.7,72,37,35,8,30,57,11,0,SP,
400291,Dustin Moseley,SD,NL,16,9,4,4,0,0,0,0,0,65.3,66,36,36,13,27,33,3,0,SP,
460701,James Russell,CHC,NL,57,0,1,1,0,2,6,0,0,49.0,55,37,27,11,11,42,0,0,SP,
458003,Blake Hawksworth,LAD,NL,45,8,4,8,0,0,4,0,0,90.3,113,56,50,15,35,61,0,30,SP,
448269,Brad Bergesen,BAL,AL,30,28,8,12,0,0,0,2,0,170.0,193,104,94,26,51,81,19,0,SP,
429780,Chris Narveson,MIL,NL,37,28,12,9,0,1,3,0,0,167.7,172,96,93,21,59,137,4,17,RP,
434638,Brian Burres,PIT,NL,20,13,4,5,0,0,0,0,0,79.3,87,48,44,9,34,45,2,0,SP,
434668,Manny Delcarmen,COL,NL,57,0,3,4,0,3,8,0,0,52.3,45,30,29,8,32,38,0,64,RP,
150438,Rodrigo Lopez,ARI,NL,33,33,7,16,0,0,0,0,0,200.0,227,126,111,37,56,116,5,2,SP,
433585,Jeff Francis,COL,NL,20,19,4,6,0,0,0,0,0,104.3,119,61,58,11,23,67,0,0,SP,
450212,Pat Neshek,MIN,AL,11,0,0,1,0,1,1,0,0,9.0,7,5,5,1,8,9,0,0,RP,
228594,David Riske,MIL,NL,23,0,0,0,0,0,0,0,0,23.3,25,14,13,2,8,16,0,1,RP,
448159,Manny Parra,MIL,NL,42,16,3,10,0,0,0,0,0,122.0,135,76,68,18,63,129,27,0,SP,
430613,Ronald Belisario,LAD,NL,59,0,3,1,2,2,16,0,0,55.3,52,31,31,6,19,38,0,69,RP,
122987,Jeff Suppan,STL,NL,30,15,3,8,0,0,0,0,0,101.3,130,61,57,13,37,51,30,0,SP,
502028,Blake Wood,KC,AL,51,0,1,3,0,4,15,0,0,49.7,54,29,28,6,22,31,0,0,SP,
434641,Juan Gutierrez,ARI,NL,58,0,0,6,15,2,8,0,0,56.7,55,33,32,13,23,47,0,65,RP,
346871,Aaron Cook,COL,NL,23,23,6,8,0,0,0,2,0,127.7,147,77,72,11,52,62,27,0,SP,
462995,Rick VandenHurk,BAL,AL,9,1,0,1,0,0,0,0,0,17.7,16,14,10,2,8,18,11,0,SP,
430904,Paul Maholm,PIT,NL,32,32,9,15,0,0,0,1,1,185.3,228,119,105,15,62,102,31,0,SP,
430963,Tony Pena,CWS,AL,52,3,5,3,0,0,1,0,0,100.7,108,63,57,10,45,56,0,72,RP,
119154,Kevin Millwood,BAL,AL,31,31,4,16,0,0,0,1,0,190.7,223,116,108,30,65,132,31,0,SP,
462956,Felipe Paulino,COL,NL,19,14,1,9,0,1,1,0,0,91.7,95,63,52,4,46,83,17,6,SP,
458657,Adalberto Mendez,FLA,NL,5,5,1,3,0,0,0,0,0,24.7,28,14,14,7,12,11,0,0,RP,
489334,Craig Stammen,WAS,NL,35,19,4,4,0,0,1,0,0,128.0,151,78,73,13,41,85,19,0,SP,
150249,Kris Benson,ARI,NL,3,3,1,1,0,0,0,0,0,14.0,18,9,8,2,6,8,2,6,SP,
457447,Luis Atilano,WAS,NL,16,16,6,7,0,0,0,0,0,85.7,96,56,49,11,32,40,0,0,SP,
499877,Kenshin Kawakami,ATL,NL,18,16,1,10,0,0,0,0,0,87.3,98,57,50,10,32,59,25,7,SP,
448753,Justin Berg,CHC,NL,41,0,0,1,0,0,5,0,0,40.0,45,27,23,3,20,14,0,11,RP,
448306,James Shields,TB,AL,34,33,13,15,0,0,0,0,0,203.3,246,128,117,34,51,187,33,0,SP,
469167,Jose Ceda,FLA,NL,8,0,0,0,0,0,0,0,0,8.7,8,5,5,1,11,9,0,0,
458220,Esmerling Vasquez,ARI,NL,57,0,1,6,0,2,6,0,0,53.7,46,32,31,6,38,55,0,53,RP,
457461,Sean White,SEA,AL,38,0,0,1,0,3,5,0,0,34.3,45,20,20,4,11,15,0,52,RP,
150359,A.J. Burnett,NYY,AL,33,33,10,15,0,0,0,1,0,186.7,204,118,109,25,78,145,33,0,SP,
424805,Mark Hendrickson,BAL,AL,52,1,1,6,0,2,8,0,0,75.3,97,47,44,9,20,55,11,42,SP,
276912,Scot Shields,LAA,AL,43,1,0,3,0,1,1,0,0,46.0,45,31,27,6,34,39,0,20,RP,
453249,Jeff Manship,MIN,AL,13,1,2,1,0,0,0,0,0,29.0,34,20,17,3,6,21,5,6,SP,
400125,Jesus Colome,TEX,AL,12,0,0,1,0,0,0,0,0,17.0,15,10,10,1,11,16,0,21,RP,
488751,Alex Burnett,MIN,AL,41,0,2,2,0,0,2,0,0,47.7,52,28,28,6,23,37,0,0,RP,
421685,Aaron Harang,SD,NL,22,20,6,7,0,0,0,0,0,111.7,139,71,66,16,38,82,26,0,SP,
134320,Javier Vazquez,FLA,NL,31,26,10,10,0,0,1,0,0,157.3,155,96,93,32,65,121,32,0,SP,
123801,Tim Wakefield,BOS,AL,32,19,4,10,0,0,0,0,0,140.0,153,92,83,19,36,84,21,0,SP,
434678,Kyle Davies,KC,AL,32,32,8,12,0,0,0,1,0,183.7,206,114,109,20,80,126,22,0,SP,
451585,Sam Demel,ARI,NL,37,0,2,1,2,0,4,0,0,37.0,42,27,22,5,12,33,0,0,RP,
452249,Micah Owings,CIN,NL,22,0,3,2,0,0,0,0,0,33.3,28,20,20,3,25,35,19,7,SP,
434672,Chris Smith,SEA,AL,3,0,0,0,0,0,0,0,0,3.3,4,2,2,0,1,4,0,35,RP,
452241,Garrett Mock,WAS,NL,1,1,0,0,0,0,0,0,0,3.3,4,2,2,2,5,3,15,13,SP,
429781,Kevin Correia,PIT,NL,28,26,10,10,0,0,0,0,0,145.0,152,89,87,20,64,115,33,0,SP,
448592,Cla Meredith,BAL,AL,21,0,0,2,1,1,3,0,0,15.0,18,9,9,4,4,7,0,64,RP,
450275,Mark Lowe,TEX,AL,14,0,1,3,0,0,4,0,0,13.3,18,9,8,2,6,12,0,75,RP,
122620,Russ Springer,CIN,NL,2,0,0,0,0,0,0,0,0,1.7,2,1,1,0,0,1,0,74,RP,
430942,Randy Williams,BOS,AL,27,0,0,1,0,1,1,0,0,25.0,37,17,15,2,21,22,0,25,RP,
448147,Nick Blackburn,MIN,AL,28,26,10,12,0,0,0,1,0,161.0,194,101,97,25,40,68,33,0,SP,
444857,Scott Feldman,TEX,AL,29,22,7,11,0,0,0,0,0,141.3,181,98,86,18,45,75,31,3,SP,
276056,Danys Baez,PHI,NL,51,0,3,4,0,2,6,0,0,47.7,55,31,29,6,23,28,0,59,RP,
457711,Sean O'Sullivan,KC,AL,19,14,4,6,0,0,0,0,0,83.7,90,53,51,15,31,43,10,2,SP,
518655,John Ely,LAD,NL,18,18,4,10,0,0,0,0,0,100.0,105,63,61,12,40,76,0,0,SP,
475115,Tyson Ross,OAK,AL,26,2,1,4,1,1,2,0,0,39.3,39,24,24,4,20,32,0,0,RP,
445246,Jeff Fulchino,HOU,NL,50,0,2,1,0,1,5,0,0,47.3,53,30,29,7,22,46,0,61,RP,
445971,Tim Wood,WAS,NL,26,0,0,1,1,2,3,0,0,27.7,33,19,17,2,15,10,0,18,RP,
425827,Jeremy Bonderman,DET,AL,30,29,8,10,0,0,1,0,0,171.0,187,113,105,25,60,112,1,7,SP,
435179,Scott Olsen,PIT,NL,17,15,4,8,0,0,0,0,0,81.0,93,54,50,10,27,53,11,0,SP,
425848,Rich Harden,OAK,AL,20,18,5,5,0,0,0,0,0,92.0,91,61,57,18,62,75,26,0,SP,
407791,Brendan Donnelly,PIT,NL,38,0,3,1,0,0,9,0,0,30.7,26,21,19,6,25,26,0,30,RP,
434666,Josh Rupe,BAL,AL,11,0,1,1,0,0,5,0,0,9.7,14,6,6,1,7,8,0,4,RP,
459932,Hector Ambriz,CLE,AL,34,0,0,2,0,0,0,0,0,48.3,68,31,30,10,17,37,0,0,SP,
425883,Dontrelle Willis,CIN,NL,15,13,2,3,0,0,0,0,0,65.7,72,41,41,6,56,47,7,0,SP,
434629,Chris Seddon,SEA,AL,14,0,1,0,0,0,0,0,0,22.3,21,14,14,4,10,16,0,0,SP,
457567,Carlos Fisher,CIN,NL,18,0,1,1,0,0,0,0,0,22.3,22,14,14,1,13,21,0,39,RP,
502166,Brad Mills,TOR,AL,7,3,1,0,0,0,1,0,0,22.3,20,14,14,2,13,18,2,0,SP,
429985,Chad Gaudin,WAS,NL,42,0,1,4,0,1,1,0,0,65.3,73,45,41,16,25,53,25,6,SP,
502158,Josh Roenicke,TOR,AL,16,0,1,0,0,0,2,0,0,19.0,18,15,12,1,13,18,0,24,RP,
425487,Todd Wellemeyer,SF,NL,13,11,3,5,0,0,0,0,0,58.7,57,37,37,12,35,41,21,7,SP,
219194,Gil Meche,KC,AL,20,9,0,5,0,0,6,1,0,61.7,65,42,39,9,38,41,23,0,SP,
435043,Zach Duke,ARI,NL,29,29,8,15,0,0,0,0,0,159.0,212,115,101,25,51,96,32,0,SP,
449079,Wesley Wright,HOU,NL,14,4,1,2,0,0,0,0,0,33.0,37,27,21,6,13,29,0,49,RP,
451595,Sean Gallagher,PIT,NL,46,0,2,1,0,0,3,0,0,57.7,62,40,37,7,41,43,2,12,SP,
277417,Josh Beckett,BOS,AL,21,21,6,6,0,0,0,0,0,127.7,151,89,82,20,45,116,32,0,SP,
444126,Rafael Rodriguez,ARI,NL,3,0,0,0,0,0,0,0,0,4.7,5,3,3,1,3,3,0,18,RP,
446209,Jesse Litsch,TOR,AL,9,9,1,5,0,0,0,0,0,46.7,53,30,30,7,15,16,2,0,SP,
456496,Marcos Mateo,CHC,NL,21,0,0,1,0,0,1,0,0,21.7,20,15,14,6,9,26,0,0,RP,
450282,Glen Perkins,MIN,AL,13,1,1,1,0,0,0,0,0,21.7,29,16,14,3,5,14,17,1,SP,
467099,Jordan Norberto,ARI,NL,33,0,0,2,0,1,3,0,0,20.0,16,13,13,3,22,15,0,0,RP,
501957,Chris Tillman,BAL,AL,11,11,2,5,0,0,0,0,0,53.7,51,37,35,9,31,31,12,0,SP,
493337,Yunesky Maya,WAS,NL,5,5,0,3,0,0,0,0,0,26.0,30,18,17,3,11,12,0,0,
116034,Trevor Hoffman,MIL,NL,50,0,2,7,10,5,2,0,0,47.3,49,31,31,8,19,30,0,55,RP,
445926,Jesse Chavez,KC,AL,51,0,5,5,0,1,6,0,0,62.7,69,44,41,11,23,45,0,73,RP,
448200,Chris Sampson,HOU,NL,35,0,1,0,0,2,5,0,0,30.3,43,22,20,7,8,16,0,49,RP,
431148,Scott Kazmir,LAA,AL,28,28,9,15,0,0,0,0,0,150.0,158,103,99,25,79,93,26,0,SP,
425146,Nate Robertson,PHI,NL,21,18,6,8,0,0,0,0,0,101.3,115,76,67,12,42,63,6,22,SP,
501985,Mike Minor,ATL,NL,9,8,3,2,0,0,0,0,0,40.7,53,28,27,6,11,43,0,0,SP,
502208,P.J. Walters,STL,NL,7,3,2,0,0,0,0,0,0,30.0,32,20,20,5,10,22,1,7,SP,
430588,Fernando Nieve,PIT,NL,40,1,2,4,0,2,6,0,0,42.0,37,28,28,10,22,38,7,1,RP,
453381,Kevin Mulvey,ARI,NL,2,0,0,0,0,0,0,0,0,3.0,5,2,2,2,2,1,4,4,SP,
450545,Doug Mathis,TEX,AL,13,0,1,1,0,0,0,0,0,22.3,30,15,15,7,11,10,2,22,RP,
213711,Jeff Weaver,LAD,NL,43,0,5,1,0,1,5,0,0,44.3,48,30,30,5,20,26,7,21,RP,
459999,Jeff Stevens,CHC,NL,18,0,0,0,0,1,1,0,0,17.7,21,15,12,4,10,15,0,11,RP,
425818,Boof Bonser,NYM,NL,15,0,1,0,0,0,3,0,0,25.0,33,17,17,2,8,17,0,0,RP,
425860,Bryan Bullington,KC,AL,13,5,1,4,0,0,0,0,0,42.7,51,29,29,6,17,29,0,4,SP,
445216,Daniel McCutchen,PIT,NL,28,9,2,5,0,0,0,0,0,67.7,83,48,46,13,28,38,6,0,SP,
469134,Esmil Rogers,COL,NL,28,8,2,3,0,1,1,0,0,72.0,94,59,49,5,26,66,1,0,SP,
429720,John Maine,NYM,NL,9,9,1,3,0,0,0,0,0,39.7,47,29,27,8,25,39,15,0,SP,
519405,Robbie Weinhardt,DET,AL,28,0,2,2,0,2,5,0,0,29.3,40,23,20,2,8,21,0,0,RP,
453307,David Huff,CLE,AL,15,15,2,11,0,0,0,1,0,79.7,101,61,55,14,34,37,22,0,SP,
476206,Justin Thomas,PIT,NL,12,0,0,1,0,0,0,0,0,13.0,21,9,9,3,5,5,0,0,RP,
460105,Greg Smith,COL,NL,8,8,1,2,0,0,0,0,0,39.0,49,28,27,8,24,31,0,0,SP,
462985,Franklin Morales,COL,NL,35,0,0,4,3,3,1,0,0,28.7,28,22,20,5,24,27,2,38,SP,
150009,Ramon Ortiz,TB,AL,16,2,1,2,0,0,1,0,0,30.0,33,22,21,5,16,21,0,0,RP,
444444,Mitch Atkins,BAL,AL,5,0,0,0,0,0,0,0,0,10.0,12,8,7,2,6,10,0,2,SP,
446454,Brian Bannister,KC,AL,24,23,7,12,0,0,0,0,0,127.7,158,92,90,23,50,77,26,0,SP,
429984,Scott Proctor,ATL,NL,6,0,0,0,0,0,0,0,0,5.7,4,4,4,1,4,6,0,0,RP,
425226,Brian Tallet,STL,NL,34,5,2,6,0,2,1,0,0,77.3,84,60,55,20,38,53,25,12,RP,
433581,Brad Thompson,HOU,NL,16,0,0,4,0,1,1,0,0,19.7,25,16,14,4,4,10,8,24,RP,
430636,Ian Snell,SEA,AL,12,8,0,5,0,0,0,0,0,46.3,60,36,33,10,25,26,27,0,SP,
435620,Jack Taschner,LAD,NL,20,0,1,0,0,1,2,0,0,19.7,23,14,14,3,11,17,0,24,RP,
430101,Chad Cordero,NYM,NL,9,0,0,1,0,0,0,0,0,9.7,10,7,7,1,5,6,0,0,RP,
502055,Jay Buente,FLA,NL,8,0,0,0,0,0,0,0,0,11.0,16,8,8,0,11,9,0,0,RP,
346798,Kyle Lohse,STL,NL,18,18,4,8,0,0,0,0,0,92.0,129,75,67,9,35,54,22,1,SP,
150302,Jason Marquis,WAS,NL,13,13,2,9,0,0,0,0,0,58.7,76,47,43,9,24,31,33,0,SP,
547820,Fu-Te Ni,DET,AL,22,0,0,1,0,0,1,0,0,23.0,27,19,17,2,19,22,0,36,RP,
453184,Brad Lincoln,PIT,NL,11,9,1,4,0,0,0,0,0,52.7,66,42,39,9,15,25,0,0,SP,
430941,George Sherrill,ATL,NL,65,0,2,2,0,4,7,0,0,36.3,46,28,27,4,24,25,0,72,RP,
518813,Greg Holland,KC,AL,15,0,0,1,0,0,0,0,0,18.7,23,15,14,3,8,23,0,0,RP,
434884,Ryan Rowland-Smith,HOU,NL,27,20,1,10,0,0,0,0,0,109.3,141,94,82,25,44,49,15,0,SP,
451650,Rommie Lewis,TOR,AL,14,0,0,0,0,0,0,0,0,18.7,20,14,14,4,8,15,0,0,RP,
462522,Jeff Gray,CHC,NL,7,0,1,0,0,0,0,0,0,9.3,12,9,7,1,5,4,0,24,RP,
501697,Jhan Marinez,FLA,NL,4,0,1,1,0,2,0,0,0,2.7,3,3,2,1,3,3,0,0,
460092,Chris Leroux,PIT,NL,23,0,0,1,0,2,3,0,0,22.7,28,18,17,1,14,22,0,5,RP,
476127,Zach Kroenke,ARI,NL,3,1,1,0,0,0,0,0,0,6.7,9,5,5,2,4,2,0,0,RP,
451628,Alfredo Figaro,DET,AL,8,1,0,2,0,0,0,0,0,14.7,18,12,11,1,8,5,3,2,SP,
445968,Dana Eveland,LAD,NL,12,10,3,5,0,0,0,0,0,54.3,72,44,41,4,32,24,9,4,SP,
424144,Oliver Perez,NYM,NL,17,7,0,5,0,0,0,0,0,46.3,54,37,35,9,42,37,14,0,SP,
435080,Thomas Diamond,CHC,NL,16,3,1,3,0,0,0,0,0,29.0,33,23,22,5,18,36,0,0,RP,
425656,Wil Ledezma,PIT,NL,27,0,0,3,0,0,3,0,0,19.7,25,16,15,2,6,22,0,5,RP,
579799,Ryota Igarashi,NYM,NL,34,0,1,1,0,0,2,0,0,30.3,29,24,24,4,18,25,0,0,RP,
449820,Leo Rosales,ARI,NL,16,0,2,0,0,0,2,0,0,16.3,25,13,13,2,9,12,0,33,RP,
430665,Brandon Medders,SF,NL,14,0,0,0,0,0,0,0,0,15.0,26,12,12,3,6,8,0,61,RP,
213680,Mike MacDougal,STL,NL,17,0,1,1,0,1,0,0,0,18.7,23,15,15,1,12,14,0,57,RP,
282567,Claudio Vargas,LAD,NL,17,0,1,0,0,0,0,0,0,19.7,28,16,16,3,10,18,0,36,RP,
430589,Chad Qualls,TB,AL,70,0,3,4,12,7,11,0,0,59.0,85,56,48,7,21,49,0,51,RP,
150221,Mike Lincoln,CIN,NL,19,0,1,0,0,0,3,0,0,19.7,25,16,16,1,10,12,0,19,RP,
445213,Brandon Kintzler,MIL,NL,7,0,0,1,0,0,0,0,0,7.3,10,6,6,2,4,9,0,0,SP,
501874,Kam Mickolio,ARI,NL,3,0,0,0,0,0,0,0,0,3.7,5,3,3,1,3,4,0,11,RP,
346848,John Grabow,CHC,NL,28,0,1,3,0,1,7,0,0,25.7,35,24,21,5,13,20,0,75,RP,
501989,Andy Oliver,DET,AL,5,5,0,4,0,0,0,0,0,22.0,26,22,18,3,13,18,0,0,
452237,Taylor Tankersley,FLA,NL,27,0,0,0,0,3,6,0,0,12.0,12,11,10,4,7,7,0,0,RP,
519357,Jess Todd,CLE,AL,5,0,0,0,0,0,0,0,0,6.0,9,5,5,0,3,9,0,20,RP,
150277,Doug Davis,MIL,NL,8,8,1,4,0,0,0,0,0,38.3,55,36,32,6,21,34,34,0,SP,
450203,Charlie Morton,PIT,NL,17,17,2,12,0,0,0,0,0,79.7,112,79,67,15,26,59,18,0,SP,
430663,Brian Bruney,CWS,AL,19,0,1,2,0,0,3,0,0,17.7,21,18,15,1,20,16,0,44,RP,
491624,Cesar Valdez,PIT,NL,9,2,1,2,0,0,0,0,0,20.0,29,19,17,2,10,13,0,0,SP,
476811,Sean West,FLA,NL,2,2,0,2,0,0,0,0,0,9.3,15,9,8,2,4,8,20,0,SP,
133982,Bob Howry,CHC,NL,38,0,1,3,0,1,3,0,0,35.0,47,36,30,8,13,14,0,63,RP,
460104,Anthony Slama,MIN,AL,5,0,0,1,0,1,0,0,0,4.7,6,4,4,1,5,5,0,0,RP,
469097,Frank Mata,FLA,NL,15,0,0,0,0,0,1,0,0,17.3,24,16,15,2,8,9,0,0,RP,
150011,Scott Schoeneweis,BOS,AL,15,0,1,0,0,0,1,0,0,13.7,19,12,12,2,10,13,0,45,RP,
425530,Brian Stokes,TOR,AL,16,0,0,0,0,0,0,0,0,16.7,26,18,15,4,16,16,0,69,RP,
435618,Jeremy Accardo,BAL,AL,5,0,0,1,0,0,0,0,0,6.7,12,6,6,0,3,3,0,26,RP,
502188,Jeff Samardzija,CHC,NL,7,3,2,2,0,0,0,0,0,19.3,21,22,18,4,20,9,2,18,RP,
446624,Charlie Haeger,SEA,AL,9,6,0,4,0,0,0,0,0,30.0,36,32,28,4,26,30,3,3,SP,
115629,LaTroy Hawkins,MIL,NL,18,0,0,3,0,2,6,0,0,16.0,21,15,15,2,6,18,0,65,RP,
493603,Adam Ottavino,STL,NL,5,3,0,2,0,0,0,0,0,22.3,37,21,21,5,9,12,0,0,SP,
453192,Andrew Miller,BOS,AL,9,7,1,5,0,0,0,0,0,32.7,51,34,31,6,26,28,14,6,SP,
434679,Anthony Lerew,OAK,AL,6,6,1,4,0,0,0,0,0,26.3,34,25,25,9,9,18,2,1,SP,
448614,Carlos Torres,CWS,AL,5,1,0,1,0,0,0,0,0,13.7,23,13,13,2,9,13,5,3,RP,
452259,Steven Jackson,PIT,NL,11,0,0,1,0,0,0,0,0,11.3,17,11,11,4,6,7,0,40,RP,
449110,Omar Beltre,TEX,AL,2,2,0,1,0,0,0,0,0,7.0,9,7,7,3,7,9,0,0,
502165,Andrew Carpenter,PHI,NL,1,0,0,1,0,0,0,0,0,3.0,5,3,3,1,0,2,1,2,SP,
503438,Rob Delaney,MIN,AL,1,0,0,0,0,0,0,0,0,1.0,2,1,1,1,1,0,0,0,RP,
232994,Scott Strickland,FLA,NL,3,0,0,0,0,0,0,0,0,2.0,5,2,2,0,1,0,0,0,RP,
466412,Luis Perdomo,SD,NL,1,0,0,0,0,0,0,0,0,1.0,1,1,1,1,0,0,0,35,RP,
449774,Evan MacLane,STL,NL,2,0,0,1,0,0,0,0,0,1.0,1,1,1,1,1,0,0,0,SP,
462136,Marco Estrada,MIL,NL,7,1,0,0,0,0,0,0,0,11.3,14,13,12,3,6,13,1,3,SP,
445202,Joe Bisenius,WAS,NL,5,0,0,0,0,0,0,0,0,4.7,6,6,5,1,6,5,0,0,RP,
471183,Waldis Joaquin,SF,NL,4,0,0,0,0,0,1,0,0,4.7,6,6,5,0,7,2,0,10,RP,
434159,Dan Meyer,PHI,NL,13,0,0,1,0,1,1,0,0,9.3,15,10,10,1,12,4,0,71,RP,
406874,Joe Nelson,SEA,AL,8,0,0,0,0,0,0,0,0,8.3,14,9,9,2,6,9,0,42,RP,
469690,Victor Marte,KC,AL,22,0,3,0,0,0,1,0,0,27.7,38,30,30,8,15,19,0,8,RP,
502272,Casey Fien,HOU,NL,2,0,0,0,0,0,0,0,0,2.7,4,3,3,2,0,0,0,9,RP,
441368,Alberto Castillo,BAL,AL,14,0,1,0,0,0,1,0,0,10.7,16,12,12,5,6,11,0,20,RP,
467008,Pedro Strop,TEX,AL,15,0,0,0,0,0,1,0,0,10.7,17,12,12,2,11,11,0,7,RP,
133460,Russ Ortiz,LAD,NL,6,0,0,1,0,0,0,0,0,7.0,10,8,8,0,5,6,13,10,SP,
489448,Mike Zagurski,PHI,NL,8,0,0,0,0,0,0,0,0,7.0,8,8,8,1,5,11,0,0,RP,
455949,Scott Mathieson,PHI,NL,2,0,0,0,0,0,0,0,0,1.7,5,3,2,0,2,1,0,0,RP,
434438,Billy Buckner,COL,NL,3,3,0,3,0,0,0,0,0,13.0,26,17,16,4,5,11,13,3,SP,
460008,Anthony Varvaro,SEA,AL,4,0,0,1,0,0,0,0,0,4.0,6,5,5,2,6,5,0,0,RP,
534428,Esmailin Caridad,CHC,NL,8,0,0,1,0,2,1,0,0,4.0,4,7,5,1,5,4,0,14,SP,
430664,Casey Daigle,HOU,NL,13,0,1,1,0,0,3,0,0,10.3,25,13,13,3,6,6,0,0,RP,
459987,Cesar Ramos,TB,AL,14,0,0,1,0,0,2,0,0,8.3,18,11,11,1,4,9,2,3,SP,
430654,Brian Bass,PHI,NL,4,0,0,0,0,0,0,0,0,7.3,9,11,10,0,10,5,0,48,RP,
463645,Sammy Gervacio,HOU,NL,6,0,0,1,0,0,0,0,0,3.7,4,6,5,1,5,3,0,29,RP,
489295,Brian Schlitter,CHC,NL,7,0,0,1,0,0,0,0,0,8.0,18,11,11,2,5,7,0,0,RP,
471803,Armando Gabino,BAL,AL,5,0,0,0,0,0,0,0,0,4.7,9,7,7,3,3,2,1,1,RP,
501638,Pedro Viola,BAL,AL,2,0,0,0,0,0,0,0,0,1.3,1,2,2,1,1,3,0,9,RP,
446213,Brett Sinkbeil,FLA,NL,3,0,0,0,0,0,0,0,0,2.0,2,3,3,0,5,1,0,0,RP,
458094,Daniel Stange,ARI,NL,4,0,0,0,0,0,0,0,0,4.0,4,6,6,1,6,2,0,0,RP,
457468,Josh Banks,HOU,NL,1,1,0,1,0,0,0,0,0,4.0,8,6,6,1,4,1,3,3,SP,
455092,Scott Elbert,LAD,NL,1,0,0,0,0,0,0,0,0,0.7,1,1,1,0,3,0,0,19,RP,
449777,Mitch Stetter,MIL,NL,9,0,0,0,0,0,3,0,0,3.7,7,6,6,1,3,3,0,71,RP,
429721,Royce Ring,SEA,AL,5,0,0,0,0,0,1,0,0,2.3,3,4,4,0,2,2,0,0,RP,
456589,Jason Bergmann,BOS,AL,4,0,0,1,0,0,1,0,0,2.3,3,4,4,2,1,2,0,56,RP,
457812,Jeff Marquez,CWS,AL,1,0,0,0,0,0,0,0,0,1.0,2,2,2,1,0,0,0,0,SP,
430638,Roman Colon,KC,AL,5,0,0,0,0,0,0,0,0,2.0,5,4,4,0,2,1,0,43,RP,
446901,James Houser,FLA,NL,1,0,0,0,0,0,0,0,0,1.3,3,3,3,1,1,1,0,0,SP,
429723,Merkin Valdez,TOR,AL,2,0,0,0,0,0,0,0,0,1.3,2,3,3,0,3,0,0,48,RP,
425507,Fernando Cabrera,OAK,AL,1,0,0,0,0,0,0,0,0,1.3,2,3,3,1,2,0,0,6,RP,
346800,Saul Rivera,CLE,AL,4,0,0,0,0,0,0,0,0,3.7,11,9,9,2,3,1,0,30,RP,
400008,Gary Majewski,HOU,NL,2,0,0,0,0,0,0,0,0,2.0,5,5,5,1,1,1,0,0,RP,
434669,Luis Mendoza,KC,AL,4,0,0,1,0,1,0,0,0,4.0,10,10,10,4,3,1,0,1,SP,
457456,Jo-Jo Reyes,TOR,AL,1,0,0,0,0,0,0,0,0,3.3,10,9,9,2,3,2,5,1,SP,
499856,Chris Jakubauskas,PIT,NL,1,1,0,1,0,0,0,0,0,0.7,2,2,2,0,0,0,8,27,SP,
445612,Dale Thayer,TB,AL,1,0,0,0,0,0,0,0,0,2.0,7,6,6,1,0,2,0,11,RP,
446861,Guillermo Moscoso,TEX,AL,1,0,0,0,0,0,0,0,0,0.7,2,2,2,0,2,2,0,10,SP,
435140,Hayden Penn,PIT,NL,3,0,0,0,0,0,0,0,0,2.3,8,8,8,0,3,0,1,15,SP,
466459,Sandy Rosario,FLA,NL,2,0,0,0,0,0,0,0,0,1.0,9,6,6,2,1,0,0,0,SP,
444849,Jay Sborz,ATL,NL,1,0,0,0,0,0,0,0,0,0.7,3,5,5,0,0,1,0,0,RP,
