mlbamID,playerName,age,team,league,IP,G,GS,defaultPos,K,BB,HR,H,W,L,S,HLD,G_SP,G_RP,ER
424324,Cliff Lee,33,PHI,NL,224,32,32,SP,210,40,24,213,15,9,0,0,32,0,78
136880,Roy Halladay,35,PHI,NL,230,32,32,SP,200,36,20,224,15,10,0,0,32,0,83
477132,Clayton Kershaw,24,LAN,NL,216,33,33,SP,237,76,22,185,14,10,0,1,33,0,73
434378,Justin Verlander,29,DET,AL,230,33,33,SP,228,63,27,215,17,9,0,0,34,0,84
425844,Zack Greinke,28,MIL,NL,185,30,30,SP,187,48,17,168,13,9,0,0,28,0,64
282332,C.C. Sabathia,31,NYA,AL,220,32,32,SP,196,63,21,206,16,9,0,0,33,0,84
433587,Felix Hernandez,26,SEA,AL,230,34,34,SP,211,70,18,212,14,12,0,0,33,0,86
544931,Stephen Strasburg,24,WAS,NL,151,27,27,SP,167,42,10,129,11,7,0,0,5,0,47
545404,Brandon Beachey,24,ATL,NL,173,32,30,SP,186,60,19,150,12,9,0,1,25,0,59
453311,Tim Lincecum,28,SFN,NL,207,32,32,SP,207,75,17,186,13,11,0,0,33,0,77
456034,David Price,26,TBA,AL,212,33,33,SP,202,71,22,195,14,10,0,0,34,0,82
429717,Dan Haren,31,LAA,AL,220,33,32,SP,176,43,27,222,14,10,0,0,34,1,88
430935,Cole Hamels,28,PHI,NL,195,31,30,SP,179,49,20,185,13,9,0,0,31,1,74
448306,James Shields,30,TBA,AL,207,32,32,SP,176,55,23,201,14,10,0,0,33,0,83
518886,Craig Kimbrel,24,ATL,NL,71,72,0,RP,102,40,5,49,5,2,36,4,0,79,20
449097,Jonathan Papelbon,31,PHI,NL,60,60,0,RP,70,18,6,51,4,2,40,3,0,63,17
451596,Yovani Gallardo,26,MIL,NL,195,32,32,SP,192,71,20,179,13,10,0,0,33,0,77
450308,Jered Weaver,29,LAA,AL,213,33,33,SP,185,59,31,208,14,11,0,0,33,0,89
458537,Cory Luebke,27,SDN,NL,176,46,26,RP,168,63,16,158,11,9,0,1,17,29,65
452657,Jon Lester,28,BOS,AL,195,33,33,SP,192,74,16,186,14,9,0,0,31,0,79
518516,Madison Bumgarner,22,SFN,NL,196,33,33,SP,171,61,18,187,12,11,0,1,33,0,78
453344,Brandon Morrow,27,TOR,AL,190,33,31,SP,197,80,22,174,13,9,0,1,30,0,77
112020,Chris Carpenter,37,STL,NL,213,32,32,SP,161,51,18,217,13,11,0,0,34,0,89
501381,Michael Pineda,23,NYA,AL,160,28,28,SP,148,53,19,148,12,7,0,0,28,0,62
446099,John Axford,29,MIL,NL,66,62,0,RP,70,24,6,58,4,2,38,4,0,74,22
502009,Mat Latos,24,CIN,NL,191,33,33,SP,176,66,24,182,13,10,0,0,31,0,80
425492,Ryan Madson,31,CIN,NL,67,67,0,RP,67,22,7,61,4,3,39,9,0,62,24
435178,Josh Johnson,28,MIA,NL,164,26,26,SP,156,51,15,154,11,8,0,0,9,0,64
121250,Mariano Rivera,42,NYA,AL,58,60,0,RP,53,14,5,54,4,2,38,3,0,64,20
461791,Carlos Marmol,29,CHN,NL,71,73,0,RP,89,43,7,56,4,3,39,7,0,75,25
490063,Matt Garza,28,CHN,NL,197,32,32,SP,177,66,22,189,12,11,0,0,31,0,82
429783,Rafael Betancourt,37,COL,NL,62,66,0,RP,70,16,9,57,4,2,31,11,0,68,20
430629,Joel Hanrahan,30,PIT,NL,68,67,0,RP,69,24,6,61,4,3,36,7,0,70,24
450351,C.J. Wilson,31,LAA,AL,202,38,31,SP,180,77,18,192,13,10,0,2,34,0,84
453178,Ian Kennedy,27,ARI,NL,203,32,32,SP,178,63,26,203,13,11,0,0,33,0,87
434718,Huston Street,28,SDN,NL,58,58,0,RP,58,17,6,51,4,2,33,4,0,62,18
453286,Max Scherzer,27,DET,AL,190,33,32,SP,167,62,23,188,13,10,0,1,33,0,81
277417,Josh Beckett,32,BOS,AL,184,30,30,SP,160,53,19,187,13,9,0,0,30,0,78
407819,Matt Thornton,35,CHA,AL,65,64,0,RP,70,23,6,57,4,2,31,11,0,62,22
519322,Drew Storen,24,WAS,NL,66,66,0,RP,64,23,6,60,4,3,36,5,0,73,23
425794,Adam Wainwright,30,STL,NL,168,26,26,SP,143,47,13,163,11,8,0,0,0,0,67
407890,Colby Lewis,32,TEX,AL,182,30,30,SP,148,50,27,181,13,9,0,0,32,0,79
462102,Tommy Hanson,25,ATL,NL,159,27,27,SP,149,56,18,147,11,9,0,0,22,0,63
519455,Jordan Zimmermann,26,WAS,NL,183,31,31,SP,146,47,20,183,11,11,0,0,26,0,77
434622,Ubaldo Jimenez,28,CLE,AL,194,32,32,SP,183,80,18,182,13,11,0,0,32,0,82
461829,Gio Gonzalez,26,WAS,NL,183,30,30,SP,181,82,15,165,11,10,0,0,32,0,75
434181,Brandon League,29,SEA,AL,66,64,0,RP,55,21,5,64,4,3,37,6,0,65,24
519043,Matthew Moore,23,TBA,AL,162,29,28,SP,173,82,15,138,11,9,0,1,1,2,65
430912,Matt Cain,27,SFN,NL,207,32,32,SP,167,65,25,204,12,12,0,0,33,0,89
407816,J.J. Putz,35,ARI,NL,57,59,0,RP,56,19,6,54,3,2,37,6,0,60,21
429719,Edwin Jackson,28,WAS,NL,196,30,30,SP,159,60,19,194,11,11,0,0,31,1,83
501985,Mike Minor,23,ATL,NL,157,28,28,SP,145,57,16,146,10,9,0,0,15,0,63
451216,Brian Wilson,30,SFN,NL,61,59,0,RP,60,26,5,54,4,2,37,3,0,57,22
434671,Anibal Sanchez,28,MIA,NL,180,30,30,SP,163,65,19,175,12,10,0,0,32,0,77
465657,Joakim Soria,28,KCA,AL,63,63,0,RP,60,22,6,61,4,3,36,2,0,60,23
150035,Kyle Farnsworth,36,TBA,AL,55,55,0,RP,50,17,5,52,3,2,34,5,0,63,20
435045,Sergio Santos,28,TOR,AL,62,61,0,RP,74,29,6,52,4,2,28,6,0,63,21
448802,Jaime Garcia,25,STL,NL,182,31,30,SP,143,58,13,184,12,10,0,1,32,0,76
425514,Heath Bell,34,MIA,NL,60,61,0,RP,57,23,6,57,3,3,37,4,0,64,23
493133,Hiroki Kuroda,37,NYA,AL,184,30,30,SP,127,45,21,189,13,9,0,0,32,0,82
435400,Jason Motte,30,STL,NL,59,63,0,RP,56,21,6,54,4,2,32,9,0,78,21
445060,Ricky Nolasco,29,MIA,NL,184,30,30,SP,139,44,21,193,12,10,0,0,33,0,81
445276,Kenley Jansen,24,LAN,NL,65,63,0,RP,91,34,6,46,5,2,12,6,0,51,17
457732,Andrew Bailey,28,BOS,AL,61,59,1,RP,58,22,7,60,4,3,36,3,0,42,24
477229,Jordan Walden,24,LAA,AL,59,57,0,RP,59,29,5,52,3,2,36,3,0,62,23
407878,Jose Valverde,34,DET,AL,64,65,0,RP,60,28,7,61,3,3,38,3,0,75,26
150404,Ted Lilly,36,LAN,NL,169,30,30,SP,136,44,25,170,10,10,0,0,33,0,74
150274,Joe Nathan,37,TEX,AL,54,55,0,RP,48,19,7,51,3,2,36,5,0,48,21
407853,Erik Bedard,33,PIT,NL,153,27,27,SP,140,54,15,147,10,9,0,0,24,0,63
502706,Derek Holland,25,TEX,AL,180,31,30,SP,149,65,20,178,13,9,0,1,32,0,80
133225,Ryan Dempster,35,CHN,NL,189,31,31,SP,164,69,20,185,11,12,0,0,34,0,83
519242,Chris Sale,23,CHA,AL,129,56,18,RP,141,60,12,112,9,7,0,15,0,58,49
451788,Shaun Marcum,30,MIL,NL,186,32,32,SP,147,54,25,189,11,11,0,0,33,0,83
218596,Tim Hudson,36,ATL,NL,193,31,31,SP,133,56,13,199,12,11,0,0,33,0,82
425626,Chris Capuano,33,LAN,NL,166,31,28,SP,134,50,18,165,10,10,0,1,31,2,71
502032,Bud Norris,27,HOU,NL,184,31,31,SP,169,75,21,175,10,12,0,1,31,0,80
434643,Wandy Rodriguez,33,HOU,NL,185,31,31,SP,154,63,19,182,10,12,0,0,30,0,81
425856,Gavin Floyd,29,CHA,AL,190,31,31,SP,145,54,22,195,11,11,0,0,30,1,86
435221,Brandon McCarthy,28,OAK,AL,182,28,28,SP,124,43,19,190,11,10,0,0,25,0,81
462382,Jim Johnson,29,BAL,AL,74,67,0,RP,54,23,6,75,4,3,32,11,0,69,30
543339,Daniel Hudson,25,ARI,NL,194,31,31,SP,155,60,24,201,12,11,0,0,33,0,88
435044,Scott Baker,30,MIN,AL,159,27,27,SP,132,42,22,163,10,9,0,0,21,2,70
407911,Frank Francisco,32,NYN,NL,54,54,0,RP,55,20,5,49,3,2,26,5,0,54,19
477003,Jon Niese,25,NYN,NL,185,31,31,SP,151,64,16,186,11,11,0,0,26,1,82
112526,Bartolo Colon,39,OAK,AL,153,26,25,SP,113,40,16,155,9,9,0,0,26,3,66
450172,Edinson Volquez,28,SDN,NL,161,28,28,SP,149,78,12,146,10,10,0,0,21,0,68
460069,Ricky Romero,27,TOR,AL,193,30,30,SP,159,76,16,195,12,10,0,0,32,0,87
429722,Ervin Santana,29,LAA,AL,196,30,30,SP,148,65,25,201,12,11,0,0,33,0,91
408206,Brett Myers,31,HOU,NL,205,33,32,SP,148,59,22,213,10,13,0,1,33,1,95
408241,Jake Peavy,31,CHA,AL,149,25,25,SP,117,41,20,152,9,9,0,0,18,1,67
474699,Vance Worley,24,PHI,NL,170,30,29,SP,135,58,18,171,11,10,0,1,21,4,77
547973,Aroldis Chapman,24,CIN,NL,86,42,10,RP,114,53,6,64,6,4,1,4,0,54,30
543548,Tom Milone,25,OAK,AL,135,25,25,SP,97,32,15,138,9,8,0,0,5,0,59
456701,Homer Bailey,26,CIN,NL,163,27,27,SP,127,52,21,165,10,9,0,0,22,0,75
453198,Chris Perez,26,CLE,AL,61,64,0,RP,53,29,9,61,3,3,34,5,0,64,28
457915,Javy Guerra,25,LAN,NL,65,63,0,RP,57,31,6,62,3,3,28,5,0,47,27
448165,Matt Capps,28,MIN,AL,66,68,0,RP,46,21,8,72,3,3,32,4,0,69,30
502190,Mike Leake,24,CIN,NL,183,32,30,SP,127,54,20,192,11,11,0,0,26,3,86
433579,John Danks,27,CHA,AL,180,29,29,SP,138,59,22,185,11,11,0,0,27,0,85
475416,Justin Masterson,27,CLE,AL,192,34,30,SP,142,69,15,198,11,11,0,2,33,1,88
453268,Daniel Bard,27,BOS,AL,141,43,17,RP,134,61,12,136,9,7,1,15,0,70,61
451532,Chad Billingsley,27,LAN,NL,178,30,30,SP,145,74,17,175,10,11,0,0,32,0,81
431162,Tim Stauffer,30,SDN,NL,179,34,30,SP,121,58,15,182,10,11,0,0,31,0,81
489265,Sergio Romo,29,SFN,NL,57,62,0,RP,63,17,6,48,4,2,2,17,0,65,16
456501,Johnny Cueto,26,CIN,NL,185,30,30,SP,137,63,22,190,11,11,0,0,24,0,89
461325,Tyler Clippard,27,WAS,NL,70,65,0,RP,80,28,10,60,4,3,3,15,0,72,23
458924,Jon Venters,27,ATL,NL,75,72,0,RP,81,35,3,63,5,3,4,13,0,85,24
493157,Koji Uehara,37,TEX,AL,59,55,1,RP,62,13,8,53,4,2,1,11,0,65,18
502748,Bradley Peacock,23,OAK,AL,158,27,27,SP,130,65,18,154,9,9,0,1,0,0,72
434538,Francisco Liriano,28,MIN,AL,165,29,28,SP,146,73,15,163,10,10,0,0,24,2,76
445156,Sean Marshall,29,CIN,NL,72,69,1,RP,72,23,6,65,5,3,1,15,0,78,24
346797,Grant Balfour,34,OAK,AL,62,63,0,RP,57,24,7,58,4,3,14,10,0,62,24
430599,Joe Blanton,31,PHI,NL,143,25,24,SP,103,39,17,150,9,9,0,0,8,3,67
450729,Douglas Fister,28,DET,AL,189,30,29,SP,114,42,22,211,11,10,0,1,31,1,93
502085,David Robertson,27,NYA,AL,60,59,0,RP,73,29,5,48,4,2,1,14,0,70,19
421685,Aaron Harang,34,LAN,NL,169,29,28,SP,119,54,22,175,9,11,0,0,28,0,80
150359,A.J. Burnett,35,PIT,NL,127,21,21,SP,102,51,13,124,9,6,0,0,32,1,58
457448,Matt Harrison,26,TEX,AL,178,34,28,SP,123,64,19,186,12,9,0,1,30,1,87
435298,Jeff Niemann,29,TBA,AL,120,34,18,SP,89,37,14,122,7,7,0,0,23,0,54
462956,Felipe Paulino,28,KCA,AL,134,27,21,SP,115,53,14,134,8,8,0,1,20,19,60
468504,Jhoulys Chacin,24,COL,NL,175,31,29,SP,149,81,15,178,11,10,0,0,31,0,83
491703,Neftali Feliz,24,TEX,AL,136,51,19,RP,116,61,17,132,9,7,0,3,0,64,63
502239,Trevor Cahill,24,ARI,NL,195,33,33,SP,140,78,15,206,12,11,0,0,34,0,93
501745,Faustino De Los Santos,25,OAK,AL,59,55,0,RP,61,29,5,52,3,2,10,6,0,34,22
430606,Mike Adams,33,TEX,AL,65,67,0,RP,60,20,8,60,4,3,3,22,0,75,24
468396,Alexi Ogando,28,TEX,AL,92,31,13,SP,74,29,12,92,6,5,1,8,29,2,40
276542,Joaquin Benoit,34,DET,AL,57,59,0,RP,59,19,6,52,4,2,3,18,0,66,20
488768,Andrew Cashner,25,SDN,NL,59,47,3,RP,56,21,4,53,4,3,3,7,1,6,21
571521,Rex Brothers,23,COL,NL,58,58,0,RP,71,30,4,49,4,2,5,13,0,48,21
502260,Vinnie Pestano,27,CLE,AL,63,64,0,RP,66,27,6,57,4,3,4,11,0,67,23
134320,Javier Vazquez,35,,,87,15,15,SP,73,25,11,89,6,5,0,0,32,0,38
446641,Wilton Lopez,28,HOU,NL,66,63,0,RP,48,17,6,68,4,3,8,6,0,73,26
279824,Mark Buehrle,33,MIA,NL,199,31,31,SP,115,48,22,224,11,12,0,0,31,0,100
276371,Johan Santana,33,NYN,NL,133,22,22,SP,98,39,18,140,7,8,0,0,0,0,64
458730,Bobby Parnell,27,NYN,NL,61,53,1,RP,59,26,5,57,4,3,6,8,0,60,24
461833,Phil Hughes,26,NYA,AL,107,38,15,SP,82,38,15,107,7,6,0,1,14,3,49
346798,Kyle Lohse,33,STL,NL,183,31,30,SP,108,50,21,202,10,11,0,0,30,0,91
408061,Francisco Rodriguez,30,MIL,NL,65,65,0,RP,65,28,6,60,4,3,3,12,0,73,25
467100,Ivan Nova,25,NYA,AL,166,28,28,SP,102,60,15,176,11,9,0,0,27,1,81
150118,Brian Fuentes,36,OAK,AL,57,60,0,RP,45,22,8,57,3,3,14,10,0,67,25
504379,Juan Nicasio,24,COL,NL,97,16,16,SP,76,28,10,102,6,5,0,0,13,0,45
457428,James McDonald,27,PIT,NL,168,34,30,SP,137,76,21,170,10,11,0,1,31,0,82
477569,Fernando Salas,27,STL,NL,60,59,0,RP,56,23,7,56,3,2,4,10,0,68,23
502381,Luke Gregerson,28,SDN,NL,63,64,0,RP,53,24,5,59,4,3,5,19,0,61,25
407908,Joel Peralta,36,TBA,AL,58,58,0,RP,50,17,9,56,3,3,5,12,0,71,23
407822,Jorge de la Rosa,31,COL,NL,89,16,16,SP,82,36,9,88,6,5,0,0,10,0,40
453385,Clayton Richard,28,SDN,NL,173,31,29,SP,117,69,16,176,9,12,0,0,18,0,84
456696,David Hernandez,27,ARI,NL,67,57,2,RP,65,28,9,64,4,3,4,8,0,74,27
452733,Tom Gorzelanny,29,WAS,NL,72,33,8,SP,63,26,8,69,4,4,0,4,15,15,30
527054,Julio Teheran,21,ATL,NL,98,18,17,SP,79,39,10,96,6,6,0,0,3,2,45
502304,David Carpenter,25,HOU,NL,54,54,0,RP,50,24,6,51,3,2,8,4,0,34,22
457117,Ernesto Frieri,26,SDN,NL,53,45,2,RP,57,25,6,45,3,2,1,5,0,59,19
456043,Jonathan Sanchez,29,KCA,AL,166,31,30,SP,152,92,19,160,10,11,0,0,19,0,81
462136,Marco Estrada,28,MIL,NL,67,52,2,RP,62,24,8,64,4,3,0,4,7,36,26
457453,Jair Jurrjens,26,ATL,NL,176,28,28,SP,115,61,21,185,9,11,0,0,23,0,88
465629,Edward Mujica,28,MIA,NL,58,55,0,RP,51,16,6,57,3,2,0,8,0,67,22
455374,Antonio Bastardo,26,PHI,NL,46,47,0,RP,51,19,6,39,3,2,1,8,0,64,16
285079,R.A. Dickey,37,NYN,NL,189,33,30,SP,116,58,18,209,10,12,0,1,32,1,94
460024,Luke Hochevar,28,KCA,AL,188,31,31,SP,122,62,18,207,10,12,0,0,31,0,94
447714,Eric O'Flaherty,27,ATL,NL,61,64,0,RP,55,23,4,57,4,2,0,16,0,78,23
450306,Jason Vargas,29,SEA,AL,187,31,31,SP,116,58,27,200,9,13,0,1,32,0,96
476451,Jeremy Hellickson,25,TBA,AL,167,30,28,SP,117,65,23,173,10,10,0,1,29,0,85
279571,Matt Belisle,32,COL,NL,62,58,0,RP,52,16,6,65,3,3,2,9,0,74,25
276351,Jason Grilli,35,PIT,NL,61,58,0,RP,58,25,5,57,3,3,3,10,0,28,24
434592,Chris Resop,28,PIT,NL,58,59,0,RP,59,25,5,53,3,2,0,8,0,76,22
518633,Danny Duffy,23,KCA,AL,119,22,22,SP,99,52,13,121,7,8,0,1,20,0,57
518716,Dillon Gee,26,NYN,NL,164,29,28,SP,119,64,17,172,9,11,0,1,27,3,81
429780,Chris Narveson,30,MIL,NL,148,29,26,SP,110,59,19,153,9,10,0,2,28,2,74
518813,Greg Holland,26,KCA,AL,61,53,0,RP,62,29,5,55,3,3,2,10,0,46,23
400061,Roy Oswalt,34,,,73,12,12,SP,53,18,8,75,4,4,0,0,24,0,33
134268,Kerry Wood,35,CHN,NL,56,57,0,RP,57,25,6,51,3,2,1,11,0,55,21
150119,Freddy Garcia,37,NYA,AL,113,33,16,SP,69,31,15,121,7,6,0,0,25,1,55
519144,Rick Porcello,23,DET,AL,174,30,30,SP,99,51,17,195,11,10,0,0,31,0,89
527055,Arodys Vizcaino,21,ATL,NL,48,28,5,SP,45,19,5,44,3,2,1,4,0,17,19
430673,Ramon Ramirez,30,NYN,NL,60,61,0,RP,56,25,6,57,3,3,2,11,0,66,24
450282,Glen Perkins,29,MIN,AL,65,49,3,RP,54,21,6,67,4,3,2,5,0,65,27
434628,Jason Hammel,29,BAL,AL,159,29,26,SP,102,54,20,170,9,10,0,0,27,5,81
117955,Derek Lowe,39,CLE,AL,156,27,27,SP,94,52,13,172,9,10,0,0,34,0,76
407193,Brandon Lyon,32,HOU,NL,38,38,0,RP,25,15,4,40,2,2,17,4,0,15,18
150414,Jake Westbrook,34,STL,NL,164,29,29,SP,95,58,11,180,10,10,0,0,33,0,79
434180,Kam Loe,30,MIL,NL,62,60,0,RP,49,20,4,62,4,3,0,10,0,72,24
425539,Hong-Chih Kuo,30,SEA,AL,45,46,0,RP,50,22,5,38,3,2,0,11,0,40,16
434637,Matt Lindstrom,32,BAL,AL,69,70,0,RP,53,25,8,69,4,3,5,13,0,63,30
430884,Jesse Crain,30,CHA,AL,62,63,0,RP,60,28,8,58,3,3,3,15,0,67,25
150407,Guillermo Mota,38,SFN,NL,66,60,0,RP,57,25,7,64,4,3,0,7,0,52,26
458950,Philip Humber,29,CHA,AL,161,29,27,SP,102,50,20,175,9,10,0,1,26,2,82
346793,Jeremy Affeldt,33,SFN,NL,63,65,0,RP,56,27,4,59,4,3,0,14,0,67,24
407296,Carlos Zambrano,31,MIA,NL,158,29,27,SP,120,68,18,163,9,10,0,1,24,0,80
119154,Kevin Millwood,37,SEA,AL,149,25,25,SP,94,49,18,157,8,10,0,0,9,0,74
506693,Henderson Alvarez,21,TOR,AL,134,23,23,SP,81,38,12,150,8,8,0,0,10,0,66
450275,Mark Lowe,29,TEX,AL,61,59,0,RP,56,25,7,58,3,3,0,9,0,52,24
519240,Marc Rzepczynski,26,STL,NL,54,45,2,RP,49,22,3,51,3,2,1,6,0,71,20
459429,Jake Mcgee,25,TBA,AL,46,40,2,RP,44,19,5,42,3,2,2,6,0,37,18
502130,Daniel Runzler,27,SFN,NL,51,31,5,RP,52,25,3,44,3,3,0,2,1,30,20
136734,Octavio Dotel,38,DET,AL,51,53,0,RP,51,20,7,48,3,2,1,10,0,65,20
400010,Jon Rauch,33,NYN,NL,58,59,0,RP,43,19,7,60,3,3,8,10,0,53,26
446399,Brett Cecil,25,TOR,AL,179,31,31,SP,122,67,22,194,11,11,0,0,20,0,93
457429,Boone Logan,27,NYA,AL,51,55,0,RP,47,20,5,46,3,2,0,9,0,64,19
434665,Nick Masset,30,CIN,NL,63,63,0,RP,57,26,6,59,4,3,0,12,0,75,25
430661,Dustin McGowan,30,TOR,AL,147,30,29,SP,109,64,15,153,10,9,0,0,4,1,74
400089,Rafael Soriano,32,NYA,AL,47,49,0,RP,43,18,6,44,3,2,2,11,0,42,18
453329,Clay Buchholz,27,BOS,AL,165,29,29,SP,115,65,15,180,11,9,0,0,14,0,84
119984,Darren Oliver,41,TOR,AL,46,47,0,RP,42,14,5,46,3,2,1,11,0,61,18
150116,Randy Wolf,35,MIL,NL,185,30,30,SP,119,61,26,202,10,12,0,0,33,0,97
445163,Casey Janssen,30,TOR,AL,54,50,1,RP,48,18,5,54,3,2,0,7,0,55,21
445197,Michael Dunn,27,MIA,NL,51,52,0,RP,56,27,5,44,3,2,1,7,0,72,19
448609,Tony Sipp,28,CLE,AL,63,67,0,RP,63,31,9,59,3,3,3,15,0,69,26
500674,Eduardo Sanchez,23,STL,NL,55,53,0,RP,52,27,5,51,3,2,3,9,0,26,22
459967,Sam Lecure,28,CIN,NL,61,43,3,RP,52,22,7,60,4,3,0,4,4,39,26
455009,Jonathan Broxton,28,KCA,AL,47,48,0,RP,45,22,4,45,3,2,5,9,0,14,19
425848,Rich Harden,30,,,45,8,8,SP,44,19,5,41,3,3,0,0,15,0,19
453184,Brad Lincoln,27,PIT,NL,111,20,19,SP,71,32,12,121,6,7,0,0,8,4,55
458713,Kevin Slowey,28,CLE,AL,122,23,22,SP,73,26,20,137,7,8,0,1,8,6,64
491159,Joe Thatcher,30,SDN,NL,47,53,0,RP,44,20,4,42,3,2,0,11,0,18,18
458681,Lance Lynn,24,STL,NL,58,24,7,SP,49,22,5,56,4,3,0,3,2,16,25
134321,Carl Pavano,36,MIN,AL,204,31,31,SP,101,40,22,241,10,13,0,0,33,0,107
455092,Scott Elbert,26,LAN,NL,56,49,2,RP,53,27,5,50,3,3,1,7,0,47,22
450665,Kris Medlen,26,ATL,NL,47,34,2,RP,41,16,5,45,3,2,0,5,0,2,19
433586,Santiago Casilla,32,SFN,NL,56,55,0,RP,50,25,4,53,3,3,2,10,0,49,23
150188,Francisco Cordero,37,TOR,AL,62,64,0,RP,45,26,7,66,3,3,13,7,0,68,29
408057,Bobby Jenks,31,BOS,AL,58,57,0,RP,53,24,5,56,3,3,1,8,0,19,23
275933,Scott Downs,36,LAA,AL,54,56,0,RP,40,18,4,55,3,2,3,17,0,60,22
469159,Henry Rodriguez,25,WAS,NL,48,42,1,RP,49,24,4,42,3,2,1,5,0,59,18
456051,Hector Noesi,25,SEA,AL,144,39,21,RP,95,54,16,149,7,10,0,1,2,28,72
457733,Joey Devine,28,OAK,AL,47,48,0,RP,42,21,5,45,3,2,4,6,0,26,19
407842,Jose Veras,31,MIL,NL,52,53,0,RP,54,26,6,46,3,2,0,12,0,79,20
430580,Alfredo Simon,31,BAL,AL,65,45,3,RP,51,22,8,65,4,3,0,3,16,7,28
518567,Joshua Collmenter,26,ARI,NL,111,32,16,SP,78,36,15,119,6,7,0,0,24,7,55
329092,Randy Choate,36,MIA,NL,50,65,0,RP,46,21,3,47,3,2,0,12,0,54,19
488846,Brian Duensing,29,MIN,AL,106,39,13,SP,74,34,11,115,6,6,0,1,28,4,51
450852,Cristhian Martinez,30,ATL,NL,61,45,2,RP,46,20,5,62,3,3,0,4,0,46,25
493416,Takashi Saito,42,ARI,NL,48,50,0,RP,43,17,5,46,3,2,0,12,0,30,19
430630,Jason Frasor,34,TOR,AL,56,57,0,RP,51,22,6,55,3,3,0,10,0,64,23
400291,Dustin Moseley,30,SDN,NL,139,25,23,SP,79,47,12,149,7,9,0,0,20,0,68
458690,Chris Volstad,25,CHN,NL,114,20,20,SP,75,39,11,122,6,8,0,0,29,0,56
444371,Jeff Karstens,29,PIT,NL,157,30,26,SP,91,44,19,176,8,10,0,1,26,4,81
434298,Todd Coffey,31,LAN,NL,56,59,0,RP,46,21,5,55,3,3,0,11,0,69,23
448694,Randy Wells,29,CHN,NL,149,26,25,SP,94,49,17,161,8,10,0,0,23,0,76
475243,Travis Wood,25,CHN,NL,77,14,13,SP,59,28,10,78,4,5,0,0,18,4,37
425426,Chien-Ming Wang,32,WAS,NL,131,23,23,SP,69,36,12,147,7,9,0,0,11,0,65
430904,Paul Maholm,30,CHN,NL,179,29,29,SP,106,60,17,196,9,12,0,0,26,0,91
572362,Robert Erlin,21,SDN,NL,33,6,6,SP,27,9,3,31,2,2,0,0,0,0,13
407924,Manny Acosta,31,NYN,NL,52,51,0,RP,50,24,5,49,3,2,0,6,0,44,21
519186,Matthew Reynolds,26,COL,NL,56,63,0,RP,54,23,6,56,3,3,0,10,0,73,23
502154,Zachary Britton,24,BAL,AL,154,27,27,SP,100,66,14,163,9,10,0,0,28,0,77
453265,Anthony Watson,26,PIT,NL,53,45,1,RP,47,21,6,51,3,3,0,5,0,43,22
435538,Bill Bray,29,CIN,NL,45,54,0,RP,43,19,6,42,3,2,0,11,0,79,18
425532,Jerome Williams,30,LAA,AL,130,24,21,SP,77,41,14,142,7,8,0,1,6,4,66
276520,Bronson Arroyo,35,CIN,NL,186,30,30,SP,101,49,28,209,10,12,0,0,32,0,101
433585,Jeff Francis,31,CIN,NL,87,15,15,SP,49,21,10,96,5,5,0,0,31,0,43
465065,Sergio Escalona,27,HOU,NL,49,50,0,RP,45,21,4,46,3,2,0,7,0,49,20
460283,Jerry Blevins,28,OAK,AL,53,52,0,RP,45,21,6,51,3,2,0,9,0,26,22
425386,Jeremy Guthrie,33,COL,NL,188,31,31,SP,117,55,26,216,11,12,0,0,32,2,101
543475,Jordan Lyles,21,HOU,NL,76,14,13,SP,55,26,9,79,4,5,0,0,15,5,36
458708,Josh Tomlin,27,CLE,AL,156,26,26,SP,88,40,23,176,8,10,0,0,26,0,83
400058,Brad Lidge,35,WAS,NL,42,43,0,RP,38,18,4,39,2,2,2,6,0,25,17
474668,Eric Surkamp,23,SFN,NL,60,11,11,SP,48,25,6,59,4,4,0,0,6,0,28
425747,Jose Contreras,40,PHI,NL,33,26,2,RP,27,9,3,33,2,2,1,4,0,17,13
519105,Jarrod Parker,23,OAK,AL,127,24,24,SP,85,56,10,131,7,9,0,1,1,0,64
538227,Hisanori Takahashi,36,LAA,AL,54,44,2,RP,44,20,7,54,3,3,1,7,0,61,23
459939,Mitchell Boggs,28,STL,NL,57,44,2,RP,45,23,5,57,3,3,1,4,0,51,25
542914,Anthony Bass,23,SDN,NL,73,17,13,SP,51,29,6,74,4,5,0,1,3,24,34
217096,Barry Zito,34,SFN,NL,124,24,24,SP,85,50,16,130,7,9,0,0,9,4,63
518553,Steven Cishek,25,MIA,NL,50,45,0,RP,46,25,4,48,3,2,2,5,0,45,21
349193,Will Ohman,34,CHA,AL,46,50,0,RP,41,18,6,44,2,2,0,10,0,59,19
488786,Louis Coleman,25,KCA,AL,51,46,0,RP,49,23,6,49,3,2,0,8,0,48,21
502188,Jeff Samardzija,27,CHN,NL,82,73,1,RP,75,44,9,78,4,4,1,6,0,75,36
460366,Rich Thompson,27,PHI,NL,48,43,0,RP,42,20,5,46,3,2,0,6,0,44,20
446321,Ross Detwiler,26,WAS,NL,79,24,12,SP,55,29,7,83,4,5,0,0,10,5,38
518875,Shawn Kelley,28,SEA,AL,50,48,0,RP,42,20,7,48,3,2,0,8,0,10,21
430589,Chad Qualls,33,PHI,NL,55,57,0,RP,37,16,5,58,3,3,0,10,0,77,23
235095,Dan Wheeler,34,CLE,AL,46,49,0,RP,37,14,7,47,2,2,0,9,0,47,20
453646,Carlos Villanueva,28,TOR,AL,62,48,2,RP,49,22,8,65,3,3,0,7,13,20,28
449079,Wesley Wright,27,HOU,NL,42,35,1,RP,37,17,4,40,2,2,0,4,0,21,17
502202,Bradley Boxberger,23,SDN,NL,24,19,1,RP,26,12,2,19,2,1,0,4,0,0,8
452666,Tom Wilhelmsen,27,SEA,AL,70,52,3,RP,56,32,8,69,4,4,1,6,0,25,32
458676,Josh Lindblom,25,LAN,NL,33,27,1,RP,30,13,4,31,2,2,0,3,0,27,13
453281,Wade LeBlanc,27,SDN,NL,80,14,14,SP,59,30,10,85,5,5,0,0,14,0,40
407825,Matt Guerrier,33,LAN,NL,62,65,0,RP,46,22,7,64,3,3,0,17,0,70,27
474463,Brett Anderson,24,OAK,AL,34,6,6,SP,25,10,3,35,2,2,0,0,13,0,15
464400,Henry Sosa,26,HOU,NL,114,38,16,SP,86,50,13,117,6,8,0,2,10,0,57
448159,Manny Parra,29,MIL,NL,37,17,4,SP,34,16,3,35,2,2,0,3,0,0,16
136263,Tim Byrdak,38,NYN,NL,45,55,0,RP,43,21,5,43,2,2,0,8,0,72,19
488984,Tommy Hunter,25,BAL,AL,76,36,8,SP,45,20,10,82,4,5,0,3,11,9,37
456496,Marcos Mateo,28,CHN,NL,37,30,1,RP,32,14,4,36,2,2,0,3,0,23,15
543070,Aaron Crow,24,KCA,AL,112,55,12,RP,88,55,8,115,6,7,0,2,0,57,53
460284,Dallas Braden,28,OAK,AL,81,14,14,SP,49,24,10,87,4,5,0,0,3,0,41
457918,J.A. Happ,29,HOU,NL,112,21,20,SP,89,53,15,112,6,8,0,0,28,0,57
430941,George Sherrill,35,SEA,AL,46,52,0,RP,39,19,5,44,2,2,0,8,0,51,19
450203,Charlie Morton,28,PIT,NL,171,29,29,SP,107,71,13,186,9,11,0,0,29,0,86
457425,Evan Meek,29,PIT,NL,52,51,0,RP,44,23,4,52,3,2,1,8,0,24,22
458003,Blake Hawksworth,29,LAN,NL,50,39,2,RP,39,19,5,50,3,3,0,4,0,49,22
430634,Sean Burnett,29,WAS,NL,48,52,0,RP,38,19,4,48,3,2,1,10,0,69,20
446209,Jesse Litsch,27,TOR,AL,71,28,9,SP,50,25,8,76,4,4,0,0,8,20,34
452741,Michael Stutes,25,PHI,NL,50,40,2,RP,43,22,6,48,3,3,0,5,0,57,22
453343,Mark Melancon,27,BOS,AL,67,66,0,RP,51,29,5,70,3,3,4,10,0,71,30
518703,Charles Furbush,25,SEA,AL,41,14,6,SP,32,16,5,40,2,3,0,2,12,16,18
543921,Joseph Wieland,21,SDN,NL,33,6,6,SP,24,10,3,34,2,2,0,0,0,0,15
444857,Scott Feldman,29,TEX,AL,96,42,11,SP,56,30,11,104,6,5,0,0,2,9,48
461766,Jose Arredondo,28,CIN,NL,51,50,0,RP,46,25,5,48,3,2,0,9,0,53,22
445213,Brandon Kintzler,27,MIL,NL,31,28,0,RP,27,12,2,29,2,1,0,4,0,9,12
457435,Phil Coke,29,DET,AL,57,46,3,RP,44,21,7,59,3,3,0,9,14,34,26
501955,Joba Chamberlain,26,NYA,AL,23,18,1,RP,21,9,2,22,2,1,0,4,0,27,9
517414,Randall Delgado,22,ATL,NL,56,10,10,SP,45,26,5,55,3,4,0,0,7,0,27
429781,Kevin Correia,31,PIT,NL,137,24,23,SP,80,43,15,153,7,9,0,0,26,1,71
451584,Wade Davis,26,TBA,AL,133,23,23,SP,81,47,18,144,7,9,0,0,29,0,71
502171,Alexander Cobb,23,TBA,AL,38,7,7,SP,27,14,3,38,2,2,0,0,9,0,17
572140,Tyler Skaggs,19,ARI,NL,31,6,6,SP,28,13,3,30,2,2,0,0,0,0,14
115629,LaTroy Hawkins,39,LAA,AL,44,44,0,RP,29,13,4,46,2,2,1,12,0,52,19
444520,Craig Breslow,31,ARI,NL,50,53,0,RP,43,21,6,51,3,2,0,10,0,67,22
449072,Kyle McClellan,28,STL,NL,63,47,3,RP,42,22,6,67,3,3,0,10,17,26,29
425657,Javier Lopez,34,SFN,NL,49,56,0,RP,37,22,3,49,3,2,1,10,0,70,21
467008,Pedro Strop,27,BAL,AL,51,48,0,RP,43,25,4,49,3,2,0,5,0,23,22
444436,Ryan Webb,26,MIA,NL,55,51,1,RP,42,23,4,57,3,3,0,7,0,53,24
451775,Fernando Rodriguez Jr.,28,HOU,NL,52,40,2,RP,47,26,6,49,3,3,0,4,0,47,23
488722,Zach Braddock,23,MIL,NL,28,30,0,RP,30,15,3,24,2,1,0,5,0,25,11
458006,Matt Albers,29,BOS,AL,59,52,0,RP,51,27,5,60,3,3,0,7,0,56,26
276514,Kevin Gregg,34,BAL,AL,55,56,0,RP,47,27,7,54,3,3,2,7,0,63,25
503449,Wily Peralta,22,MIL,NL,36,7,6,SP,31,17,3,35,2,2,0,0,0,0,16
283166,Mike Gonzalez,34,,,20,21,0,RP,20,8,2,18,1,1,0,4,0,56,7
407297,Juan Cruz,33,PIT,NL,43,44,0,RP,39,21,5,41,2,2,0,6,0,56,18
452249,Micah Owings,29,SDN,NL,43,30,2,RP,32,17,5,42,2,2,0,3,4,29,19
457779,Michael Kirkman,29,TEX,AL,47,25,4,RP,39,22,5,46,3,2,0,1,0,15,22
334492,Joel Pineiro,33,PHI,NL,52,9,9,SP,27,11,5,59,3,3,0,0,24,3,25
543634,Ryan Perry,25,WAS,NL,46,44,0,RP,38,21,5,45,2,2,0,7,0,36,20
434663,Leo Nunez,28,MIA,NL,21,22,0,RP,19,8,2,20,1,1,1,5,0,68,8
518961,Joshua Lueke,26,TBA,AL,32,28,0,RP,26,13,3,31,2,1,0,3,0,25,13
502229,Alex White,22,COL,NL,96,17,17,SP,68,38,9,105,6,6,0,0,10,0,49
475115,Tyson Ross,25,OAK,AL,75,29,11,SP,51,33,7,77,4,5,0,0,6,3,37
462985,Franklin Morales,26,BOS,AL,58,52,1,RP,53,29,7,58,3,3,0,6,0,50,26
543135,Nathan Eovaldi,21,LAN,NL,52,10,9,SP,42,26,4,50,3,4,0,0,6,4,25
469134,Esmil Rogers,26,COL,NL,65,31,7,SP,50,26,7,69,4,4,0,3,13,5,31
503285,Darren O'Day,29,BAL,AL,31,33,0,RP,24,11,4,31,2,2,0,7,0,16,13
276530,Scott Linebrink,35,SLN,NL,25,26,0,RP,21,9,3,24,1,1,0,4,0,64,10
458709,John Lannan,27,WAS,NL,155,27,27,SP,86,58,13,171,8,11,0,0,33,0,79
460701,James Russell,26,CHN,NL,52,52,1,RP,38,18,7,55,3,3,0,4,5,59,24
502253,Alex Sanabia,23,MIA,NL,47,9,9,SP,30,14,6,51,3,3,0,0,2,1,24
425883,Dontrelle Willis,30,PHI,NL,46,22,5,SP,35,20,4,47,3,3,0,2,13,0,21
434442,J.P. Howell,29,TBA,AL,45,48,0,RP,37,22,4,44,2,2,0,8,0,46,20
518420,Dylan Axelrod,26,CHA,AL,48,23,5,SP,33,16,6,50,3,3,0,3,3,1,23
521230,Liam Hendriks,23,MIN,AL,67,12,12,SP,40,19,7,75,4,4,0,0,4,0,34
501925,Joe Smith,28,CLE,AL,58,61,0,RP,43,25,5,60,3,3,0,14,0,71,26
446899,Brad Ziegler,32,ARI,NL,50,52,0,RP,35,20,3,53,3,2,0,9,0,66,21
488674,Burke Badenhop,29,TBA,AL,52,45,1,RP,35,20,4,55,3,3,0,5,0,50,23
407845,Fernando Rodney,35,TBA,AL,47,46,0,RP,38,24,4,45,2,2,0,8,0,39,21
213680,Mike MacDougal,35,LAN,NL,56,57,0,RP,43,28,4,55,3,3,0,6,0,69,24
545363,Jacob Turner,21,DET,AL,122,22,22,SP,72,43,14,135,7,8,0,1,3,0,66
453186,Scott Maine,27,CHN,NL,23,21,0,RP,22,12,2,21,1,1,0,3,0,7,9
444446,Collin Balester,26,DET,AL,51,37,2,RP,40,22,6,52,3,3,0,3,0,23,24
457707,Trevor Bell,25,LAA,AL,47,27,4,RP,31,16,5,50,3,3,0,2,0,19,22
456379,Alberto Alburquerque,25,DET,AL,13,12,0,RP,15,7,1,11,1,1,0,2,0,41,5
453232,Graham Godfrey,27,OAK,AL,57,25,7,SP,35,20,7,60,3,4,0,3,4,1,28
460092,Christopher Leroux,28,PIT,NL,29,24,0,RP,23,12,3,30,2,1,0,3,0,23,13
525768,Tim Collins,22,KCA,AL,61,62,0,RP,60,39,6,58,3,3,0,10,0,68,27
460156,Brandon Gomes,27,TBA,AL,19,18,0,RP,17,8,2,18,1,1,0,3,0,40,8
430587,Taylor Buchholz,30,NYN,NL,29,29,0,RP,24,12,3,29,1,1,0,4,0,23,13
448178,Kevin Jepsen,27,LAA,AL,35,34,0,RP,27,15,3,35,2,2,0,7,0,16,15
136600,Bruce Chen,35,KCA,AL,178,32,31,SP,109,63,25,200,9,12,0,0,25,0,97
502028,Blake Wood,26,KCA,AL,37,29,1,RP,29,16,3,38,2,2,0,4,0,55,16
456102,David Pauley,29,DET,AL,13,9,1,RP,7,4,1,14,1,1,4,2,0,53,6
489119,Wade Miley,24,ARI,NL,56,10,10,SP,38,24,4,59,3,3,0,0,7,1,28
446185,Logan Ondrusek,27,CIN,NL,46,47,0,RP,34,19,5,48,2,2,0,5,0,66,21
460059,Mike Pelfrey,28,NYN,NL,185,32,31,SP,105,63,20,209,9,13,0,0,33,1,99
116414,Jason Isringhausen,39,LAA,AL,15,16,0,RP,13,7,2,15,1,1,2,4,0,53,7
211041,Ryan Franklin,39,,,0,0,0,,0,0,0,0,0,0,4,0,0,21,0
493247,Peter Moylan,33,ATL,NL,18,20,0,RP,15,8,1,17,1,1,0,3,0,13,7
505447,Brandon Dickson,27,STL,NL,22,5,3,SP,15,7,2,24,1,1,0,0,1,3,10
430613,Ronald Belisario,29,LAN,NL,17,18,0,RP,14,7,1,17,1,1,0,3,0,0,7
460072,Jason Berken,28,BAL,AL,36,24,2,RP,25,13,5,37,2,2,0,3,0,40,17
469167,Jose Ceda,24,MIA,NL,13,12,0,RP,14,7,1,11,1,1,0,2,0,17,5
425647,D.J. Carrasco,35,NYN,NL,38,31,1,RP,26,14,4,41,2,2,0,3,1,41,18
497807,Frank Herrmann,28,CLE,AL,43,34,1,RP,30,15,6,46,2,2,0,4,0,40,20
279782,Jon Garland,32,,,86,15,15,SP,51,31,9,93,4,6,0,0,9,0,45
543754,Michael Schwimer,25,PHI,NL,12,10,0,RP,11,5,1,11,1,1,0,2,0,12,5
454535,Clay Hensley,32,SFN,NL,25,20,1,RP,18,10,2,26,1,1,0,4,9,28,11
519259,Daniel Schlereth,26,DET,AL,50,48,0,RP,46,29,5,48,2,3,0,9,0,49,23
452718,Kyle Kendrick,27,PHI,NL,84,36,10,SP,47,25,10,94,4,5,0,3,14,20,43
474521,Shawn Tolleson,23,LAN,NL,8,7,0,RP,8,3,1,7,0,0,0,0,0,0,3
493603,Adam Ottavino,26,STL,NL,33,6,6,SP,24,14,3,34,2,2,0,0,0,0,16
218894,Vicente Padilla,34,BOS,AL,21,4,4,SP,15,7,2,23,2,1,0,0,0,9,10
542924,Jeff Beliveau,24,CHN,NL,14,12,0,RP,13,7,1,13,1,1,0,2,0,0,6
451085,Brian Matusz,25,BAL,AL,71,14,14,SP,47,28,11,75,4,5,0,0,12,0,38
461856,Troy Patton,26,BAL,AL,53,38,3,RP,35,20,7,57,3,3,0,5,0,20,26
453172,Jared Hughes,25,PIT,NL,20,13,1,RP,14,8,1,21,1,1,0,2,0,12,9
489334,Craig Stammen,28,WAS,NL,11,4,1,SP,8,3,1,12,1,1,0,1,0,7,5
446003,Luis Valdez,28,ATL,NL,12,11,0,RP,10,5,1,11,1,1,0,2,0,6,5
460677,Cory Wade,29,NYA,AL,18,16,0,RP,12,6,2,19,1,1,0,2,0,40,8
124604,Jamey Wright,37,LAN,NL,30,26,0,RP,21,13,2,30,2,1,0,6,0,60,13
518603,Justin De_Fratus,23,PHI,NL,10,7,0,RP,9,4,1,9,1,0,0,0,0,5,4
121125,Arthur Rhodes,42,,,12,16,0,RP,9,4,1,12,1,1,1,6,0,51,5
430911,David Aardsma,30,NYA,AL,0,0,0,RP,0,0,0,0,0,0,3,0,0,0,0
467850,Edgmer Escalona,25,COL,NL,52,48,0,RP,41,21,7,56,2,3,0,6,0,14,25
488787,Casey Coleman,24,CHN,NL,49,10,9,SP,33,21,5,52,3,4,0,0,17,2,25
518418,Phillippe Aumont,23,PHI,NL,13,8,1,RP,13,7,1,12,1,1,0,1,0,0,6
425861,Shawn Camp,36,SEA,AL,50,49,0,RP,29,18,4,54,2,3,0,6,0,67,23
474599,Neil Wagner,28,OAK,AL,17,15,0,RP,14,8,2,17,1,1,0,3,0,6,7
452764,Christopher Carpenter,26,BOS,AL,46,33,3,RP,37,25,4,46,2,3,0,3,0,10,21
458589,David Herndon,25,PHI,NL,23,21,0,RP,17,9,2,24,1,1,0,2,0,45,10
467094,Felix Doubront,24,BOS,AL,32,15,5,SP,23,13,3,35,2,2,0,1,0,11,16
493337,Yuneski Maya,30,WAS,NL,20,4,3,SP,12,6,2,21,1,1,0,0,5,5,10
502004,George Kontos,27,NYA,AL,11,7,1,RP,9,4,1,11,1,1,0,1,0,7,5
458919,Ryan Mattheus,28,WAS,NL,23,23,0,RP,17,10,2,24,1,1,0,3,0,35,10
425656,Wilfredo Ledezma,31,TOR,AL,8,7,0,RP,8,4,1,7,0,0,0,1,0,5,3
466918,Manuel Corpas,29,CHN,NL,17,16,0,RP,13,7,2,17,1,1,0,3,0,0,8
467099,Jordan Norberto,24,OAK,AL,13,10,0,RP,12,7,1,12,1,1,0,1,0,6,6
448269,Brad Bergesen,26,BAL,AL,60,20,8,SP,34,19,8,67,3,4,0,0,12,22,31
449110,Omar Beltre,29,TEX,AL,20,5,4,SP,14,9,2,20,1,1,0,0,0,0,10
445001,Bob Cassevah,26,LAA,AL,46,40,0,RP,28,19,3,50,2,2,0,5,0,30,21
501873,Michael McClendon,27,MIL,NL,12,9,0,RP,8,4,1,13,1,1,0,1,0,9,5
445216,Daniel McCutchen,29,PIT,NL,72,61,2,RP,45,25,9,79,3,4,0,4,0,73,36
446290,Dan Moskos,26,PIT,NL,45,43,0,RP,31,20,4,47,2,2,0,3,0,31,21
460370,Rafael Perez,30,CLE,AL,61,64,0,RP,39,25,5,66,3,3,0,11,0,71,29
408230,Pedro Feliciano,35,NYA,AL,10,13,0,RP,7,4,1,10,1,0,0,4,0,0,4
501870,Everett Teaford,28,KCA,AL,15,9,1,RP,11,6,2,16,1,1,0,2,3,23,7
518444,Blake Beavan,23,SEA,AL,29,5,5,SP,15,7,4,33,1,2,0,0,15,0,15
488751,Alex Burnett,24,MIN,AL,47,44,1,RP,34,19,5,50,2,3,0,5,0,66,23
543557,Mike Montgomery,22,KCA,AL,23,4,4,SP,18,11,2,24,1,2,0,0,0,0,11
444935,Nick Hagadone,25,CLE,AL,36,27,2,RP,31,20,4,35,2,2,0,4,0,9,17
434578,Joe Saunders,31,ARI,NL,164,27,27,SP,92,55,19,188,9,11,0,0,33,0,90
444553,Aneury Rodriguez,24,HOU,NL,22,14,2,RP,17,10,3,22,1,1,0,0,8,35,11
457422,Tim Dillard,28,MIL,NL,14,9,1,RP,10,6,1,15,1,1,0,2,0,24,6
449173,Lucas Harrell,27,HOU,NL,24,11,3,SP,17,11,2,25,1,2,0,3,2,7,11
501852,Bruce Billings,25,OAK,AL,10,4,1,RP,8,4,1,10,1,1,0,0,0,4,5
445246,Jeff Fulchino,32,WAS,NL,5,5,0,RP,4,2,0,5,0,0,0,1,0,39,2
468528,Joel Carreno,24,TOR,AL,18,8,2,SP,15,9,2,19,1,1,0,2,0,11,9
518655,John Ely,26,LAN,NL,10,2,2,SP,7,4,1,10,1,1,0,0,1,4,5
476601,Michael Bowden,25,BOS,AL,29,22,1,RP,21,11,4,31,2,2,0,4,0,14,14
501563,Simon Castro,24,CHA,AL,20,4,4,SP,14,8,3,21,1,2,0,0,0,0,11
240694,J.C. Romero,36,SLN,NL,47,51,0,RP,35,25,3,47,2,2,0,9,0,36,22
502609,Daniel Ray Herrera,27,NYN,NL,7,8,0,RP,5,3,1,7,0,0,0,1,0,18,3
506606,Hideki Okajima,36,NYA,AL,11,10,0,RP,8,4,1,11,1,1,0,2,0,7,5
429985,Chad Gaudin,29,MIA,NL,9,5,1,RP,7,4,1,9,0,0,0,1,0,10,4
502046,Jeff Locke,24,PIT,NL,25,5,5,SP,17,11,2,26,1,2,0,0,4,0,13
543409,Michael Kohn,25,LAA,AL,9,9,0,RP,8,5,1,8,0,0,0,2,0,14,4
518865,Josh Judy,26,CIN,NL,9,8,0,RP,7,4,1,9,0,0,0,1,0,12,4
502166,Brad Mills,27,LAA,AL,12,2,2,SP,8,4,1,13,1,1,0,0,4,1,6
434641,Juan Gutierrez,28,ARI,NL,0,0,0,RP,0,0,0,0,0,0,1,0,0,20,0
435043,Zach Duke,29,HOU,NL,20,8,2,SP,11,5,2,22,1,1,0,2,9,12,10
463037,Atahualpa Severino,26,WAS,NL,5,4,0,RP,5,2,0,5,0,0,0,1,0,6,2
460657,Doug Slaten,32,PIT,NL,5,6,0,RP,4,2,0,5,0,0,0,1,0,31,2
519110,Joe Paterson,26,ARI,NL,41,51,0,RP,32,21,3,42,2,2,0,8,0,62,19
276056,Danys Baez,34,,,15,14,0,,9,5,1,16,1,1,0,2,0,29,7
503569,Rafael Dolis,23,CHN,NL,12,7,1,RP,10,6,1,12,1,1,0,1,0,1,6
489448,Mike Zagurski,29,PHI,NL,10,10,0,RP,9,6,1,10,1,0,0,2,0,4,4
501697,Jhan Marinez,23,MIA,NL,44,43,0,RP,43,30,5,40,2,2,0,6,0,0,21
448337,Josh Kinney,33,SEA,AL,5,4,0,RP,4,2,0,5,0,0,0,1,0,13,2
466459,Sandy Rosario,25,MIA,NL,7,5,0,RP,6,3,1,7,0,0,0,1,0,4,3
489189,Josh Outman,27,COL,NL,37,15,5,SP,27,16,4,39,2,2,0,2,9,4,19
119125,Trever Miller,39,CHN,NL,0,0,0,RP,0,0,0,0,0,0,1,0,0,48,0
534428,Esmailin Caridad,28,CHN,NL,0,0,0,RP,0,0,0,0,0,0,1,0,0,0,0
543331,J.J. Hoover,23,ATL,NL,2,1,0,SP,2,1,0,2,0,0,0,0,0,0,1
476454,Dellin Betances,23,NYA,AL,15,3,3,SP,11,9,2,15,1,1,0,0,1,1,8
451585,Sam Demel,26,ARI,NL,19,20,0,RP,14,9,2,20,1,1,0,2,0,34,9
400067,Carlos Silva,33,,,10,2,2,,6,3,1,11,1,1,0,0,0,0,5
430900,Michael Wuertz,33,,,0,0,0,RP,0,0,0,0,0,0,1,0,0,39,0
476011,Matt Maloney,28,MIN,AL,14,5,2,SP,8,4,2,15,1,1,0,2,1,7,7
488683,Scott Barnes,24,CLE,AL,15,3,3,SP,11,7,2,15,1,1,0,0,0,0,8
572070,Garrett Richards,23,LAA,AL,36,7,6,SP,22,15,4,39,2,3,0,0,3,4,19
493137,Daisuke Matsuzaka,31,BOS,AL,34,6,6,SP,25,15,5,37,2,2,0,0,7,1,18
434482,Jesse Carlson,31,TOR,AL,14,16,0,RP,10,6,2,16,1,1,0,3,0,0,7
541640,Erasmo Ramirez,21,SEA,AL,5,1,1,SP,3,1,0,5,0,0,0,0,0,0,2
460008,Anthony Varvaro,27,ATL,NL,12,9,0,RP,10,7,1,11,1,1,0,1,0,18,6
547749,Junichi Tazawa,26,BOS,AL,15,4,2,SP,10,6,2,16,1,1,0,0,0,3,8
548348,Donnie Joseph,23,CIN,NL,0,0,0,RP,0,0,0,0,0,0,0,0,0,0,0
501874,Kam Mickolio,28,ARI,NL,0,0,0,RP,0,0,0,0,0,0,0,0,0,6,0
433584,Fausto Carmona,28,CLE,AL,24,4,4,SP,14,9,2,27,1,2,0,0,32,0,12
501687,Luis Marte,25,DET,AL,6,5,0,RP,5,3,1,6,0,0,0,1,0,4,3
459987,Cesar Ramos,28,TBA,AL,11,8,1,RP,8,5,1,11,1,1,0,1,0,59,5
456499,Scott Patterson,33,SEA,AL,0,0,0,RP,0,0,0,0,0,0,0,0,0,0,0
489244,Jason Rice,25,,,0,0,0,,0,0,0,0,0,0,0,0,0,0,0
434639,Scott Munter,32,SFN,NL,0,0,0,RP,0,0,0,0,0,0,0,0,0,0,0
572168,Jason Stoffel,22,HOU,NL,0,0,0,RP,0,0,0,0,0,0,0,0,0,0,0
543540,Daniel Meszaros,26,HOU,NL,0,0,0,RP,0,0,0,0,0,0,0,0,0,0,0
544365,Manuel Banuelos,21,NYA,AL,15,3,3,SP,10,8,1,15,1,1,0,0,0,0,8
453284,Blake Parker,27,CHN,NL,0,0,0,RP,0,0,0,0,0,0,0,0,0,0,0
429984,Scott Proctor,35,NYA,AL,0,0,0,RP,0,0,0,0,0,0,0,0,0,39,0
502169,Billy Bullock,23,ATL,NL,0,0,0,RP,0,0,0,0,0,0,0,0,0,0,0
462522,Jeff Gray,30,MIN,AL,0,0,0,RP,0,0,0,0,0,0,0,0,0,30,0
453580,Steve Edlefsen,27,SFN,NL,2,2,0,RP,2,1,0,3,0,0,0,0,0,13,1
466339,Victor Garate,27,MIL,NL,0,0,0,RP,0,0,0,0,0,0,0,0,0,0,0
430674,Yhency Brazoban,31,,,0,0,0,,0,0,0,0,0,0,0,0,0,6,0
474029,Zach Putnam,24,COL,AL,0,0,0,RP,0,0,0,0,0,0,0,0,0,8,0
545248,Dan Remenowsky,25,CHA,AL,0,0,0,RP,0,0,0,0,0,0,0,0,0,0,0
444884,Chris Ray,30,,,0,0,0,,0,0,0,0,0,0,0,0,0,29,0
434565,Robinson Tejeda,30,CLE,AL,0,0,0,RP,0,0,0,0,0,0,0,0,0,9,0
460104,Anthony Slama,28,MIN,AL,0,0,0,RP,0,0,0,0,0,0,0,0,0,2,0
543136,Cody Eppley,25,TEX,AL,0,0,0,RP,0,0,0,0,0,0,0,0,0,10,0
460597,Jim Hoey,29,TOR,AL,0,0,0,RP,0,0,0,0,0,0,0,0,0,26,0
489021,Blake King,24,HOU,NL,0,0,0,RP,0,0,0,0,0,0,0,0,0,0,0
502255,Casey Weathers,26,COL,NL,0,0,0,RP,0,0,0,0,0,0,0,0,0,0,0
465015,Leyson Septimo,25,CHA,AL,0,0,0,RP,0,0,0,0,0,0,0,0,0,0,0
453562,Jake Arrieta,26,BAL,AL,116,21,21,SP,79,56,14,121,6,8,0,0,22,0,63
544993,Steven Geltz,23,LAA,AL,0,0,0,RP,0,0,0,0,0,0,0,0,0,0,0
456585,Michael O'Connor,31,NYA,AL,0,0,0,RP,0,0,0,0,0,0,0,0,0,9,0
456150,Marco Carrillo,25,CHN,NL,0,0,0,RP,0,0,0,0,0,0,0,0,0,0,0
453212,Cory VanAllen,27,WAS,NL,0,0,0,RP,0,0,0,0,0,0,0,0,0,0,0
543359,Daniel Jennings,24,MIA,NL,0,0,0,RP,0,0,0,0,0,0,0,0,0,0,0
435618,Jeremy Accardo,30,CLE,AL,0,0,0,RP,0,0,0,0,0,0,0,0,0,31,0
518715,Cory Gearrin,25,ATL,NL,0,0,0,RP,0,0,0,0,0,0,0,0,0,18,0
425786,Scott Atchison,35,BOS,AL,0,0,0,RP,0,0,0,0,0,0,0,0,0,17,0
489294,Tanner Scheppers,25,TEX,AL,0,0,0,RP,0,0,0,0,0,0,0,0,0,0,0
453515,David Purcey,30,PHI,NL,0,0,0,RP,0,0,0,0,0,0,0,0,0,33,0
518782,John Hellweg,22,LAA,AL,0,0,0,RP,0,0,0,0,0,0,0,0,0,0,0
503438,Robert Delaney,27,,,0,0,0,,0,0,0,0,0,0,0,0,0,4,0
501529,Jorge De Leon,23,HOU,NL,0,0,0,RP,0,0,0,0,0,0,0,0,0,0,0
460128,Kevin Whelan,28,NYA,AL,0,0,0,RP,0,0,0,0,0,0,0,0,0,2,0
430641,Blaine Boyer,30,,,0,0,0,,0,0,0,0,0,0,0,0,0,5,0
541652,Bruce Rondon,20,DET,AL,0,0,0,RP,0,0,0,0,0,0,0,0,0,0,0
503441,Ludovicus Van Mil,26,LAA,AL,0,0,0,RP,0,0,0,0,0,0,0,0,0,0,0
543144,Daniel Farquhar,25,TOR,AL,0,0,0,RP,0,0,0,0,0,0,0,0,0,3,0
514639,Jose Ortega,22,DET,AL,0,0,0,RP,0,0,0,0,0,0,0,0,0,0,0
503566,Fabio Castillo,22,TEX,AL,0,0,0,RP,0,0,0,0,0,0,0,0,0,0,0
456045,Joe Savery,26,PHI,NL,2,1,0,RP,2,1,0,3,0,0,0,0,0,4,1
523989,Rubby De_La_Rosa,22,LAN,NL,0,0,0,SP,0,0,0,0,0,0,0,0,10,3,0
447744,Raul Valdez,33,PHI,NL,0,0,0,RP,0,0,0,0,0,0,0,0,0,13,0
430950,Brian Gordon,33,,,0,0,0,,0,0,0,0,0,0,0,0,2,0,0
472551,Fernando Abad,25,HOU,NL,0,0,0,RP,0,0,0,0,0,0,0,0,0,29,0
453304,John Gaub,27,CHN,NL,0,0,0,RP,0,0,0,0,0,0,0,0,0,4,0
501993,Cole Kimball,25,WAS,NL,0,0,0,RP,0,0,0,0,0,0,0,0,0,12,0
461848,Jim Miller,30,OAK,AL,0,0,0,RP,0,0,0,0,0,0,0,0,0,6,0
471919,Jhonny Nunez,26,CHA,AL,0,0,0,RP,0,0,0,0,0,0,0,0,0,0,0
425226,Brian Tallet,34,,,0,0,0,,0,0,0,0,0,0,0,0,0,19,0
451773,Dane De_La_Rosa,28,TBA,AL,0,0,0,RP,0,0,0,0,0,0,0,0,0,7,0
449060,Clay Rapada,31,NYA,AL,0,0,0,RP,0,0,0,0,0,0,0,0,0,32,0
519357,Jess Todd,26,STL,NL,0,0,0,RP,0,0,0,0,0,0,0,0,0,0,0
239795,Chad Durbin,34,WAS,NL,0,0,0,RP,0,0,0,0,0,0,0,0,0,56,0
121096,Dennys Reyes,35,BOS,AL,0,0,0,RP,0,0,0,0,0,0,0,0,0,4,0
502136,Jordan Smith,26,CIN,NL,0,0,0,RP,0,0,0,0,0,0,0,0,0,17,0
459999,Jeff Stevens,28,NYN,NL,0,0,0,RP,0,0,0,0,0,0,0,0,0,4,0
449777,Mitch Stetter,31,MIL,NL,0,0,0,RP,0,0,0,0,0,0,0,0,0,16,0
519391,Jay Voss,25,DET,AL,0,0,0,RP,0,0,0,0,0,0,0,0,0,0,0
519175,Evan Reed,25,MIA,NL,0,0,0,RP,0,0,0,0,0,0,0,0,0,0,0
518669,Alan Farina,24,TOR,AL,0,0,0,RP,0,0,0,0,0,0,0,0,0,0,0
424805,Mark Hendrickson,38,BAL,AL,0,0,0,RP,0,0,0,0,0,0,0,0,0,8,0
493555,Carlos Gutierrez,25,MIN,AL,0,0,0,RP,0,0,0,0,0,0,0,0,0,0,0
502026,Jeremy Jeffress,24,KCA,AL,0,0,0,RP,0,0,0,0,0,0,0,0,0,14,0
502356,Tyler Robertson,23,MIN,AL,0,0,0,RP,0,0,0,0,0,0,0,0,0,0,0
501740,Francisco Samuel,25,STL,NL,0,0,0,RP,0,0,0,0,0,0,0,0,0,0,0
519405,Robbie Weinhardt,26,DET,AL,0,0,0,RP,0,0,0,0,0,0,0,0,0,2,0
500902,Lester Oliveros,23,MIN,AL,16,14,0,RP,13,8,2,16,1,1,0,2,0,19,8
448722,Juan Perez,33,PHI,NL,0,0,0,RP,0,0,0,0,0,0,0,0,0,8,0
445612,Dale Thayer,31,NYN,NL,0,0,0,RP,0,0,0,0,0,0,0,0,0,11,0
150122,Damaso Marte,37,,,0,0,0,RP,0,0,0,0,0,0,0,0,0,0,0
429714,Denny Bautista,31,,,0,0,0,,0,0,0,0,0,0,0,0,0,0,0
457768,Bryan Morris,24,PIT,NL,0,0,0,SP,0,0,0,0,0,0,0,0,0,0,0
455949,Scott Mathieson,27,PHI,NL,0,0,0,RP,0,0,0,0,0,0,0,0,0,4,0
118158,Ron Mahay,41,,,0,0,0,,0,0,0,0,0,0,0,0,0,0,0
523650,Jose Rosario,25,MIA,NL,0,0,0,RP,0,0,0,0,0,0,0,0,0,0,0
519179,Adam Reifer,25,STL,NL,0,0,0,RP,0,0,0,0,0,0,0,0,0,0,0
519267,Evan Scribner,26,OAK,AL,0,0,0,RP,0,0,0,0,0,0,0,0,0,10,0
430963,Tony Pena,30,CHA,AL,0,0,0,RP,0,0,0,0,0,0,0,0,0,17,0
447821,Stephen Marek,28,ATL,NL,0,0,0,RP,0,0,0,0,0,0,0,0,0,0,0
425646,Luis Ayala,34,BAL,AL,0,0,0,RP,0,0,0,0,0,0,0,0,0,52,0
445590,Eric Stults,32,COL,NL,0,0,0,RP,0,0,0,0,0,0,0,0,0,6,0
462945,Cesar Jimenez,27,SEA,AL,0,0,0,RP,0,0,0,0,0,0,0,0,0,8,0
451135,Dan Cortes,25,WAS,NL,0,0,0,RP,0,0,0,0,0,0,0,0,0,10,0
471162,Anthony Ortega,26,LAA,AL,0,0,0,RP,0,0,0,0,0,0,0,0,0,0,0
543495,Ethan Martin,22,LAN,NL,0,0,0,SP,0,0,0,0,0,0,0,0,0,0,0
429901,Sergio Mitre,31,,,0,0,0,RP,0,0,0,0,0,0,0,0,0,26,0
463645,Samuel Gervacio,27,HOU,NL,0,0,0,RP,0,0,0,0,0,0,0,0,0,0,0
430083,Brian Sanches,33,PHI,NL,0,0,0,RP,0,0,0,0,0,0,0,0,2,37,0
450580,Dustin Richardson,28,ATL,NL,0,0,0,RP,0,0,0,0,0,0,0,0,0,0,0
502264,Nathan Adcock,23,KCA,AL,0,0,0,RP,0,0,0,0,0,0,0,0,3,21,0
451572,Henry Barrera,25,KCA,AL,0,0,0,RP,0,0,0,0,0,0,0,0,0,0,0
456414,Jeff Allison,26,MIA,NL,0,0,0,SP,0,0,0,0,0,0,0,0,0,0,0
519119,Wynn Pelzer,25,BAL,AL,0,0,0,SP,0,0,0,0,0,0,0,0,0,0,0
450212,Pat Neshek,31,BAL,AL,0,0,0,RP,0,0,0,0,0,0,0,0,0,25,0
448857,Jose Ascanio,27,LAN,NL,0,0,0,RP,0,0,0,0,0,0,0,0,0,8,0
543713,Julio Rodriguez,20,PHI,NL,0,0,0,SP,0,0,0,0,0,0,0,0,0,0,0
451990,Jose Valdez,29,HOU,NL,0,0,0,RP,0,0,0,0,0,0,0,0,0,12,0
571896,Matthew Lollis,20,SDN,NL,0,0,0,SP,0,0,0,0,0,0,0,0,0,0,0
502165,Andrew Carpenter,27,TOR,AL,0,0,0,RP,0,0,0,0,0,0,0,0,0,12,0
446248,Bryan Augenstein,25,STL,NL,0,0,0,RP,0,0,0,0,0,0,0,0,0,5,0
516769,Jenrry Mejia,22,NYN,NL,0,0,0,RP,0,0,0,0,0,0,0,0,0,0,0
501625,Jose Alvarez,22,MIA,NL,0,0,0,SP,0,0,0,0,0,0,0,0,0,0,0
455605,J.D. Martin,29,WAS,NL,0,0,0,SP,0,0,0,0,0,0,0,0,0,0,0
502055,Jay Buente,28,TBA,AL,0,0,0,RP,0,0,0,0,0,0,0,0,1,1,0
442707,Mark Difelice,35,MIL,NL,0,0,0,RP,0,0,0,0,0,0,0,0,0,3,0
458250,Dusty Hughes,30,MIN,AL,0,0,0,RP,0,0,0,0,0,0,0,0,0,15,0
445193,Robert Coello,26,CHN,NL,0,0,0,RP,0,0,0,0,0,0,0,0,0,0,0
570649,Yordano Ventura,20,KCA,AL,0,0,0,SP,0,0,0,0,0,0,0,0,0,0,0
453273,Michael Crotta,27,PIT,NL,0,0,0,SP,0,0,0,0,0,0,0,0,0,15,0
519076,Jimmy Nelson,22,MIL,NL,0,0,0,SP,0,0,0,0,0,0,0,0,0,0,0
523260,Joe Kelly,23,STL,NL,0,0,0,SP,0,0,0,0,0,0,0,0,0,0,0
465679,Samuel Deduno,28,MIN,AL,0,0,0,RP,0,0,0,0,0,0,0,0,0,2,0
400141,Horacio Ramirez,32,,,0,0,0,RP,0,0,0,0,0,0,0,0,0,12,0
456662,Jeremy Horst,25,PHI,NL,0,0,0,RP,0,0,0,0,0,0,0,0,0,12,0
457796,Garrett Olson,28,NYN,NL,0,0,0,RP,0,0,0,0,0,0,0,0,0,4,0
441368,Alberto Castillo,36,ARI,NL,0,0,0,RP,0,0,0,0,0,0,0,0,0,17,0
579799,Ryota Igarashi,33,PIT,NL,0,0,0,RP,0,0,0,0,0,0,0,0,0,45,0
499856,Chris Jakubauskas,33,ARI,NL,0,0,0,RP,0,0,0,0,0,0,0,0,6,27,0
460580,Chuck James,30,NYN,NL,0,0,0,RP,0,0,0,0,0,0,0,0,0,8,0
476127,Zach Kroenke,28,ARI,NL,0,0,0,RP,0,0,0,0,0,0,0,0,0,4,0
469690,Victor Marte,31,STL,NL,0,0,0,RP,0,0,0,0,0,0,0,0,0,0,0
408072,Jason Bulger,33,MIN,AL,0,0,0,RP,0,0,0,0,0,0,0,0,0,5,0
448656,Chad Reineke,30,CIN,NL,0,0,0,SP,0,0,0,0,0,0,0,0,1,1,0
500610,Deolis Guerra,23,MIN,AL,0,0,0,SP,0,0,0,0,0,0,0,0,0,0,0
457567,Carlos Fisher,29,CIN,NL,0,0,0,RP,0,0,0,0,0,0,0,0,0,17,0
471183,Waldis Joaquin,25,SFN,NL,0,0,0,RP,0,0,0,0,0,0,0,0,0,5,0
501638,Pedro Viola,29,BAL,AL,0,0,0,RP,0,0,0,0,0,0,0,0,0,4,0
430683,Justin Germano,29,,,0,0,0,,0,0,0,0,0,0,0,0,0,9,0
234194,Buddy Carlyle,33,,,0,0,0,,0,0,0,0,0,0,0,0,0,8,0
518972,Trystan Magnuson,26,OAK,AL,0,0,0,RP,0,0,0,0,0,0,0,0,0,9,0
542565,Adrian Salcedo,20,MIN,AL,0,0,0,SP,0,0,0,0,0,0,0,0,0,0,0
457781,Kyle Cofield,25,CHA,AL,0,0,0,SP,0,0,0,0,0,0,0,0,0,0,0
470462,Ramon Troncoso,29,LAN,NL,0,0,0,RP,0,0,0,0,0,0,0,0,0,18,0
430942,Randy Williams,36,BOS,AL,0,0,0,RP,0,0,0,0,0,0,0,0,0,7,0
434619,Enrique Gonzalez,29,DET,AL,0,0,0,RP,0,0,0,0,0,0,0,0,0,8,0
445926,Jesse Chavez,28,KCA,AL,0,0,0,RP,0,0,0,0,0,0,0,0,0,4,0
455091,Mike Ekstrom,28,COL,NL,0,0,0,RP,0,0,0,0,0,0,0,0,0,1,0
490313,Amauri Sanit,32,,,0,0,0,,0,0,0,0,0,0,0,0,0,4,0
446332,David Kopp,25,STL,NL,0,0,0,SP,0,0,0,0,0,0,0,0,0,0,0
430663,Brian Bruney,30,,,0,0,0,,0,0,0,0,0,0,0,0,0,23,0
491708,Arquimedes Caminero,24,MIA,NL,0,0,0,RP,0,0,0,0,0,0,0,0,0,0,0
425466,Willie Eyre,33,BAL,AL,0,0,0,RP,0,0,0,0,0,0,0,0,0,19,0
477557,Francisco Rodriguez,29,LAA,AL,0,0,0,RP,0,0,0,0,0,0,0,0,0,10,0
452240,Adam Russell,29,TBA,AL,0,0,0,RP,0,0,0,0,0,0,0,0,0,36,0
457581,Andrew Brackman,25,CIN,NL,0,0,0,SP,0,0,0,0,0,0,0,0,0,3,0
451650,Rommie Lewis,29,TOR,AL,0,0,0,RP,0,0,0,0,0,0,0,0,0,6,0
501879,Kevin Pucetas,27,KCA,AL,0,0,0,SP,0,0,0,0,0,0,0,0,0,0,0
346801,Brad Thomas,33,DET,AL,0,0,0,RP,0,0,0,0,0,0,0,0,0,12,0
434958,Sean Green,33,MIL,NL,0,0,0,RP,0,0,0,0,0,0,0,0,0,14,0
444427,Kanekoa Texeira,26,CIN,NL,0,0,0,RP,0,0,0,0,0,0,0,0,0,6,0
460029,Jensen Lewis,28,,,0,0,0,,0,0,0,0,0,0,0,0,0,0,0
434666,Josh Rupe,29,,,0,0,0,,0,0,0,0,0,0,0,0,0,9,0
123790,Billy Wagner,40,,,0,0,0,,0,0,0,0,0,0,0,0,0,0,0
451491,Joel Zumaya,27,MIN,AL,0,0,0,RP,0,0,0,0,0,0,0,0,0,0,0
572102,Keyvius Sampson,20,SDN,NL,0,0,0,SP,0,0,0,0,0,0,0,0,0,0,0
120485,Andy Pettitte,40,,,0,0,0,,0,0,0,0,0,0,0,0,0,0,0
571946,Shelby Miller,21,STL,NL,0,0,0,SP,0,0,0,0,0,0,0,0,0,0,0
455122,Bradley Meyers,26,NYA,AL,0,0,0,SP,0,0,0,0,0,0,0,0,0,0,0
543507,Trevor May,21,PHI,NL,0,0,0,SP,0,0,0,0,0,0,0,0,0,0,0
444941,Austin Hyatt,25,PHI,NL,0,0,0,SP,0,0,0,0,0,0,0,0,0,0,0
445170,Todd Redmond,27,ATL,NL,0,0,0,SP,0,0,0,0,0,0,0,0,0,0,0
458550,Jeremy Hefner,25,PIT,NL,0,0,0,SP,0,0,0,0,0,0,0,0,0,0,0
502641,Erik Arnesen,28,WAS,NL,0,0,0,SP,0,0,0,0,0,0,0,0,0,0,0
458584,Xavier Cedeno,25,HOU,NL,0,0,0,RP,0,0,0,0,0,0,0,0,0,3,0
282656,Ben Sheets,33,,,0,0,0,SP,0,0,0,0,0,0,0,0,0,0,0
543391,Casey Kelly,22,SDN,NL,0,0,0,SP,0,0,0,0,0,0,0,0,0,0,0
461361,Matt Yourkin,30,SFN,NL,0,0,0,SP,0,0,0,0,0,0,0,0,0,0,0
519096,Daniel Otero,27,SFN,NL,0,0,0,RP,0,0,0,0,0,0,0,0,0,0,0
544727,Jeurys Familia,21,NYN,NL,0,0,0,SP,0,0,0,0,0,0,0,0,0,0,0
519085,Brett Oberholtzer,21,HOU,NL,0,0,0,SP,0,0,0,0,0,0,0,0,0,0,0
150009,Ramon Ortiz,39,SFN,NL,0,0,0,RP,0,0,0,0,0,0,0,0,2,20,0
407843,Andy VanHekken,32,HOU,NL,0,0,0,SP,0,0,0,0,0,0,0,0,0,0,0
502168,Rudy Owens,24,PIT,NL,0,0,0,SP,0,0,0,0,0,0,0,0,0,0,0
519015,Kyle McPherson,23,PIT,NL,0,0,0,SP,0,0,0,0,0,0,0,0,0,0,0
471911,Carlos Carrasco,25,CLE,AL,0,0,0,SP,0,0,0,0,0,0,0,0,21,0,0
521055,Maikel Cleto,22,STL,NL,0,0,0,SP,0,0,0,0,0,0,0,0,0,3,0
592804,Tyler Thornburg,22,MIL,NL,0,0,0,SP,0,0,0,0,0,0,0,0,0,0,0
407793,John Lackey,33,BOS,AL,0,0,0,SP,0,0,0,0,0,0,0,0,28,0,0
446454,Brian Bannister,31,,,0,0,0,,0,0,0,0,0,0,0,0,0,0,0
519401,Mike Watt,22,SDN,NL,0,0,0,SP,0,0,0,0,0,0,0,0,0,0,0
467728,Erick Abreu,28,HOU,NL,0,0,0,RP,0,0,0,0,0,0,0,0,0,0,0
488989,Will Inman,25,SDN,NL,0,0,0,SP,0,0,0,0,0,0,0,0,0,0,0
150003,Seth Etherton,35,,,0,0,0,,0,0,0,0,0,0,0,0,0,0,0
502103,Michael Antonini,26,LAN,NL,0,0,0,SP,0,0,0,0,0,0,0,0,0,0,0
489020,Brad Kilby,29,OAK,AL,0,0,0,RP,0,0,0,0,0,0,0,0,0,0,0
464416,Yohan Pino,28,TOR,AL,0,0,0,RP,0,0,0,0,0,0,0,0,0,0,0
119469,Jamie Moyer,49,,,0,0,0,,0,0,0,0,0,0,0,0,0,0,0
433589,Yusmeiro Petit,27,,,0,0,0,,0,0,0,0,0,0,0,0,0,0,0
554430,Zack Wheeler,21,NYN,NL,0,0,0,SP,0,0,0,0,0,0,0,0,0,0,0
526269,Hung-Wen Chen,26,,,0,0,0,,0,0,0,0,0,0,0,0,0,0,0
445153,Darin Downs,26,MIA,NL,0,0,0,RP,0,0,0,0,0,0,0,0,0,0,0
460146,Ryan Edell,28,PHI,NL,0,0,0,SP,0,0,0,0,0,0,0,0,0,0,0
460313,Kyler Newby,27,ARI,NL,0,0,0,RP,0,0,0,0,0,0,0,0,0,0,0
573584,Adys Portillo,19,SDN,NL,0,0,0,SP,0,0,0,0,0,0,0,0,0,0,0
456071,Yohan Flande,26,ATL,NL,0,0,0,SP,0,0,0,0,0,0,0,0,0,0,0
475479,David Phelps,24,NYA,AL,0,0,0,SP,0,0,0,0,0,0,0,0,0,0,0
519218,Wes Roemer,25,,,0,0,0,,0,0,0,0,0,0,0,0,0,0,0
456776,Alexander Torres,24,TBA,AL,0,0,0,SP,0,0,0,0,0,0,0,0,0,4,0
400076,Shane Loux,32,SFN,NL,0,0,0,SP,0,0,0,0,0,0,0,0,0,0,0
434884,Ryan Rowland-Smith,29,CHN,NL,0,0,0,SP,0,0,0,0,0,0,0,0,0,0,0
430588,Fernando Nieve,29,,,0,0,0,,0,0,0,0,0,0,0,0,0,0,0
543351,Jay Jackson,24,CHN,NL,0,0,0,SP,0,0,0,0,0,0,0,0,0,0,0
518952,Kyle Lotzkar,21,CIN,NL,0,0,0,SP,0,0,0,0,0,0,0,0,0,0,0
457928,Andrew Kown,29,SFN,NL,0,0,0,SP,0,0,0,0,0,0,0,0,0,0,0
460371,Alberto Bastardo,28,LAN,NL,0,0,0,SP,0,0,0,0,0,0,0,0,0,0,0
457456,Jo-Jo Reyes,27,PIT,NL,0,0,0,SP,0,0,0,0,0,0,0,0,25,4,0
219194,Gil Meche,33,,,0,0,0,,0,0,0,0,0,0,0,0,0,0,0
346869,Josh Towers,35,,,0,0,0,,0,0,0,0,0,0,0,0,0,0,0
499877,Kenshin Kawakami,37,ATL,NL,0,0,0,SP,0,0,0,0,0,0,0,0,0,0,0
408069,Erick Threets,30,OAK,AL,0,0,0,RP,0,0,0,0,0,0,0,0,0,0,0
435619,Pat Misch,30,NYN,NL,0,0,0,SP,0,0,0,0,0,0,0,0,0,6,0
465719,Francisco Felix,28,LAN,NL,0,0,0,RP,0,0,0,0,0,0,0,0,0,0,0
519022,Dan Merklinger,25,MIL,NL,0,0,0,SP,0,0,0,0,0,0,0,0,0,0,0
120221,Chan Ho Park,39,,,0,0,0,,0,0,0,0,0,0,0,0,0,0,0
543903,Carl Webster,21,LAN,NL,0,0,0,SP,0,0,0,0,0,0,0,0,0,0,0
276914,Cedrick Bowers,34,,,0,0,0,,0,0,0,0,0,0,0,0,0,0,0
453040,Michael Ballard,28,BAL,AL,0,0,0,SP,0,0,0,0,0,0,0,0,0,0,0
425768,Angel Guzman,30,LAN,NL,0,0,0,RP,0,0,0,0,0,0,0,0,0,0,0
400125,Jesus Colome,34,,,0,0,0,,0,0,0,0,0,0,0,0,0,0,0
572229,Zach Von_Rosenberg,20,PIT,NL,0,0,0,SP,0,0,0,0,0,0,0,0,0,0,0
475054,Chaz Roe,25,SEA,AL,0,0,0,SP,0,0,0,0,0,0,0,0,0,0,0
545340,Garrett Gould,19,LAN,NL,0,0,0,SP,0,0,0,0,0,0,0,0,0,0,0
425827,Jeremy Bonderman,29,,,0,0,0,SP,0,0,0,0,0,0,0,0,0,0,0
534631,Elih Villanueva,25,MIA,NL,0,0,0,SP,0,0,0,0,0,0,0,0,1,0,0
571787,David Holmberg,19,ARI,NL,0,0,0,SP,0,0,0,0,0,0,0,0,0,0,0
446267,Cody Evans,28,LAA,AL,0,0,0,SP,0,0,0,0,0,0,0,0,0,0,0
444354,Daryl Thompson,26,CIN,NL,0,0,0,SP,0,0,0,0,0,0,0,0,0,1,0
459439,Jarrett Grube,30,SEA,AL,0,0,0,SP,0,0,0,0,0,0,0,0,0,0,0
502043,Kyle Gibson,24,MIN,AL,0,0,0,SP,0,0,0,0,0,0,0,0,0,0,0
444382,Eddie Bonine,31,PHI,NL,0,0,0,RP,0,0,0,0,0,0,0,0,0,0,0
434678,Kyle Davies,28,TOR,AL,0,0,0,SP,0,0,0,0,0,0,0,0,13,0,0
543408,Tom Koehler,25,MIA,NL,0,0,0,SP,0,0,0,0,0,0,0,0,0,0,0
450864,Bobby Cramer,32,,,0,0,0,,0,0,0,0,0,0,0,0,0,5,0
430962,Dustin Nippert,31,,,0,0,0,,0,0,0,0,0,0,0,0,0,0,0
475572,Aaron Miller,23,LAN,NL,0,0,0,SP,0,0,0,0,0,0,0,0,0,0,0
444864,Jimmy Barthmaier,28,WAS,NL,0,0,0,RP,0,0,0,0,0,0,0,0,0,0,0
461212,Matt Palmer,33,LAA,AL,0,0,0,SP,0,0,0,0,0,0,0,0,3,0,0
466338,Douglas Arguello,27,TEX,AL,0,0,0,SP,0,0,0,0,0,0,0,0,0,0,0
400008,Gary Majewski,32,,,0,0,0,,0,0,0,0,0,0,0,0,0,0,0
519437,Chris Withrow,23,LAN,NL,0,0,0,SP,0,0,0,0,0,0,0,0,0,0,0
502083,Zachary McAllister,24,CLE,AL,0,0,0,SP,0,0,0,0,0,0,0,0,4,0,0
456027,Ross Ohlendorf,29,BOS,AL,0,0,0,SP,0,0,0,0,0,0,0,0,9,0,0
446207,Josh Geer,29,SDN,NL,0,0,0,SP,0,0,0,0,0,0,0,0,0,0,0
441292,Felix Romero,32,,,0,0,0,,0,0,0,0,0,0,0,0,0,0,0
543054,Jarred Cosart,22,HOU,NL,0,0,0,SP,0,0,0,0,0,0,0,0,0,0,0
448200,Chris Sampson,34,MIA,NL,0,0,0,RP,0,0,0,0,0,0,0,0,0,0,0
463017,Shairon Martis,25,WAS,NL,0,0,0,SP,0,0,0,0,0,0,0,0,0,0,0
543699,Tanner Roark,24,WAS,NL,0,0,0,SP,0,0,0,0,0,0,0,0,0,0,0
543726,Robert Ross,23,TEX,AL,0,0,0,SP,0,0,0,0,0,0,0,0,0,0,0
573244,Adam Wilk,24,DET,AL,0,0,0,SP,0,0,0,0,0,0,0,0,0,5,0
518432,Travis Banwart,26,OAK,AL,0,0,0,SP,0,0,0,0,0,0,0,0,0,0,0
434438,Billy Buckner,28,BOS,AL,0,0,0,SP,0,0,0,0,0,0,0,0,0,0,0
450832,Jesse English,27,,,0,0,0,,0,0,0,0,0,0,0,0,0,0,0
503423,Steve Kent,22,,,0,0,0,,0,0,0,0,0,0,0,0,0,0,0
425507,Fernando Cabrera,30,NYN,NL,0,0,0,RP,0,0,0,0,0,0,0,0,0,0,0
400104,Tyler Walker,36,,,0,0,0,,0,0,0,0,0,0,0,0,0,0,0
445204,Tyson Brummett,27,PHI,NL,0,0,0,RP,0,0,0,0,0,0,0,0,0,0,0
503427,Josh Wilkie,27,WAS,NL,0,0,0,RP,0,0,0,0,0,0,0,0,0,0,0
456703,Andrew Baldwin,29,MIN,AL,0,0,0,SP,0,0,0,0,0,0,0,0,0,0,0
543562,Brandon Moore,25,NYN,NL,0,0,0,SP,0,0,0,0,0,0,0,0,0,0,0
502212,Austin Bibens-Dirkx,26,CHN,NL,0,0,0,SP,0,0,0,0,0,0,0,0,0,0,0
434579,Steven Shell,29,ATL,NL,0,0,0,RP,0,0,0,0,0,0,0,0,0,0,0
518169,Armando Rodriguez,23,NYN,NL,0,0,0,SP,0,0,0,0,0,0,0,0,0,0,0
501936,Matthew Buschmann,28,SDN,NL,0,0,0,RP,0,0,0,0,0,0,0,0,0,0,0
545345,Chad James,20,MIA,NL,0,0,0,SP,0,0,0,0,0,0,0,0,0,0,0
446264,Barry Enright,26,ARI,NL,0,0,0,SP,0,0,0,0,0,0,0,0,7,0,0
519099,Dylan Owen,25,NYN,NL,0,0,0,SP,0,0,0,0,0,0,0,0,0,0,0
491179,Matt Rusch,29,BOS,AL,0,0,0,RP,0,0,0,0,0,0,0,0,0,0,0
445986,Geivy Garcia,29,,,0,0,0,,0,0,0,0,0,0,0,0,0,0,0
489400,Ryan Verdugo,24,KCA,AL,0,0,0,RP,0,0,0,0,0,0,0,0,0,0,0
518895,Matthew Klinker,27,CIN,NL,0,0,0,SP,0,0,0,0,0,0,0,0,0,0,0
476811,Sean West,26,MIA,NL,0,0,0,SP,0,0,0,0,0,0,0,0,0,0,0
502836,Nicholas Additon,24,STL,NL,0,0,0,SP,0,0,0,0,0,0,0,0,0,0,0
407901,Jorge Sosa,35,,,0,0,0,,0,0,0,0,0,0,0,0,0,0,0
502208,P.J. Walters,27,MIN,AL,0,0,0,SP,0,0,0,0,0,0,0,0,0,5,0
456899,Jon Link,28,LAN,NL,0,0,0,RP,0,0,0,0,0,0,0,0,0,0,0
452326,Omar Poveda,24,MIA,NL,0,0,0,SP,0,0,0,0,0,0,0,0,0,0,0
455114,John Lujan,28,NYN,NL,0,0,0,RP,0,0,0,0,0,0,0,0,0,0,0
433657,Dave Bush,32,PHI,NL,0,0,0,SP,0,0,0,0,0,0,0,0,3,14,0
458155,Joe Martinez,29,ARI,NL,0,0,0,SP,0,0,0,0,0,0,0,0,0,0,0
460349,Carlos Rosa,27,,,0,0,0,,0,0,0,0,0,0,0,0,0,0,0
545335,Colton Cain,20,PIT,NL,0,0,0,SP,0,0,0,0,0,0,0,0,0,0,0
122620,Russ Springer,43,,,0,0,0,,0,0,0,0,0,0,0,0,0,0,0
435080,Thomas Diamond,29,,,0,0,0,,0,0,0,0,0,0,0,0,0,0,0
571939,Kenneth McNutt,21,CHN,NL,0,0,0,SP,0,0,0,0,0,0,0,0,0,0,0
453381,Kevin Mulvey,27,ARI,NL,0,0,0,SP,0,0,0,0,0,0,0,0,0,0,0
123387,Brett Tomko,39,CIN,NL,0,0,0,SP,0,0,0,0,0,0,0,0,0,8,0
446372,Corey Kluber,26,CLE,AL,0,0,0,SP,0,0,0,0,0,0,0,0,0,3,0
489434,Kyle Winters,25,MIA,NL,0,0,0,SP,0,0,0,0,0,0,0,0,0,0,0
425789,Brian Sweeney,37,SEA,AL,0,0,0,RP,0,0,0,0,0,0,0,0,0,0,0
434638,Brian Burres,31,SFN,NL,0,0,0,SP,0,0,0,0,0,0,0,0,2,3,0
122987,Jeff Suppan,37,SDN,NL,0,0,0,SP,0,0,0,0,0,0,0,0,0,0,0
571573,Brody Colvin,20,PHI,NL,0,0,0,SP,0,0,0,0,0,0,0,0,0,0,0
430654,Brian Bass,30,PHI,NL,0,0,0,RP,0,0,0,0,0,0,0,0,0,0,0
542905,Chris Balcom-Miller,22,BOS,AL,0,0,0,SP,0,0,0,0,0,0,0,0,0,0,0
476589,Adam Warren,23,NYA,AL,0,0,0,SP,0,0,0,0,0,0,0,0,0,0,0
433897,Sam Narron,30,MIL,NL,0,0,0,SP,0,0,0,0,0,0,0,0,0,0,0
332292,John Parrish,34,,,0,0,0,,0,0,0,0,0,0,0,0,0,0,0
491624,Cesar Valdez,27,PIT,NL,0,0,0,RP,0,0,0,0,0,0,0,0,0,0,0
425546,Nate Bump,35,PHI,NL,0,0,0,SP,0,0,0,0,0,0,0,0,0,0,0
457935,Matt Daley,30,NYA,AL,0,0,0,RP,0,0,0,0,0,0,0,0,0,7,0
501551,Miguel De Los Santos,22,TEX,AL,0,0,0,SP,0,0,0,0,0,0,0,0,0,0,0
453216,Zechry Zinicola,27,WAS,NL,0,0,0,RP,0,0,0,0,0,0,0,0,0,0,0
456387,Ryan Feierabend,26,PHI,NL,0,0,0,SP,0,0,0,0,0,0,0,0,0,0,0
430837,Lenny DiNardo,32,OAK,AL,0,0,0,SP,0,0,0,0,0,0,0,0,0,0,0
519255,Cody Scarpetta,22,MIL,NL,0,0,0,SP,0,0,0,0,0,0,0,0,0,0,0
476225,Cory Riordan,25,COL,NL,0,0,0,SP,0,0,0,0,0,0,0,0,0,0,0
452743,Jason Urquidez,29,ARI,NL,0,0,0,RP,0,0,0,0,0,0,0,0,0,0,0
435658,Jorge Campillo,33,,,0,0,0,,0,0,0,0,0,0,0,0,0,0,0
571762,Kyle Heckathorn,23,MIL,NL,0,0,0,SP,0,0,0,0,0,0,0,0,0,0,0
458974,Willie Collazo,32,TOR,AL,0,0,0,RP,0,0,0,0,0,0,0,0,0,0,0
451628,Alfredo Figaro,27,,,0,0,0,,0,0,0,0,0,0,0,0,0,0,0
450264,Josh Muecke,30,,,0,0,0,,0,0,0,0,0,0,0,0,0,0,0
425818,Boof Bonser,30,SFN,NL,0,0,0,RP,0,0,0,0,0,0,0,0,0,0,0
420864,Randy Flores,36,,,0,0,0,,0,0,0,0,0,0,0,0,0,0,0
435179,Scott Olsen,28,,,0,0,0,,0,0,0,0,0,0,0,0,0,0,0
518495,Brian Broderick,24,STL,NL,0,0,0,SP,0,0,0,0,0,0,0,0,0,11,0
455106,Blake Johnson,27,COL,NL,0,0,0,RP,0,0,0,0,0,0,0,0,0,0,0
454978,Jose Sanchez,28,,,0,0,0,,0,0,0,0,0,0,0,0,0,0,0
455361,Amaury Rivas,25,MIL,NL,0,0,0,SP,0,0,0,0,0,0,0,0,0,0,0
453371,Richard Brooks,27,NYN,NL,0,0,0,RP,0,0,0,0,0,0,0,0,0,0,0
430618,Justin Hampson,32,NYN,NL,0,0,0,RP,0,0,0,0,0,0,0,0,0,0,0
459932,Hector Ambriz,28,CLE,AL,0,0,0,RP,0,0,0,0,0,0,0,0,0,0,0
453353,Greg Reynolds,26,COL,NL,0,0,0,SP,0,0,0,0,0,0,0,0,3,10,0
446901,James Houser,27,BAL,AL,0,0,0,RP,0,0,0,0,0,0,0,0,0,0,0
457786,Anthony Vasquez,24,SEA,AL,0,0,0,SP,0,0,0,0,0,0,0,0,7,0,0
459988,Robert Ray,28,TOR,AL,0,0,0,SP,0,0,0,0,0,0,0,0,0,0,0
452676,Mitch Talbot,28,CLE,AL,0,0,0,SP,0,0,0,0,0,0,0,0,12,0,0
502388,Clayton Tanner,23,CIN,NL,0,0,0,SP,0,0,0,0,0,0,0,0,0,0,0
113296,Elmer Dessens,41,,,0,0,0,,0,0,0,0,0,0,0,0,0,0,0
453402,Daryl Maday,26,SFN,NL,0,0,0,SP,0,0,0,0,0,0,0,0,0,0,0
460639,Jailen Peguero,31,,,0,0,0,,0,0,0,0,0,0,0,0,0,0,0
457730,Matt Torra,28,TBA,AL,0,0,0,SP,0,0,0,0,0,0,0,0,0,0,0
444468,Hector Rondon,24,CLE,AL,0,0,0,SP,0,0,0,0,0,0,0,0,0,0,0
282567,Claudio Vargas,34,,,0,0,0,,0,0,0,0,0,0,0,0,0,0,0
571621,Zack Dodson,20,PIT,NL,0,0,0,SP,0,0,0,0,0,0,0,0,0,0,0
467856,Carlos Monasterios,25,LAN,NL,0,0,0,RP,0,0,0,0,0,0,0,0,0,0,0
425630,Brandon Webb,33,,,0,0,0,SP,0,0,0,0,0,0,0,0,0,0,0
400147,Brian Lawrence,36,,,0,0,0,,0,0,0,0,0,0,0,0,0,0,0
448807,Dave Johnson,29,TOR,AL,0,0,0,RP,0,0,0,0,0,0,0,0,0,0,0
518892,Chris Kissock,26,PHI,NL,0,0,0,RP,0,0,0,0,0,0,0,0,0,0,0
435140,Hayden Penn,27,,,0,0,0,,0,0,0,0,0,0,0,0,0,0,0
455377,Rolando Valdez,26,,,0,0,0,,0,0,0,0,0,0,0,0,0,0,0
501869,Graham Taylor,28,MIA,NL,0,0,0,SP,0,0,0,0,0,0,0,0,0,0,0
516421,Fabio Martinez Mesa,21,LAA,AL,0,0,0,SP,0,0,0,0,0,0,0,0,0,0,0
457761,Ryan Tucker,25,,,0,0,0,,0,0,0,0,0,0,0,0,0,5,0
592145,Jesse Biddle,19,PHI,NL,0,0,0,SP,0,0,0,0,0,0,0,0,0,0,0
466948,Jean Machi,30,SFN,NL,0,0,0,RP,0,0,0,0,0,0,0,0,0,0,0
459011,Joey Newby,30,LAN,NL,0,0,0,RP,0,0,0,0,0,0,0,0,0,0,0
446213,Brett Sinkbeil,27,PIT,NL,0,0,0,RP,0,0,0,0,0,0,0,0,0,0,0
573673,Carlos Perez,19,ATL,NL,0,0,0,SP,0,0,0,0,0,0,0,0,0,0,0
518396,Tim Alderson,23,PIT,NL,0,0,0,RP,0,0,0,0,0,0,0,0,0,0,0
534648,Dae-Eun Rhee,22,CHN,NL,0,0,0,SP,0,0,0,0,0,0,0,0,0,0,0
432934,Chris Young,33,,,0,0,0,SP,0,0,0,0,0,0,0,0,4,0,0
133460,Russ Ortiz,38,,,0,0,0,,0,0,0,0,0,0,0,0,0,0,0
453221,Randy Boone,27,TOR,AL,0,0,0,SP,0,0,0,0,0,0,0,0,0,0,0
448588,J.R. Mathes,30,,,0,0,0,,0,0,0,0,0,0,0,0,0,0,0
457468,Josh Banks,29,,,0,0,0,,0,0,0,0,0,0,0,0,0,0,0
425860,Bryan Bullington,31,,,0,0,0,,0,0,0,0,0,0,0,0,0,0,0
434590,Yorman Bazardo,27,,,0,0,0,,0,0,0,0,0,0,0,0,0,0,0
434561,Francisco Butto,32,,,0,0,0,,0,0,0,0,0,0,0,0,0,0,0
408310,Aaron Heilman,33,SEA,AL,0,0,0,RP,0,0,0,0,0,0,0,0,0,32,0
491220,Hunter Jones,28,,,0,0,0,,0,0,0,0,0,0,0,0,0,0,0
275700,Winston Abreu,35,BAL,AL,0,0,0,RP,0,0,0,0,0,0,0,0,0,0,0
527048,Martin Perez,21,TEX,AL,0,0,0,SP,0,0,0,0,0,0,0,0,0,0,0
400062,Tim Redding,34,,,0,0,0,,0,0,0,0,0,0,0,0,0,0,0
518405,Peter Andrelczyk,25,MIA,NL,0,0,0,RP,0,0,0,0,0,0,0,0,0,0,0
445995,Arturo Lopez,29,,,0,0,0,,0,0,0,0,0,0,0,0,0,0,0
453247,Jeff Mandel,27,WAS,NL,0,0,0,RP,0,0,0,0,0,0,0,0,0,0,0
460257,Matt Fox,29,SEA,AL,0,0,0,SP,0,0,0,0,0,0,0,0,0,0,0
502162,Angel Castro,29,,,0,0,0,,0,0,0,0,0,0,0,0,0,0,0
518713,John Gast,22,STL,NL,0,0,0,SP,0,0,0,0,0,0,0,0,0,0,0
514108,Mike DeMark,29,ARI,NL,0,0,0,RP,0,0,0,0,0,0,0,0,0,0,0
502042,Chris Archer,22,TBA,AL,0,0,0,SP,0,0,0,0,0,0,0,0,0,0,0
115399,Mike Hampton,39,,,0,0,0,,0,0,0,0,0,0,0,0,0,0,0
451767,Freddy Dolsi,29,CHA,AL,0,0,0,RP,0,0,0,0,0,0,0,0,0,0,0
457812,Jeffrey Marquez,27,SEA,AL,0,0,0,SP,0,0,0,0,0,0,0,0,0,3,0
462995,Rick VandenHurk,27,TOR,AL,0,0,0,SP,0,0,0,0,0,0,0,0,2,2,0
518582,Casey Crosby,22,DET,AL,0,0,0,SP,0,0,0,0,0,0,0,0,0,0,0
489295,Brian Schlitter,26,,,0,0,0,,0,0,0,0,0,0,0,0,0,0,0
457729,Ryan Mullins,28,,,0,0,0,,0,0,0,0,0,0,0,0,0,0,0
446341,Scott Richmond,32,TOR,AL,0,0,0,SP,0,0,0,0,0,0,0,0,0,1,0
462940,Juan Mateo,29,,,0,0,0,,0,0,0,0,0,0,0,0,0,0,0
446916,Mike Burns,33,,,0,0,0,,0,0,0,0,0,0,0,0,0,0,0
429724,John Van Benschoten,32,SDN,NL,0,0,0,RP,0,0,0,0,0,0,0,0,0,0,0
450527,Alex Hinshaw,29,SFN,NL,0,0,0,RP,0,0,0,0,0,0,0,0,0,0,0
453592,Brad James,28,HOU,NL,0,0,0,SP,0,0,0,0,0,0,0,0,0,0,0
150153,Nelson Figueroa,38,TOR,AL,0,0,0,SP,0,0,0,0,0,0,0,0,5,3,0
570145,Ismael Guillon,19,CIN,NL,0,0,0,SP,0,0,0,0,0,0,0,0,0,0,0
488957,Carlos Hernandez,25,OAK,AL,0,0,0,SP,0,0,0,0,0,0,0,0,0,0,0
425487,Todd Wellemeyer,33,,,0,0,0,,0,0,0,0,0,0,0,0,0,0,0
503941,Sergio Perez,27,HOU,NL,0,0,0,SP,0,0,0,0,0,0,0,0,0,0,0
430636,Ian Snell,30,LAN,NL,0,0,0,SP,0,0,0,0,0,0,0,0,0,0,0
500724,Juan Ramirez,22,PHI,NL,0,0,0,SP,0,0,0,0,0,0,0,0,0,0,0
543286,Shawn Haviland,25,OAK,AL,0,0,0,SP,0,0,0,0,0,0,0,0,0,0,0
453889,Matt Chico,29,,,0,0,0,,0,0,0,0,0,0,0,0,0,0,0
453973,Mike Macdonald,30,TOR,AL,0,0,0,SP,0,0,0,0,0,0,0,0,0,0,0
543424,John Lamb,20,KCA,AL,0,0,0,SP,0,0,0,0,0,0,0,0,0,0,0
458722,Chance Chapman,28,PHI,NL,0,0,0,RP,0,0,0,0,0,0,0,0,0,0,0
474022,Paul Phillips,28,TBA,AL,0,0,0,RP,0,0,0,0,0,0,0,0,0,0,0
465583,Juan Sandoval,31,,,0,0,0,,0,0,0,0,0,0,0,0,0,0,0
539438,Scott Diamond,25,MIN,AL,0,0,0,SP,0,0,0,0,0,0,0,0,7,0,0
520531,Ben Swaggerty,29,ATL,NL,0,0,0,RP,0,0,0,0,0,0,0,0,0,0,0
459345,Eric Hacker,29,MIN,AL,0,0,0,SP,0,0,0,0,0,0,0,0,0,2,0
449774,Evan Maclane,29,,,0,0,0,,0,0,0,0,0,0,0,0,0,0,0
543758,Ross Seaton,21,HOU,NL,0,0,0,SP,0,0,0,0,0,0,0,0,0,0,0
543606,Jake Odorizzi,22,KCA,AL,0,0,0,SP,0,0,0,0,0,0,0,0,0,0,0
407154,Casey Fossum,34,BAL,AL,0,0,0,SP,0,0,0,0,0,0,0,0,0,0,0
571533,Tanner Bushue,20,HOU,NL,0,0,0,SP,0,0,0,0,0,0,0,0,0,0,0
458657,Adalberto Mendez,30,MIA,NL,0,0,0,RP,0,0,0,0,0,0,0,0,0,0,0
460602,Dirk Hayhurst,31,,,0,0,0,,0,0,0,0,0,0,0,0,0,0,0
430638,Roman Colon,32,KCA,AL,0,0,0,RP,0,0,0,0,0,0,0,0,0,0,0
452241,Garrett Mock,29,BOS,AL,0,0,0,RP,0,0,0,0,0,0,0,0,0,0,0
448241,Justin James,29,MIL,NL,0,0,0,RP,0,0,0,0,0,0,0,0,0,0,0
519143,Ryan Pope,26,,,0,0,0,,0,0,0,0,0,0,0,0,0,0,0
453380,Roy Merritt,26,NYN,NL,0,0,0,RP,0,0,0,0,0,0,0,0,0,0,0
501866,Chris Cody,28,ATL,NL,0,0,0,SP,0,0,0,0,0,0,0,0,0,0,0
519338,Ryan Tatusko,26,WAS,NL,0,0,0,RP,0,0,0,0,0,0,0,0,0,0,0
543327,Ethan Hollingsworth,24,OAK,AL,0,0,0,SP,0,0,0,0,0,0,0,0,0,0,0
466457,Edgar Osuna,24,KCA,AL,0,0,0,SP,0,0,0,0,0,0,0,0,0,0,0
502001,Brandon Hynick,27,CIN,NL,0,0,0,SP,0,0,0,0,0,0,0,0,0,0,0
150277,Doug Davis,36,CHA,AL,0,0,0,SP,0,0,0,0,0,0,0,0,9,0,0
543184,Christian Friedrich,24,COL,NL,0,0,0,SP,0,0,0,0,0,0,0,0,0,0,0
451711,Jesus Rodriguez,26,,,0,0,0,,0,0,0,0,0,0,0,0,0,0,0
504186,Alex Leon,23,OAK,AL,0,0,0,SP,0,0,0,0,0,0,0,0,0,0,0
430617,Scott Dohmann,34,,,0,0,0,,0,0,0,0,0,0,0,0,0,0,0
407791,Brendan Donnelly,40,,,0,0,0,,0,0,0,0,0,0,0,0,0,0,0
445984,Jesus Delgado,28,,,0,0,0,,0,0,0,0,0,0,0,0,0,0,0
502341,Joe Cruz,22,TBA,AL,0,0,0,SP,0,0,0,0,0,0,0,0,0,0,0
150011,Scott Schoeneweis,38,,,0,0,0,,0,0,0,0,0,0,0,0,0,0,0
572383,Brian Moran,22,SEA,AL,0,0,0,RP,0,0,0,0,0,0,0,0,0,0,0
119215,Brian Moehler,40,,,0,0,0,,0,0,0,0,0,0,0,0,0,0,0
543493,Brett Marshall,21,NYA,AL,0,0,0,SP,0,0,0,0,0,0,0,0,0,0,0
547568,Chia-Jen Lo,26,HOU,NL,0,0,0,RP,0,0,0,0,0,0,0,0,0,0,0
454972,Romulo Sanchez,28,,,0,0,0,,0,0,0,0,0,0,0,0,0,0,0
452059,Chris Mobley,28,CIN,NL,0,0,0,RP,0,0,0,0,0,0,0,0,0,0,0
429718,Shawn Hill,31,MIA,NL,0,0,0,SP,0,0,0,0,0,0,0,0,0,0,0
571451,Eric Arnett,23,MIL,NL,0,0,0,SP,0,0,0,0,0,0,0,0,0,0,0
499107,Francisley Bueno,31,,,0,0,0,,0,0,0,0,0,0,0,0,0,0,0
455666,Dwayne Pollok,31,,,0,0,0,,0,0,0,0,0,0,0,0,0,0,0
407883,Franklyn German,32,,,0,0,0,,0,0,0,0,0,0,0,0,0,0,0
466454,Jesus Sanchez,23,MIL,NL,0,0,0,SP,0,0,0,0,0,0,0,0,0,0,0
458986,Justin Dowdy,28,SFN,NL,0,0,0,RP,0,0,0,0,0,0,0,0,0,0,0
554432,Chad Jenkins,23,TOR,AL,0,0,0,SP,0,0,0,0,0,0,0,0,0,0,0
407860,Gustavo Chacin,31,NYN,NL,0,0,0,RP,0,0,0,0,0,0,0,0,0,0,0
458911,Tom Cochran,29,CIN,NL,0,0,0,SP,0,0,0,0,0,0,0,0,0,0,0
447831,David Quinowski,25,SFN,NL,0,0,0,RP,0,0,0,0,0,0,0,0,0,0,0
435620,Jack Taschner,34,,,0,0,0,,0,0,0,0,0,0,0,0,0,0,0
542590,Albert Campos,20,COL,NL,0,0,0,SP,0,0,0,0,0,0,0,0,0,0,0
430680,Justin Lehr,34,CIN,NL,0,0,0,SP,0,0,0,0,0,0,0,0,0,0,0
476134,Brian Omogrosso,28,CHA,AL,0,0,0,RP,0,0,0,0,0,0,0,0,0,0,0
451595,Sean Gallagher,26,CIN,NL,0,0,0,RP,0,0,0,0,0,0,0,0,0,0,0
455100,Gaby Hernandez,26,ARI,NL,0,0,0,SP,0,0,0,0,0,0,0,0,0,0,0
503228,Rowdy Hardy,29,ATL,NL,0,0,0,RP,0,0,0,0,0,0,0,0,0,0,0
430664,Casey Daigle,31,,,0,0,0,,0,0,0,0,0,0,0,0,0,0,0
150249,Kris Benson,37,,,0,0,0,,0,0,0,0,0,0,0,0,0,0,0
455090,Jack Egbert,29,NYN,NL,0,0,0,SP,0,0,0,0,0,0,0,0,0,0,0
276912,Scot Shields,36,,,0,0,0,,0,0,0,0,0,0,0,0,0,0,0
429440,Edgar Gonzalez,29,COL,NL,0,0,0,SP,0,0,0,0,0,0,0,0,0,1,0
435039,Anthony Reyes,30,CLE,AL,0,0,0,SP,0,0,0,0,0,0,0,0,0,0,0
466983,Fabio Castro,27,OAK,AL,0,0,0,SP,0,0,0,0,0,0,0,0,0,0,0
453271,Dallas Buck,27,,,0,0,0,,0,0,0,0,0,0,0,0,0,0,0
444524,Polin Trinidad,27,OAK,AL,0,0,0,SP,0,0,0,0,0,0,0,0,0,0,0
534581,Daniel Tillman,22,LAA,AL,0,0,0,RP,0,0,0,0,0,0,0,0,0,0,0
474256,Ryan Reid,27,TBA,AL,0,0,0,RP,0,0,0,0,0,0,0,0,0,0,0
502157,Timothy Bascom,27,BAL,AL,0,0,0,SP,0,0,0,0,0,0,0,0,0,0,0
548384,Brooks Raley,23,CHN,NL,0,0,0,SP,0,0,0,0,0,0,0,0,0,0,0
502621,Tobi Stoner,27,NYN,NL,0,0,0,SP,0,0,0,0,0,0,0,0,0,0,0
519403,Thad Weber,27,DET,AL,0,0,0,SP,0,0,0,0,0,0,0,0,0,0,0
502593,Jacob Petricka,23,CHA,AL,0,0,0,SP,0,0,0,0,0,0,0,0,0,0,0
571871,Ian Krol,20,OAK,AL,0,0,0,SP,0,0,0,0,0,0,0,0,0,0,0
429723,Merkin Valdez,30,OAK,AL,0,0,0,RP,0,0,0,0,0,0,0,0,0,5,0
502272,Casey Fien,28,,,0,0,0,,0,0,0,0,0,0,0,0,0,0,0
455137,Jacobo Meque,28,,,0,0,0,,0,0,0,0,0,0,0,0,0,0,0
453332,Josh Butler,27,MIL,NL,0,0,0,SP,0,0,0,0,0,0,0,0,0,0,0
476258,Brandon Erbe,24,BAL,AL,0,0,0,SP,0,0,0,0,0,0,0,0,0,0,0
449161,Mark Rogers,25,MIL,NL,0,0,0,SP,0,0,0,0,0,0,0,0,0,0,0
434679,Anthony Lerew,29,,,0,0,0,,0,0,0,0,0,0,0,0,0,0,0
455751,Bobby Livingston,29,,,0,0,0,,0,0,0,0,0,0,0,0,0,0,0
430594,Renyel Pinto,29,,,0,0,0,,0,0,0,0,0,0,0,0,0,0,0
518433,Nick Barnese,23,TBA,AL,0,0,0,SP,0,0,0,0,0,0,0,0,0,0,0
543551,D.J. Mitchell,24,NYA,AL,0,0,0,SP,0,0,0,0,0,0,0,0,0,0,0
451482,Armando Galarraga,30,BAL,AL,0,0,0,SP,0,0,0,0,0,0,0,0,8,0,0
519293,William Smith,21,KCA,AL,0,0,0,SP,0,0,0,0,0,0,0,0,0,0,0
518927,Tom Layne,27,ARI,NL,0,0,0,SP,0,0,0,0,0,0,0,0,0,0,0
573109,Alejandro Ramos,24,MIA,NL,0,0,0,RP,0,0,0,0,0,0,0,0,0,0,0
453960,Craig Heyer,25,NYA,AL,0,0,0,RP,0,0,0,0,0,0,0,0,0,0,0
452318,Gabe DeHoyos,32,OAK,AL,0,0,0,RP,0,0,0,0,0,0,0,0,0,0,0
473265,Jose De La Torre,26,NYN,NL,0,0,0,RP,0,0,0,0,0,0,0,0,0,0,0
444849,Jay Sborz,26,,,0,0,0,,0,0,0,0,0,0,0,0,0,0,0
429721,Royce Ring,31,COL,NL,0,0,0,RP,0,0,0,0,0,0,0,0,0,0,0
461725,Jose Lugo,28,ATL,NL,0,0,0,RP,0,0,0,0,0,0,0,0,0,0,0
457447,Luis Atilano,27,CIN,NL,0,0,0,SP,0,0,0,0,0,0,0,0,0,0,0
449170,Erik Cordier,25,ATL,NL,0,0,0,SP,0,0,0,0,0,0,0,0,0,0,0
500903,Brayan Villareal,24,DET,AL,0,0,0,RP,0,0,0,0,0,0,0,0,0,16,0
458094,Daniel Stange,26,ARI,NL,0,0,0,RP,0,0,0,0,0,0,0,0,0,0,0
469009,Richard De Los Santos,27,TBA,AL,0,0,0,SP,0,0,0,0,0,0,0,0,0,0,0
447764,Robert Hinton,27,MIL,NL,0,0,0,RP,0,0,0,0,0,0,0,0,0,0,0
407113,Justin Duchscherer,34,,,0,0,0,SP,0,0,0,0,0,0,0,0,0,0,0
449820,Leo Rosales,31,,,0,0,0,,0,0,0,0,0,0,0,0,0,0,0
467683,Osiris Matos,27,SFN,NL,0,0,0,RP,0,0,0,0,0,0,0,0,0,0,0
451657,Chase Wright,29,MIL,NL,0,0,0,SP,0,0,0,0,0,0,0,0,0,0,0
471803,Armando Gabino,28,BAL,AL,0,0,0,RP,0,0,0,0,0,0,0,0,0,0,0
514981,Diego Moreno,24,PIT,NL,0,0,0,RP,0,0,0,0,0,0,0,0,0,0,0
477237,Stevenson Garrison,25,NYA,AL,0,0,0,SP,0,0,0,0,0,0,0,0,0,1,0
592314,Michael Foltynewicz,19,HOU,NL,0,0,0,SP,0,0,0,0,0,0,0,0,0,0,0
502462,William Kelly,23,SDN,NL,0,0,0,RP,0,0,0,0,0,0,0,0,0,0,0
453190,Kyle McCulloch,27,CIN,NL,0,0,0,SP,0,0,0,0,0,0,0,0,0,0,0
489567,Alan Johnson,28,COL,NL,0,0,0,SP,0,0,0,0,0,0,0,0,1,0,0
444370,Carlos Muniz,31,,,0,0,0,,0,0,0,0,0,0,0,0,0,0,0
445202,Joe Bisenius,29,CHA,AL,0,0,0,RP,0,0,0,0,0,0,0,0,0,0,0
543397,Tim Kiely,26,,,0,0,0,,0,0,0,0,0,0,0,0,0,0,0
425787,Tim Hamulack,35,CIN,NL,0,0,0,RP,0,0,0,0,0,0,0,0,0,0,0
450545,Doug Mathis,29,,,0,0,0,,0,0,0,0,0,0,0,0,0,0,0
519285,James Simmons,25,OAK,AL,0,0,0,SP,0,0,0,0,0,0,0,0,0,0,0
477581,Walter Silva,35,,,0,0,0,,0,0,0,0,0,0,0,0,0,0,0
453337,Josh Ellis,27,,,0,0,0,,0,0,0,0,0,0,0,0,0,0,0
457858,Rich Rundles,31,STL,NL,0,0,0,RP,0,0,0,0,0,0,0,0,0,0,0
425146,Nate Robertson,34,SEA,AL,0,0,0,SP,0,0,0,0,0,0,0,0,0,0,0
547820,Fu-Te Ni,29,DET,AL,0,0,0,RP,0,0,0,0,0,0,0,0,0,0,0
501627,Cesar Cabral,22,NYA,AL,0,0,0,RP,0,0,0,0,0,0,0,0,0,0,0
502061,Robert Fish,23,LAA,AL,0,0,0,RP,0,0,0,0,0,0,0,0,0,0,0
502425,Shane Dyer,23,TBA,AL,0,0,0,SP,0,0,0,0,0,0,0,0,0,0,0
543828,Bryce Stowell,24,CLE,AL,0,0,0,RP,0,0,0,0,0,0,0,0,0,0,0
430913,Brad Hennessey,32,,,0,0,0,,0,0,0,0,0,0,0,0,0,0,0
460044,Cesar Carrillo,28,,,0,0,0,,0,0,0,0,0,0,0,0,0,0,0
434629,Chris Seddon,28,CLE,AL,0,0,0,SP,0,0,0,0,0,0,0,0,0,0,0
456397,Amalio Diaz,25,,,0,0,0,,0,0,0,0,0,0,0,0,0,0,0
435679,Jon Huber,30,,,0,0,0,,0,0,0,0,0,0,0,0,0,0,0
449881,R.J. Swindle,28,,,0,0,0,,0,0,0,0,0,0,0,0,0,0,0
452293,Jonathan Albaladejo,29,,,0,0,0,,0,0,0,0,0,0,0,0,0,0,0
444444,Mitch Atkins,26,BAL,AL,0,0,0,SP,0,0,0,0,0,0,0,0,3,0,0
523252,Ryan Berry,22,BAL,AL,0,0,0,SP,0,0,0,0,0,0,0,0,0,0,0
346855,Brandon Duckworth,36,BOS,AL,0,0,0,SP,0,0,0,0,0,0,0,0,0,0,0
456589,Jason Bergmann,30,OAK,AL,0,0,0,RP,0,0,0,0,0,0,0,0,0,0,0
430648,Mariano Gomez,29,,,0,0,0,,0,0,0,0,0,0,0,0,0,0,0
489362,Chad Thall,26,,,0,0,0,,0,0,0,0,0,0,0,0,0,0,0
446488,Scott Rice,29,LAN,NL,0,0,0,RP,0,0,0,0,0,0,0,0,0,0,0
518493,Drake Britton,22,BOS,AL,0,0,0,SP,0,0,0,0,0,0,0,0,0,0,0
213711,Jeff Weaver,35,,,0,0,0,,0,0,0,0,0,0,0,0,0,0,0
450663,Andrew Johnston,28,COL,NL,0,0,0,RP,0,0,0,0,0,0,0,0,0,0,0
543025,Michael Cisco,25,PHI,NL,0,0,0,RP,0,0,0,0,0,0,0,0,0,0,0
492821,Henry Villar,24,HOU,NL,0,0,0,RP,0,0,0,0,0,0,0,0,0,0,0
542989,Robert Bundy,21,BAL,AL,0,0,0,SP,0,0,0,0,0,0,0,0,0,0,0
594674,Juan Urbina,18,NYN,NL,0,0,0,SP,0,0,0,0,0,0,0,0,0,0,0
431148,Scott Kazmir,28,,,0,0,0,,0,0,0,0,0,0,0,0,1,0,0
434672,Chris Smith,31,,,0,0,0,,0,0,0,0,0,0,0,0,0,0,0
461851,Eduardo Morlan,26,,,0,0,0,,0,0,0,0,0,0,0,0,0,0,0
500721,Yoervis Medina,22,SEA,AL,0,0,0,SP,0,0,0,0,0,0,0,0,0,0,0
446885,Jason Stephens,27,,,0,0,0,,0,0,0,0,0,0,0,0,0,0,0
434668,Manny Delcarmen,30,,,0,0,0,,0,0,0,0,0,0,0,0,0,0,0
460070,James Avery,28,CIN,NL,0,0,0,SP,0,0,0,0,0,0,0,0,0,0,0
446135,Barret Browning,27,LAA,AL,0,0,0,RP,0,0,0,0,0,0,0,0,0,0,0
346799,Juan Rincon,33,LAA,AL,0,0,0,RP,0,0,0,0,0,0,0,0,0,0,0
457910,Geno Espineli,29,SFN,NL,0,0,0,RP,0,0,0,0,0,0,0,0,0,0,0
543803,Giovany Soto,20,CLE,AL,0,0,0,SP,0,0,0,0,0,0,0,0,0,0,0
457711,Sean O'Sullivan,24,KCA,AL,0,0,0,SP,0,0,0,0,0,0,0,0,10,2,0
452774,Michael Dubee,26,PIT,NL,0,0,0,RP,0,0,0,0,0,0,0,0,0,0,0
445030,Adrian Alaniz,28,,,0,0,0,,0,0,0,0,0,0,0,0,0,0,0
429716,J.D. Durbin,30,,,0,0,0,,0,0,0,0,0,0,0,0,0,0,0
460344,Wilkins De La Rossa,27,,,0,0,0,,0,0,0,0,0,0,0,0,0,0,0
425530,Brian Stokes,32,ARI,NL,0,0,0,RP,0,0,0,0,0,0,0,0,0,0,0
519145,Aaron Poreda,25,SDN,NL,0,0,0,RP,0,0,0,0,0,0,0,0,0,0,0
434702,Ryan Ketchner,30,,,0,0,0,,0,0,0,0,0,0,0,0,0,0,0
500909,Mauricio Robles,22,SEA,AL,0,0,0,SP,0,0,0,0,0,0,0,0,0,0,0
517008,Alexander Colome,22,TBA,AL,0,0,0,SP,0,0,0,0,0,0,0,0,0,0,0
446354,Eric Berger,26,CLE,AL,0,0,0,RP,0,0,0,0,0,0,0,0,0,0,0
502000,Derrik Lutz,27,,,0,0,0,,0,0,0,0,0,0,0,0,0,0,0
232994,Scott Strickland,36,,,0,0,0,,0,0,0,0,0,0,0,0,0,0,0
488767,Dexter Carter,24,CHA,AL,0,0,0,SP,0,0,0,0,0,0,0,0,0,0,0
457566,Greg Burke,29,BAL,AL,0,0,0,RP,0,0,0,0,0,0,0,0,0,0,0
571765,Matthew Heidenreich,20,CHA,AL,0,0,0,SP,0,0,0,0,0,0,0,0,0,0,0
469735,Edwar Ramirez,31,,,0,0,0,,0,0,0,0,0,0,0,0,0,0,0
460295,Reidier Gonzalez,26,TOR,AL,0,0,0,SP,0,0,0,0,0,0,0,0,0,0,0
444126,Rafael Rodriguez,27,,,0,0,0,,0,0,0,0,0,0,0,0,0,0,0
456989,Jake Muyco,27,,,0,0,0,,0,0,0,0,0,0,0,0,0,0,0
474226,Mason Tobin,23,TEX,AL,0,0,0,RP,0,0,0,0,0,0,0,0,0,4,0
501862,Andrew Graham,28,COL,NL,0,0,0,RP,0,0,0,0,0,0,0,0,0,0,0
463726,Ruben Medina,25,CIN,NL,0,0,0,RP,0,0,0,0,0,0,0,0,0,0,0
434594,Vince Perkins,30,,,0,0,0,,0,0,0,0,0,0,0,0,0,0,0
445090,Bobby Korecky,32,TOR,AL,0,0,0,RP,0,0,0,0,0,0,0,0,0,0,0
502659,Lauren Gagnier,27,DET,AL,0,0,0,SP,0,0,0,0,0,0,0,0,0,0,0
467761,Fernando Hernandez,27,,,0,0,0,,0,0,0,0,0,0,0,0,0,0,0
425628,Greg Aquino,34,,,0,0,0,,0,0,0,0,0,0,0,0,0,0,0
572676,Scott Allen,19,NYA,AL,0,0,0,SP,0,0,0,0,0,0,0,0,0,0,0
454537,Jared Burton,31,MIN,AL,0,0,0,RP,0,0,0,0,0,0,0,0,0,6,0
518519,Brett Butts,26,ATL,NL,0,0,0,RP,0,0,0,0,0,0,0,0,0,0,0
448614,Carlos Torres,29,,,0,0,0,,0,0,0,0,0,0,0,0,0,0,0
116034,Trevor Hoffman,44,,,0,0,0,,0,0,0,0,0,0,0,0,0,0,0
506432,Kei Igawa,32,NYA,AL,0,0,0,SP,0,0,0,0,0,0,0,0,0,0,0
430665,Brandon Medders,32,,,0,0,0,,0,0,0,0,0,0,0,0,0,0,0
458930,Ramon Garcia,27,DET,AL,0,0,0,RP,0,0,0,0,0,0,0,0,0,0,0
502075,Justin Souza,26,OAK,AL,0,0,0,RP,0,0,0,0,0,0,0,0,0,0,0
452237,Taylor Tankersley,28,NYN,NL,0,0,0,RP,0,0,0,0,0,0,0,0,0,0,0
425528,Seth McClung,31,,,0,0,0,,0,0,0,0,0,0,0,0,0,0,0
516614,Manuel Soliman,21,MIN,AL,0,0,0,SP,0,0,0,0,0,0,0,0,0,0,0
571571,Justin Collop,23,CHA,AL,0,0,0,SP,0,0,0,0,0,0,0,0,0,0,0
434642,Mark McLemore,31,,,0,0,0,,0,0,0,0,0,0,0,0,0,0,0
543456,Kyle Lobstein,21,TBA,AL,0,0,0,SP,0,0,0,0,0,0,0,0,0,0,0
461213,Joe Bateman,32,TBA,AL,0,0,0,RP,0,0,0,0,0,0,0,0,0,0,0
489702,Brian Baker,31,TBA,AL,0,0,0,RP,0,0,0,0,0,0,0,0,0,0,0
449104,Jim Henderson,29,MIL,NL,0,0,0,RP,0,0,0,0,0,0,0,0,0,0,0
450532,Adam Carr,28,WAS,NL,0,0,0,RP,0,0,0,0,0,0,0,0,0,0,0
453170,Tim Gustafson,27,CIN,NL,0,0,0,SP,0,0,0,0,0,0,0,0,0,0,0
453301,Cole DeVries,27,MIN,AL,0,0,0,RP,0,0,0,0,0,0,0,0,0,0,0
133982,Bob Howry,38,,,0,0,0,,0,0,0,0,0,0,0,0,0,0,0
458534,Derek Hankins,28,TEX,AL,0,0,0,RP,0,0,0,0,0,0,0,0,0,0,0
464318,Mario Alvarez,28,,,0,0,0,,0,0,0,0,0,0,0,0,0,0,0
469097,Frank Mata,28,,,0,0,0,,0,0,0,0,0,0,0,0,0,0,0
453264,Donald Veal,27,CHA,AL,0,0,0,RP,0,0,0,0,0,0,0,0,0,0,0
526700,Ryohei Tanaka,29,BAL,AL,0,0,0,SP,0,0,0,0,0,0,0,0,0,0,0
424144,Oliver Perez,30,SEA,AL,0,0,0,SP,0,0,0,0,0,0,0,0,0,0,0
489296,Josh Schmidt,29,NYA,AL,0,0,0,RP,0,0,0,0,0,0,0,0,0,0,0
476123,Justin Marks,23,KCA,AL,0,0,0,SP,0,0,0,0,0,0,0,0,0,0,0
346800,Saul Rivera,34,,,0,0,0,,0,0,0,0,0,0,0,0,0,0,0
459983,Lance Pendleton,28,HOU,NL,0,0,0,SP,0,0,0,0,0,0,0,0,0,15,0
465615,Ching Lo,26,,,0,0,0,,0,0,0,0,0,0,0,0,0,0,0
277405,Justin Miller,34,,,0,0,0,,0,0,0,0,0,0,0,0,0,0,0
459411,Travis Schlichting,27,OAK,AL,0,0,0,RP,0,0,0,0,0,0,0,0,0,0,0
518764,Donovan Hand,26,MIL,NL,0,0,0,RP,0,0,0,0,0,0,0,0,0,0,0
572964,Patrick Keating,24,KCA,AL,0,0,0,RP,0,0,0,0,0,0,0,0,0,0,0
425629,Oscar Villarreal,30,,,0,0,0,,0,0,0,0,0,0,0,0,0,0,0
429720,John Maine,31,BOS,AL,0,0,0,SP,0,0,0,0,0,0,0,0,0,0,0
542668,Robinson Yambati,20,KCA,AL,0,0,0,SP,0,0,0,0,0,0,0,0,0,0,0
448693,Ross Wolf,29,BAL,AL,0,0,0,RP,0,0,0,0,0,0,0,0,0,0,0
448249,Dallas Trahern,26,MIA,NL,0,0,0,SP,0,0,0,0,0,0,0,0,0,0,0
425562,Vinnie Chulk,33,OAK,AL,0,0,0,RP,0,0,0,0,0,0,0,0,0,0,0
543427,Bobby Lanigan,24,MIN,AL,0,0,0,SP,0,0,0,0,0,0,0,0,0,0,0
457744,Aaron Thompson,25,MIN,AL,0,0,0,SP,0,0,0,0,0,0,0,0,1,3,0
506988,Michael Belfiore,22,ARI,NL,0,0,0,RP,0,0,0,0,0,0,0,0,0,0,0
458076,Ben Snyder,26,TEX,AL,0,0,0,RP,0,0,0,0,0,0,0,0,0,0,0
453156,Brooks Brown,27,DET,AL,0,0,0,SP,0,0,0,0,0,0,0,0,0,0,0
457654,Charles Shirek,26,CHA,AL,0,0,0,SP,0,0,0,0,0,0,0,0,0,0,0
452747,Matt Zaleski,30,CHA,AL,0,0,0,SP,0,0,0,0,0,0,0,0,0,0,0
503483,Zachary Clark,28,BAL,AL,0,0,0,SP,0,0,0,0,0,0,0,0,0,0,0
476190,Blake Maxwell,27,BOS,AL,0,0,0,RP,0,0,0,0,0,0,0,0,0,0,0
434137,Logan Kensing,29,PIT,NL,0,0,0,RP,0,0,0,0,0,0,0,0,0,0,0
346847,Joe Beimel,35,,,0,0,0,,0,0,0,0,0,0,0,0,0,35,0
430675,Sean Henn,31,TOR,AL,0,0,0,RP,0,0,0,0,0,0,0,0,0,0,0
489292,Cody Satterwhite,25,DET,AL,0,0,0,RP,0,0,0,0,0,0,0,0,0,0,0
435638,Zach Jackson,29,TEX,AL,0,0,0,RP,0,0,0,0,0,0,0,0,0,0,0
228594,David Riske,35,BAL,AL,0,0,0,RP,0,0,0,0,0,0,0,0,0,0,0
453241,Kris Johnson,27,,,0,0,0,,0,0,0,0,0,0,0,0,0,0,0
453334,Justin Cassel,27,CHA,AL,0,0,0,SP,0,0,0,0,0,0,0,0,0,0,0
476206,Justin Thomas,28,PIT,NL,0,0,0,RP,0,0,0,0,0,0,0,0,0,0,0
451783,Dustin Molleken,27,COL,NL,0,0,0,RP,0,0,0,0,0,0,0,0,0,0,0
543125,Christopher Dwyer,23,KCA,AL,0,0,0,SP,0,0,0,0,0,0,0,0,0,0,0
429981,Roy Corcoran,32,LAN,NL,0,0,0,RP,0,0,0,0,0,0,0,0,0,0,0
455111,Chuck Lofgren,26,SFN,NL,0,0,0,SP,0,0,0,0,0,0,0,0,0,0,0
456421,Stuart Pomeranz,26,,,0,0,0,,0,0,0,0,0,0,0,0,0,0,0
434159,Dan Meyer,30,PIT,NL,0,0,0,RP,0,0,0,0,0,0,0,0,0,0,0
573230,Brett Wallach,22,CHN,NL,0,0,0,SP,0,0,0,0,0,0,0,0,0,0,0
406874,Joe Nelson,37,,,0,0,0,,0,0,0,0,0,0,0,0,0,0,0
543418,Ryan Kulik,26,,,0,0,0,,0,0,0,0,0,0,0,0,0,0,0
571688,Joseph Gardner,23,COL,NL,0,0,0,SP,0,0,0,0,0,0,0,0,0,0,0
475913,Beau Jones,25,MIA,NL,0,0,0,RP,0,0,0,0,0,0,0,0,0,0,0
449165,Carlton Smith,26,CHN,NL,0,0,0,RP,0,0,0,0,0,0,0,0,0,0,0
433581,Brad Thompson,30,,,0,0,0,,0,0,0,0,0,0,0,0,0,0,0
453538,Grant Duff,29,NYA,AL,0,0,0,RP,0,0,0,0,0,0,0,0,0,0,0
150221,Mike Lincoln,37,,,0,0,0,,0,0,0,0,0,0,0,0,0,0,0
592802,Jacob Thompson,21,TBA,AL,0,0,0,SP,0,0,0,0,0,0,0,0,0,0,0
457461,Sean White,31,BOS,AL,0,0,0,RP,0,0,0,0,0,0,0,0,0,0,0
516589,Andre Rienzo,23,CHA,AL,0,0,0,SP,0,0,0,0,0,0,0,0,0,0,0
519174,Trevor Reckling,23,LAA,AL,0,0,0,SP,0,0,0,0,0,0,0,0,0,0,0
522052,Adrian Rosario,21,NYN,NL,0,0,0,RP,0,0,0,0,0,0,0,0,0,0,0
457922,Eric Hurley,26,LAA,AL,0,0,0,SP,0,0,0,0,0,0,0,0,0,0,0
445971,Tim Wood,29,PIT,NL,0,0,0,RP,0,0,0,0,0,0,0,0,0,13,0
502477,Lee Tabor,27,,,0,0,0,,0,0,0,0,0,0,0,0,0,0,0
448287,Lucas French,26,MIN,AL,0,0,0,SP,0,0,0,0,0,0,0,0,0,0,0
444127,Warner Madrigal,28,,,0,0,0,,0,0,0,0,0,0,0,0,0,0,0
446162,Sean Watson,26,MIA,NL,0,0,0,RP,0,0,0,0,0,0,0,0,0,0,0
503474,Jose Casilla,22,,,0,0,0,,0,0,0,0,0,0,0,0,0,0,0
453326,Keith Weiser,27,COL,NL,0,0,0,RP,0,0,0,0,0,0,0,0,0,0,0
433578,Lance Cormier,31,TBA,AL,0,0,0,RP,0,0,0,0,0,0,0,0,0,9,0
476686,Jeff Lyman,25,STL,NL,0,0,0,RP,0,0,0,0,0,0,0,0,0,0,0
501826,Clay Zavada,28,CIN,NL,0,0,0,RP,0,0,0,0,0,0,0,0,0,0,0
434479,Mike Hinckley,29,,,0,0,0,,0,0,0,0,0,0,0,0,0,0,0
459974,John Meloan,27,TEX,AL,0,0,0,RP,0,0,0,0,0,0,0,0,0,0,0
434878,Andy Sisco,29,,,0,0,0,,0,0,0,0,0,0,0,0,0,0,0
534737,Pat Dean,22,MIN,AL,0,0,0,SP,0,0,0,0,0,0,0,0,0,0,0
502361,Kyle Smit,23,CHN,NL,0,0,0,RP,0,0,0,0,0,0,0,0,0,0,0
545411,Michael Benacka,29,OAK,AL,0,0,0,RP,0,0,0,0,0,0,0,0,0,0,0
460105,Greg Smith,28,LAA,AL,0,0,0,SP,0,0,0,0,0,0,0,0,0,0,0
488735,David Bromberg,23,MIN,AL,0,0,0,SP,0,0,0,0,0,0,0,0,0,0,0
542872,Kyle Allen,21,NYN,NL,0,0,0,SP,0,0,0,0,0,0,0,0,0,0,0
501320,Jose Flores,22,CLE,AL,0,0,0,RP,0,0,0,0,0,0,0,0,0,0,0
150203,Chris George,32,BAL,AL,0,0,0,SP,0,0,0,0,0,0,0,0,0,0,0
573107,Zachary Quate,23,TBA,AL,0,0,0,RP,0,0,0,0,0,0,0,0,0,0,0
449154,Justin Orenduff,29,,,0,0,0,,0,0,0,0,0,0,0,0,0,0,0
444474,Roque Mercedes,24,MIL,NL,0,0,0,RP,0,0,0,0,0,0,0,0,0,0,0
451661,Josh Fields,26,BOS,AL,0,0,0,RP,0,0,0,0,0,0,0,0,0,0,0
446305,Dan Turpen,24,COL,NL,0,0,0,RP,0,0,0,0,0,0,0,0,0,0,0
434564,Zack Segovia,29,COL,NL,0,0,0,RP,0,0,0,0,0,0,0,0,0,0,0
448266,James Adkins,26,,,0,0,0,,0,0,0,0,0,0,0,0,0,0,0
489002,Steve Johnson,24,BAL,AL,0,0,0,SP,0,0,0,0,0,0,0,0,0,0,0
502192,Sean Gleason,26,BAL,AL,0,0,0,RP,0,0,0,0,0,0,0,0,0,0,0
430831,Jeff Bennett,32,,,0,0,0,,0,0,0,0,0,0,0,0,0,0,0
448753,Justin Berg,28,CHN,NL,0,0,0,RP,0,0,0,0,0,0,0,0,0,8,0
490008,Robert Manuel,28,,,0,0,0,,0,0,0,0,0,0,0,0,0,0,0
448592,Cla Meredith,29,,,0,0,0,,0,0,0,0,0,0,0,0,0,0,0
471822,Jose Diaz,28,BAL,AL,0,0,0,RP,0,0,0,0,0,0,0,0,0,0,0
572152,Paul Smyth,24,OAK,AL,0,0,0,RP,0,0,0,0,0,0,0,0,0,0,0
520868,Pete Parise,27,STL,NL,0,0,0,RP,0,0,0,0,0,0,0,0,0,0,0
457539,Garrett Parcell,27,MIA,NL,0,0,0,RP,0,0,0,0,0,0,0,0,0,0,0
519381,Pat Venditte,26,NYA,AL,0,0,0,RP,0,0,0,0,0,0,0,0,0,0,0
519032,Justin Miller,23,LAN,NL,0,0,0,RP,0,0,0,0,0,0,0,0,0,0,0
475747,Bradley Holt,25,NYN,NL,0,0,0,SP,0,0,0,0,0,0,0,0,0,0,0
572906,Tyrelle Harris,24,CHN,NL,0,0,0,RP,0,0,0,0,0,0,0,0,0,0,0
474544,Eric Wordekemper,28,NYA,AL,0,0,0,RP,0,0,0,0,0,0,0,0,0,0,0
452772,Andrew Dobies,29,KCA,AL,0,0,0,RP,0,0,0,0,0,0,0,0,0,0,0
458951,Alan Horne,29,,,0,0,0,,0,0,0,0,0,0,0,0,0,0,0
435261,Zach Miner,30,KCA,AL,0,0,0,RP,0,0,0,0,0,0,0,0,0,0,0
520969,Pat Eagan,26,BAL,AL,0,0,0,RP,0,0,0,0,0,0,0,0,0,0,0
543607,Edgar Olmos,21,MIA,NL,0,0,0,SP,0,0,0,0,0,0,0,0,0,0,0
489056,Charles Leesman,24,CHA,AL,0,0,0,SP,0,0,0,0,0,0,0,0,0,0,0
452259,Steven Jackson,30,PIT,NL,0,0,0,RP,0,0,0,0,0,0,0,0,0,0,0
476037,Jared Lansford,25,OAK,AL,0,0,0,RP,0,0,0,0,0,0,0,0,0,0,0
488761,Anthony Capra,24,OAK,AL,0,0,0,SP,0,0,0,0,0,0,0,0,0,0,0
455376,Arcenio Leon,24,HOU,NL,0,0,0,RP,0,0,0,0,0,0,0,0,0,0,0
464436,Clevelan Santeliz,25,,,0,0,0,,0,0,0,0,0,0,0,0,0,0,0
543532,Tim Melville,21,KCA,AL,0,0,0,SP,0,0,0,0,0,0,0,0,0,0,0
489336,Will Startup,27,BAL,AL,0,0,0,RP,0,0,0,0,0,0,0,0,0,0,0
425847,Clint Everts,27,TOR,AL,0,0,0,RP,0,0,0,0,0,0,0,0,0,0,0
571784,Matthew Hobgood,20,BAL,AL,0,0,0,SP,0,0,0,0,0,0,0,0,0,0,0
554431,Tyler Matzek,20,COL,NL,0,0,0,SP,0,0,0,0,0,0,0,0,0,0,0
475010,Brett Jacobson,24,MIN,AL,0,0,0,RP,0,0,0,0,0,0,0,0,0,0,0
488782,Anthony Claggett,27,PIT,NL,0,0,0,RP,0,0,0,0,0,0,0,0,0,0,0
430667,Jerry Gil,29,CIN,NL,0,0,0,RP,0,0,0,0,0,0,0,0,0,0,0
453214,Steven Wright,27,CLE,AL,0,0,0,RP,0,0,0,0,0,0,0,0,0,0,0
475561,Kasey Kiker,24,TEX,AL,0,0,0,RP,0,0,0,0,0,0,0,0,0,0,0
446624,Charlie Haeger,28,BOS,AL,0,0,0,SP,0,0,0,0,0,0,0,0,0,0,0
467016,Dumas Garcia,28,,,0,0,0,,0,0,0,0,0,0,0,0,0,0,0
466412,Luis Perdomo,28,MIN,AL,0,0,0,RP,0,0,0,0,0,0,0,0,0,0,0
446250,Vincent Bongiovanni,29,TOR,AL,0,0,0,RP,0,0,0,0,0,0,0,0,0,0,0
489436,Brendan Wise,26,MIN,AL,0,0,0,RP,0,0,0,0,0,0,0,0,0,0,0
451518,Scott Nestor,27,,,0,0,0,,0,0,0,0,0,0,0,0,0,0,0
487675,Edward Paredes,24,SEA,AL,0,0,0,RP,0,0,0,0,0,0,0,0,0,0,0
446333,Eddie Kunz,26,SDN,NL,0,0,0,RP,0,0,0,0,0,0,0,0,0,0,0
461870,Chorye Spoone,25,BOS,AL,0,0,0,SP,0,0,0,0,0,0,0,0,0,0,0
457764,Matthew Nevarez,24,,,0,0,0,,0,0,0,0,0,0,0,0,0,0,0
501540,Samuel Vasquez,23,,,0,0,0,,0,0,0,0,0,0,0,0,0,0,0
543375,Adam Jorgenson,25,COL,NL,0,0,0,RP,0,0,0,0,0,0,0,0,0,0,0
472555,Santo Luis,27,,,0,0,0,,0,0,0,0,0,0,0,0,0,0,0
502302,Scott Shuman,23,TBA,AL,0,0,0,RP,0,0,0,0,0,0,0,0,0,0,0
446337,Eric Niesen,26,NYN,NL,0,0,0,RP,0,0,0,0,0,0,0,0,0,0,0
452217,Wes Whisler,29,CHA,AL,0,0,0,RP,0,0,0,0,0,0,0,0,0,0,0
450583,Zach Simons,27,MIA,NL,0,0,0,RP,0,0,0,0,0,0,0,0,0,0,0
543741,Tyler Sample,22,KCA,AL,0,0,0,SP,0,0,0,0,0,0,0,0,0,0,0
346848,John Grabow,33,LAN,NL,43,42,0,RP,30,20,5,45,2,2,0,8,0,58,21
445177,Deunte Heath,26,CHA,AL,37,21,3,RP,32,22,5,37,2,2,0,2,0,0,19
491688,Enerio Del Rosario,26,HOU,NL,24,21,0,RP,14,10,2,27,1,1,0,3,0,54,11
453249,Jeff Manship,27,MIN,AL,20,9,2,RP,12,7,2,22,1,1,0,0,0,5,10
474039,Pedro Beato,25,NYN,NL,31,24,2,RP,21,13,3,34,2,2,0,2,0,60,15
150438,Rodrigo Lopez,36,CHN,NL,25,5,4,SP,14,8,3,27,1,2,0,0,16,10,13
469802,Luis Perez,27,TOR,AL,23,9,3,SP,16,12,2,25,1,1,0,2,4,33,11
458220,Esmerling Vasquez,28,ARI,NL,13,13,0,RP,11,7,2,14,1,1,0,2,0,31,6
110683,Miguel Batista,41,NYN,NL,12,8,1,RP,8,5,1,12,1,1,0,1,5,30,6
448179,Rich Hill,32,BOS,AL,15,9,2,RP,11,8,2,15,1,1,0,1,0,9,8
458567,Andy Sonnanstine,29,CHN,NL,49,26,4,RP,28,17,5,54,2,3,0,1,4,11,25
115817,Livan Hernandez,37,HOU,NL,102,17,17,SP,55,31,14,115,4,8,0,0,29,0,56
502158,Josh Roenicke,29,COL,NL,52,48,0,RP,39,24,5,56,2,3,0,7,0,19,25
458677,Justin Wilson,23,PIT,NL,12,3,2,SP,8,7,1,13,1,1,0,0,0,0,6
452061,Zachary Phillips,25,BAL,AL,12,9,1,RP,8,6,1,13,1,1,0,1,0,10,6
445968,Dana Eveland,28,LAN,NL,48,9,9,SP,27,21,4,52,3,3,0,0,5,0,25
500872,Gregory Infante,23,CHA,AL,15,12,1,RP,11,8,2,15,1,1,0,1,0,0,8
471896,Pedro Figueroa,25,OAK,AL,21,4,4,SP,12,9,2,22,1,2,0,0,0,0,12
489150,Clayton Mortensen,27,BOS,AL,12,5,2,SP,7,5,1,14,1,1,0,1,6,10,7
123801,Tim Wakefield,45,,,29,6,5,SP,17,10,4,34,2,2,0,0,23,10,16
457580,Anthony Carter,25,CHA,AL,12,7,1,RP,8,7,2,13,1,1,0,0,0,0,7
476570,Vin Mazzaro,25,KCA,AL,15,3,3,SP,9,7,2,17,1,1,0,0,4,3,8
518858,Nathan Jones,25,CHA,AL,15,9,1,RP,10,8,2,16,1,1,0,1,0,0,8
469686,Alfredo Aceves,29,BOS,AL,112,44,15,RP,72,46,14,126,6,7,0,2,4,51,61
491646,Jeanmar Gomez,24,CLE,AL,63,11,11,SP,35,24,7,71,3,4,0,0,10,1,35
501989,Andrew Oliver,23,DET,AL,56,10,10,SP,40,29,7,59,3,4,0,0,2,0,31
207267,Brad Penny,34,,,44,8,8,SP,21,14,5,52,3,3,0,0,31,0,25
467726,Jose Mijares,27,KCA,AL,38,42,0,RP,27,19,5,40,2,2,0,7,0,58,19
543272,Brad Hand,21,MIA,NL,30,6,6,SP,21,17,4,31,2,2,0,0,12,0,17
543819,Zachary Stewart,25,CHA,AL,95,17,16,SP,53,38,11,106,5,6,0,0,11,2,52
346871,Aaron Cook,33,BOS,AL,66,12,11,SP,32,23,6,79,4,4,0,0,17,1,36
502102,Duane Below,25,DET,AL,51,16,8,SP,27,20,6,59,3,4,0,0,2,12,29
430597,Phil Dumatrait,30,MIN,AL,26,22,1,RP,18,14,3,28,1,2,0,2,0,45,14
448147,Nick Blackburn,30,MIN,AL,161,28,28,SP,76,48,16,190,8,11,0,1,26,0,89
461872,Anthony Swarzak,26,MIN,AL,62,26,7,SP,35,22,9,72,3,4,0,2,11,16,34
453307,David Huff,27,CLE,AL,41,7,7,SP,22,16,6,47,2,3,0,0,10,1,24
501957,Chris Tillman,24,BAL,AL,56,11,11,SP,33,26,8,61,3,4,0,0,13,0,32
444836,Aaron Laffey,27,TOR,AL,30,17,3,RP,16,14,3,34,1,2,0,1,0,47,17
446861,Guillermo Moscoso,28,COL,NL,132,25,23,SP,88,54,21,150,7,9,0,1,21,2,76
150302,Jason Marquis,33,MIN,AL,149,26,26,SP,76,53,14,174,8,10,0,0,23,0,82
453192,Andrew Miller,27,BOS,AL,42,9,8,SP,30,26,4,46,3,3,0,0,12,5,24
434669,Luis Mendoza,28,KCA,AL,57,12,9,SP,25,22,5,68,3,4,0,1,2,0,33
543022,Tyler Chatwood,21,COL,NL,93,25,15,SP,56,46,9,107,5,6,0,0,25,2,52
475138,Kyle Drabek,24,TOR,AL,89,16,16,SP,54,47,9,99,5,6,0,0,14,4,51
