mlbamID,playerName,Age,defaultPos,team,league,PROJ,W,L,G,GS,SV,IP,H,ER,BB,K,G_SP,G_RP
472551,Fernando Abad,26,RP,HOU,NL,8,2,3,34,1,0,39.5,42,21,12,31,0,29
444874,Juan Abreu,27,RP,HOU,NL,9,2,2,33,0,8,39.5,33,19,24,44,0,7
435618,Jeremy Accardo,30,RP,CLE,AL,6,2,2,36,0,0,36.8,39,20,18,24,0,31
469686,Alfredo Aceves,29,RP,BOS,AL,9,7,5,43,11,1,103.7,92,42,34,73,4,51
407924,Manny Acosta,31,RP,NYN,NL,10,3,2,49,0,1,53,49,23,24,49,0,44
430606,Mike Adams,33,RP,TEX,AL,10,4,2,68,0,3,64.7,48,17,17,66,0,75
502264,Nathan Adcock,24,RP,KCA,AL,9,2,3,24,4,0,66.2,69,35,28,40,3,21
346793,Jeremy Affeldt,33,RP,SFN,NL,10,3,2,61,1,1,58.5,50,22,25,51,0,67
458006,Matt Albers,29,RP,BOS,AL,10,4,3,53,0,0,64.9,65,32,30,54,0,56
456379,Al Alburquerque,26,RP,DET,AL,9,3,2,28,0,0,37.8,27,14,23,48,0,41
506693,Henderson Alvarez,22,SP,TOR,AL,10,8,9,22,21,0,146.2,156,68,30,90,10,0
474463,Brett Anderson,24,SP,OAK,AL,9,4,5,14,14,0,80.7,81,34,21,60,13,0
461766,Jose Arredondo,28,RP,CIN,NL,10,3,3,52,0,0,53.9,46,24,29,51,0,53
453562,Jake Arrieta,26,SP,BAL,AL,10,8,10,27,23,0,140.4,136,74,67,102,22,0
276520,Bronson Arroyo,35,SP,CIN,NL,10,11,12,30,30,0,194.8,199,97,52,110,32,0
446003,Jairo Asencio,28,RP,ATL,NL,8,2,1,28,0,0,30.5,30,15,14,28,0,6
425786,Scott Atchison,36,RP,BOS,AL,9,2,2,28,0,0,46.3,46,20,12,33,0,17
446248,Bryan Augenstein,25,RP,STL,NL,6,2,3,16,4,0,40.5,47,24,14,28,0,5
518420,Dylan Axelrod,26,SP,CHA,AL,8,3,2,19,7,0,56.4,57,25,19,40,3,1
446099,John Axford,29,RP,MIL,NL,10,4,2,64,0,36,67.3,54,21,28,78,0,74
425646,Luis Ayala,34,RP,BAL,AL,9,2,3,46,0,0,49.4,50,23,18,33,0,52
488674,Burke Badenhop,29,RP,TBA,AL,10,3,3,47,1,0,63.5,60,28,22,46,0,50
276056,Danys Baez,34,,,,7,2,3,36,0,0,43.6,44,23,17,25,0,29
457732,Andrew Bailey,28,RP,BOS,AL,9,3,3,53,0,33,56.2,45,18,17,55,0,42
456701,Homer Bailey,26,SP,CIN,NL,10,9,8,26,26,0,155.6,156,72,49,127,22,0
435044,Scott Baker,30,SP,MIN,AL,10,11,9,26,26,0,162.6,159,69,39,140,21,2
444446,Collin Balester,26,RP,DET,AL,9,2,3,32,1,0,51.1,54,28,21,43,0,23
346797,Grant Balfour,34,RP,OAK,AL,10,4,2,60,1,8,61,50,22,23,60,0,62
453268,Daniel Bard,27,RP,BOS,AL,10,8,5,42,17,5,117.6,95,43,45,118,0,70
542914,Anthony Bass,24,SP,SDN,NL,9,3,3,26,6,0,74.1,64,30,29,43,3,24
455374,Antonio Bastardo,26,RP,PHI,NL,10,4,2,53,1,4,50.4,37,19,22,58,0,64
110683,Miguel Batista,41,RP,NYN,NL,11,3,3,35,3,1,65.1,63,32,35,40,5,30
545404,Brandon Beachy,25,SP,ATL,NL,10,10,7,28,28,0,160.3,137,62,52,179,25,0
474039,Pedro Beato,25,RP,NYN,NL,10,2,2,50,0,0,59.8,56,30,24,36,0,60
518444,Blake Beavan,23,SP,SEA,AL,10,7,10,23,20,0,144.8,160,70,25,71,15,0
444447,Chad Beck,27,SP,TOR,AL,8,2,3,26,5,0,54.1,62,32,23,35,0,3
277417,Josh Beckett,32,SP,BOS,AL,10,13,8,29,28,0,183.9,167,75,51,167,30,0
407853,Erik Bedard,33,SP,PIT,NL,10,6,7,23,21,0,116.8,103,47,45,111,24,0
346847,Joe Beimel,35,,,,6,2,2,52,0,0,40,42,19,14,24,0,35
279571,Matt Belisle,32,RP,COL,NL,10,6,3,68,0,2,72.2,73,28,15,60,0,74
425514,Heath Bell,34,RP,MIA,NL,10,4,3,64,0,39,63.8,53,20,23,64,0,64
457707,Trevor Bell,25,RP,LAA,AL,10,2,3,22,4,0,56.2,59,29,18,36,0,19
502102,Duane Below,26,SP,DET,AL,8,2,4,19,8,0,55.4,58,31,22,32,2,12
276542,Joaquin Benoit,34,RP,DET,AL,10,4,2,60,1,2,60.1,45,19,17,65,0,66
448753,Justin Berg,28,RP,CHN,NL,7,1,2,30,0,0,35.4,36,19,18,18,0,8
448269,Brad Bergesen,26,SP,BAL,AL,11,5,6,28,16,0,102.9,119,54,31,56,12,22
460072,Jason Berken,28,RP,BAL,AL,9,2,4,36,3,0,58.7,68,33,22,42,0,40
476454,Dellin Betances,24,SP,NYA,AL,8,2,3,11,8,0,46.1,43,27,29,38,1,1
429783,Rafael Betancourt,37,RP,COL,NL,10,4,2,64,0,27,61,49,20,12,72,0,68
501852,Bruce Billings,26,RP,OAK,AL,6,1,1,13,1,0,30.1,33,18,16,24,0,4
451532,Chad Billingsley,27,SP,LAN,NL,10,11,11,31,31,0,187,174,82,77,160,32,0
448147,Nick Blackburn,30,SP,MIN,AL,10,8,11,26,26,0,154.8,178,82,44,75,26,0
430599,Joe Blanton,31,SP,PHI,NL,10,8,8,22,20,0,132.2,141,64,34,104,8,3
460283,Jerry Blevins,28,RP,OAK,AL,10,2,1,40,0,0,45.6,42,20,17,42,0,26
459939,Mitchell Boggs,28,RP,STL,NL,10,3,3,48,1,1,64.5,64,29,26,50,0,51
476601,Michael Bowden,25,RP,BOS,AL,10,2,2,34,0,0,47,47,24,20,37,0,14
542960,Brad Brach,26,RP,SDN,NL,7,2,2,32,0,0,36.2,33,15,14,37,0,9
457581,Andrew Brackman,26,SP,CIN,NL,7,2,3,16,5,0,41.1,45,28,30,27,0,3
488722,Zach Braddock,24,RP,MIL,NL,9,1,1,37,0,0,34.2,26,16,20,39,0,25
460284,Dallas Braden,28,SP,OAK,AL,10,7,8,19,19,0,117.9,120,50,32,75,3,0
435538,Bill Bray,29,RP,CIN,NL,10,3,2,62,0,0,44.9,36,18,17,43,0,79
444520,Craig Breslow,31,RP,ARI,NL,10,3,3,63,0,1,62,57,25,23,52,0,67
502154,Zach Britton,24,SP,BAL,AL,10,10,11,30,30,0,166.6,170,81,65,109,28,0
518495,Brian Broderick,25,SP,STL,NL,6,3,5,19,5,0,58.4,72,35,16,25,0,11
571521,Rex Brothers,24,RP,COL,NL,10,3,3,60,0,2,56.7,46,22,28,71,0,48
455009,Jonathan Broxton,28,RP,KCA,AL,10,3,3,50,0,4,49.6,44,20,22,55,0,14
430663,Brian Bruney,30,,,,7,1,1,31,0,0,29,29,17,19,26,0,23
453329,Clay Buchholz,27,SP,BOS,AL,10,12,7,23,22,0,154.8,142,63,59,115,14,0
430587,Taylor Buchholz,30,RP,NYN,NL,6,2,1,26,0,0,26.8,23,11,10,23,0,23
279824,Mark Buehrle,33,SP,MIA,NL,10,12,11,30,30,0,197.7,212,85,44,105,31,0
502055,Jay Buente,28,RP,TBA,AL,7,2,2,21,2,0,38.7,40,21,20,30,1,1
408072,Jason Bulger,33,RP,MIN,AL,8,2,1,28,0,0,32.7,29,15,18,32,0,5
518516,Madison Bumgarner,22,SP,SFN,NL,10,13,10,32,31,0,195.3,186,72,47,168,33,0
150359,A.J. Burnett,35,SP,PIT,NL,11,9,10,34,24,0,161.3,156,85,70,138,32,1
488751,Alex Burnett,24,RP,MIN,AL,9,3,3,55,1,0,55.2,56,30,23,38,0,66
430634,Sean Burnett,29,RP,WAS,NL,10,3,4,65,1,2,58.5,53,24,22,44,0,69
433657,Dave Bush,32,SP,PHI,NL,8,4,5,20,13,0,82.5,93,47,27,52,3,14
136263,Tim Byrdak,38,RP,NYN,NL,10,2,2,65,0,0,44.5,38,19,23,43,0,72
502239,Trevor Cahill,24,SP,ARI,NL,10,13,11,32,32,0,198.9,193,89,73,133,34,0
430912,Matt Cain,27,SP,SFN,NL,10,14,10,32,32,0,213.4,181,75,64,173,33,0
425861,Shawn Camp,36,RP,SEA,AL,10,4,3,59,0,1,64.8,67,29,21,39,0,67
448165,Matt Capps,28,RP,MIN,AL,10,4,4,65,0,28,64.3,67,28,15,45,0,69
425626,Chris Capuano,33,SP,LAN,NL,10,9,10,31,28,0,165,161,77,48,139,31,2
446398,Andrew Carignan,25,RP,OAK,AL,7,1,1,29,0,0,28.4,26,14,16,27,0,6
234194,Buddy Carlyle,34,,,,6,1,1,20,1,0,22,24,14,12,16,0,8
433584,Fausto Carmona,28,SP,CLE,AL,10,9,11,28,28,0,166.8,177,83,58,100,32,0
502165,Andrew Carpenter,27,RP,TOR,AL,8,2,2,14,1,0,36.9,40,20,14,28,0,12
112020,Chris Carpenter,37,SP,STL,NL,9,14,9,31,32,0,215.6,212,82,54,165,34,0
452764,Chris Carpenter,26,RP,BOS,AL,8,4,3,30,9,0,68.6,68,34,37,70,0,10
502304,David Carpenter,26,RP,HOU,NL,10,2,2,49,0,4,46.3,43,21,21,44,0,34
425647,D.J. Carrasco,35,RP,NYN,NL,10,3,3,38,2,0,67.1,68,34,25,45,1,41
468528,Joel Carreno,25,SP,TOR,AL,9,3,3,26,4,0,59,57,28,27,51,0,11
488768,Andrew Cashner,25,RP,SDN,NL,10,4,4,36,5,1,73.9,67,33,35,62,1,6
433586,Santiago Casilla,31,RP,SFN,NL,10,3,2,51,0,2,54.2,45,20,25,48,0,49
445001,Bobby Cassevah,26,RP,LAA,AL,10,2,3,41,0,0,48.1,46,22,22,27,0,30
441368,Alberto Castillo,36,RP,ARI,NL,6,1,1,21,0,0,29.4,30,16,14,22,0,17
446399,Brett Cecil,25,SP,TOR,AL,10,9,10,27,25,0,161.4,166,82,54,115,20,0
469167,Jose Ceda,25,RP,MIA,NL,8,2,2,35,0,0,38.8,32,17,22,41,0,17
468504,Jhoulys Chacin,24,SP,COL,NL,10,12,11,31,30,0,185.6,160,78,83,157,31,0
501955,Joba Chamberlain,26,RP,NYA,AL,9,3,2,32,1,1,47.8,46,22,18,44,0,27
547973,Aroldis Chapman,24,RP,CIN,NL,10,4,3,43,4,5,63.9,45,25,42,83,0,54
543022,Tyler Chatwood,22,SP,COL,NL,9,5,8,27,21,0,114.4,127,67,58,62,25,2
445926,Jesse Chavez,28,RP,KCA,AL,7,2,3,32,0,0,44.8,50,25,16,33,0,4
136600,Bruce Chen,35,SP,KCA,AL,10,10,10,28,26,0,157.7,158,75,57,105,25,0
329092,Randy Choate,36,RP,MIA,NL,10,2,1,53,0,1,37.9,31,15,16,35,0,54
518553,Steve Cishek,26,RP,MIA,NL,10,3,2,45,1,1,55.7,48,21,22,51,0,45
521055,Maikel Cleto,23,SP,STL,NL,7,2,3,14,6,0,48.5,51,29,27,37,0,3
461325,Tyler Clippard,27,RP,WAS,NL,10,5,3,68,0,2,80.5,58,25,32,94,0,72
502171,Alex Cobb,24,SP,TBA,AL,10,5,4,15,15,0,85.7,81,37,31,64,9,0
434298,Todd Coffey,31,RP,LAN,NL,10,3,3,63,0,0,61.2,59,26,20,49,0,69
457435,Phil Coke,29,RP,DET,AL,11,5,5,53,5,1,77.4,73,36,28,57,14,34
488787,Casey Coleman,24,SP,CHN,NL,9,5,7,20,15,0,92.9,97,51,41,62,17,2
488786,Louis Coleman,26,RP,KCA,AL,10,3,3,47,0,0,64.4,52,25,25,66,0,48
525768,Tim Collins,22,RP,KCA,AL,10,4,3,62,1,0,65.3,52,29,41,64,0,68
518567,Josh Collmenter,26,SP,ARI,NL,10,10,9,33,24,0,153.7,145,67,39,104,24,7
112526,Bartolo Colon,39,SP,OAK,AL,10,7,9,24,22,0,130.5,131,60,35,97,26,3
425747,Jose Contreras,40,RP,PHI,NL,10,2,3,33,3,1,41.9,42,20,16,34,0,17
346871,Aaron Cook,33,SP,BOS,AL,9,6,7,22,18,0,108.1,122,59,38,53,17,1
475857,Ryan Cook,25,RP,OAK,AL,8,2,2,36,0,0,40.2,40,20,20,30,0,12
150188,Francisco Cordero,37,RP,TOR,AL,10,4,3,65,0,19,64.5,58,25,26,49,0,68
433578,Lance Cormier,31,RP,TBA,AL,6,2,2,27,1,1,39.5,44,21,17,20,0,9
429781,Kevin Correia,31,SP,PIT,NL,9,9,12,28,27,0,162.9,174,85,53,102,26,1
451135,Dan Cortes,25,RP,WAS,NL,6,1,2,27,1,0,27.1,27,16,18,21,0,10
430884,Jesse Crain,30,RP,CHA,AL,10,5,3,66,1,2,64.8,56,26,30,63,0,67
450864,Bobby Cramer,32,,,,6,2,2,9,3,0,34.8,35,16,12,25,0,5
453273,Michael Crotta,27,SP,PIT,NL,7,1,2,15,1,0,30.6,38,20,11,18,0,15
543070,Aaron Crow,25,RP,KCA,AL,10,6,7,46,14,0,107.8,101,50,51,97,0,57
407297,Juan Cruz,33,RP,PIT,NL,10,3,2,45,1,0,43.3,36,21,24,40,0,56
456501,Johnny Cueto,26,SP,CIN,NL,10,12,8,29,28,0,178.9,169,72,56,131,24,0
457935,Matt Daley,30,RP,NYA,AL,6,1,1,20,0,0,22.9,23,12,9,21,0,7
433579,John Danks,27,SP,CHA,AL,10,11,11,29,29,0,191.8,186,84,58,151,27,0
506433,Yu Darvish,25,SP,TEX,AL,7,13,8,28,29,0,195.6,181,77,50,177,0,0
150277,Doug Davis,36,SP,CHA,AL,6,4,7,13,13,0,79.2,88,45,40,58,9,0
451584,Wade Davis,26,SP,TBA,AL,10,10,10,28,28,0,171.5,172,81,61,114,29,0
518603,Justin De Fratus,24,RP,PHI,NL,7,2,1,26,0,0,35.3,32,16,14,32,0,5
448842,Frankie De La Cruz,28,SP,MIL,NL,7,2,3,18,4,0,46.9,46,25,25,35,0,11
451773,Dane De La Rosa,29,RP,TBA,AL,7,2,2,26,0,0,33.9,35,18,15,29,0,7
407822,Jorge De La Rosa,31,SP,COL,NL,8,7,5,17,16,0,95.3,87,43,41,88,10,0
523989,Rubby De La Rosa,23,SP,LAN,NL,6,4,4,17,10,0,68.5,60,29,33,61,10,3
501745,Fautino De Los Santos,26,RP,OAK,AL,10,3,3,53,0,3,55.2,46,23,28,64,0,34
491688,Enerio Del Rosario,26,RP,HOU,NL,9,2,3,45,1,0,51,54,26,23,28,0,54
447755,Steve Delabar,28,RP,SEA,AL,9,2,2,29,0,0,35.4,30,19,22,32,0,6
503438,Rob Delaney,27,,,,6,1,1,25,0,0,25.2,24,13,12,20,0,4
517414,Randall Delgado,22,SP,ATL,NL,9,4,6,15,15,0,86.4,84,44,38,66,7,0
451585,Sam Demel,26,RP,ARI,NL,8,2,2,40,0,1,38.4,39,19,16,29,0,34
133225,Ryan Dempster,35,SP,CHN,NL,10,11,12,31,31,0,195.1,187,90,76,178,34,0
446321,Ross Detwiler,26,SP,WAS,NL,10,6,8,23,16,0,112.8,122,55,42,71,10,5
457733,Joey Devine,28,RP,OAK,AL,10,3,2,47,0,3,42,31,16,19,41,0,26
539438,Scott Diamond,25,SP,MIN,AL,7,3,6,13,13,0,75.3,92,45,30,42,7,0
285079,R.A. Dickey,37,SP,NYN,NL,10,11,11,31,30,0,193,191,80,54,118,32,1
505447,Brandon Dickson,27,SP,STL,NL,7,3,4,15,8,0,65.4,74,35,21,42,1,3
442707,Mark DiFelice,35,RP,MIL,NL,7,1,1,18,1,0,23.4,23,11,8,20,0,3
457422,Tim Dillard,28,RP,MIL,NL,10,2,2,28,0,0,42.8,40,19,14,31,0,24
503569,Rafael Dolis,24,RP,CHN,NL,6,2,3,23,2,0,38.9,40,22,23,24,0,1
136734,Octavio Dotel,38,RP,DET,AL,9,3,3,62,0,3,56.8,46,23,24,62,0,65
467094,Felix Doubront,24,SP,BOS,AL,10,3,3,23,8,1,56.4,59,30,23,41,0,11
275933,Scott Downs,36,RP,LAA,AL,10,4,3,56,0,2,54.9,47,18,15,41,0,60
475138,Kyle Drabek,24,SP,TOR,AL,10,5,8,23,15,0,105.5,112,62,56,69,14,4
488846,Brian Duensing,29,SP,MIN,AL,10,7,7,38,20,0,120.3,128,55,37,77,28,4
518633,Danny Duffy,23,SP,KCA,AL,9,6,9,24,21,0,118.3,118,61,49,101,20,0
435043,Zach Duke,29,SP,HOU,NL,10,6,8,25,15,0,113.4,134,60,31,60,9,12
430597,Phil Dumatrait,30,RP,MIN,AL,7,1,2,35,1,0,36,37,20,21,23,0,45
445197,Michael Dunn,27,RP,MIA,NL,10,4,3,61,1,0,57.4,47,25,33,63,0,72
239795,Chad Durbin,34,RP,WAS,NL,9,3,2,53,1,0,63.8,65,33,28,53,0,56
453580,Steve Edlefsen,27,RP,SFN,NL,8,1,2,27,0,0,32.1,34,20,19,21,0,13
455091,Mike Ekstrom,28,RP,COL,NL,6,1,1,16,0,0,27,29,15,12,19,0,1
455092,Scott Elbert,26,RP,LAN,NL,10,2,2,48,0,1,44.9,38,19,22,45,0,47
518655,John Ely,26,SP,LAN,NL,8,3,6,16,13,0,76.2,81,42,29,54,1,4
446264,Barry Enright,26,SP,ARI,NL,7,5,7,18,15,0,96.4,104,54,31,56,7,0
543135,Nathan Eovaldi,22,SP,LAN,NL,10,4,5,18,13,0,79.2,71,37,41,56,6,4
543136,Cody Eppley,26,RP,TEX,AL,6,2,1,17,0,0,26.3,26,15,13,22,0,10
467850,Edgmer Escalona,25,RP,COL,NL,8,2,2,38,0,0,43.6,40,20,17,33,0,14
465065,Sergio Escalona,27,RP,HOU,NL,9,2,2,44,0,0,39,36,18,17,32,0,49
462136,Marco Estrada,28,RP,MIL,NL,11,3,4,37,5,0,67.6,63,31,23,60,7,36
445968,Dana Eveland,28,SP,LAN,NL,9,4,6,16,11,0,74.8,86,43,33,41,5,0
425466,Willie Eyre,33,RP,BAL,AL,6,2,3,31,0,0,39.3,39,20,16,24,0,19
150035,Kyle Farnsworth,36,RP,TBA,AL,10,3,2,56,0,27,56.6,49,19,16,52,0,63
543144,Danny Farquhar,25,RP,TOR,AL,6,1,2,27,0,0,31.2,31,18,18,25,0,3
444857,Scott Feldman,29,SP,TEX,AL,10,6,5,31,13,0,95.5,101,50,31,55,2,9
491703,Neftali Feliz,24,RP,TEX,AL,10,10,7,32,23,3,144.5,119,56,57,136,0,64
571666,Michael Fiers,27,SP,MIL,NL,9,3,3,16,6,0,54.6,49,24,20,47,0,2
457567,Carlos Fisher,29,RP,CIN,NL,8,2,2,26,0,0,37.2,35,18,18,31,0,17
450729,Doug Fister,28,SP,DET,AL,10,12,11,31,30,0,200.5,204,82,37,124,31,1
425856,Gavin Floyd,29,SP,CHA,AL,10,12,12,31,30,0,190.5,182,85,52,153,30,1
433585,Jeff Francis,31,SP,CIN,NL,10,7,10,26,27,0,153.1,169,78,35,86,31,0
407911,Frank Francisco,32,RP,NYN,NL,9,3,3,57,0,24,54.9,48,21,19,60,0,54
430630,Jason Frasor,34,RP,TOR,AL,10,3,3,62,0,2,60.7,55,25,24,58,0,64
457117,Ernesto Frieri,26,RP,SDN,NL,9,3,2,52,0,0,58.4,46,22,30,65,0,59
150118,Brian Fuentes,36,RP,OAK,AL,10,3,4,60,0,10,54.8,48,23,21,46,0,67
445246,Jeff Fulchino,32,RP,WAS,NL,8,3,2,43,0,0,47.3,45,23,20,41,0,39
518703,Charlie Furbush,26,SP,SEA,AL,11,5,9,24,14,0,101.7,102,54,37,84,12,16
451596,Yovani Gallardo,26,SP,MIL,NL,10,14,10,32,32,0,200,178,79,68,208,33,0
150119,Freddy Garcia,35,SP,NYA,AL,10,9,7,29,23,0,134.5,146,66,40,84,25,1
448802,Jaime Garcia,25,SP,STL,NL,10,13,9,31,31,0,184.3,176,71,56,148,32,0
279782,Jon Garland,32,SP,,,9,7,8,17,18,0,117.2,116,54,43,69,9,0
477237,Steve Garrison,25,SP,NYA,AL,6,1,3,13,4,0,30.4,38,21,12,16,0,1
490063,Matt Garza,28,SP,CHN,NL,10,12,10,31,31,0,200.5,183,81,65,182,31,0
453304,John Gaub,27,RP,CHN,NL,7,1,1,27,0,0,27,23,14,19,28,0,4
429985,Chad Gaudin,29,RP,MIA,NL,6,3,4,23,5,0,56.9,60,31,26,49,0,10
518715,Cory Gearrin,26,RP,ATL,NL,8,2,2,27,0,0,36.6,33,19,18,35,0,18
518716,Dillon Gee,26,SP,NYN,NL,10,9,10,30,26,0,156.8,152,77,64,115,27,3
453232,Graham Godfrey,27,SP,OAK,AL,8,4,4,20,8,0,67.2,72,34,25,41,4,1
460156,Brandon Gomes,27,RP,TBA,AL,10,3,2,45,0,0,48.7,41,19,20,47,0,40
491646,Jeanmar Gomez,24,SP,CLE,AL,9,5,6,16,14,0,86.7,96,45,31,52,10,1
429440,Edgar Gonzalez,29,SP,COL,NL,6,2,4,14,6,0,59.2,69,33,21,35,0,1
461829,Gio Gonzalez,26,SP,WAS,NL,10,13,11,32,31,0,195.3,172,77,87,188,32,0
283166,Michael Gonzalez,34,RP,,,9,3,3,52,0,2,50.4,43,21,22,52,0,56
452733,Tom Gorzelanny,29,SP,WAS,NL,11,5,5,30,13,0,95.6,91,44,38,84,15,15
346848,John Grabow,33,RP,LAN,NL,10,2,2,49,0,0,52.7,51,27,25,37,0,58
462522,Jeff Gray,30,RP,MIN,AL,9,1,1,26,0,0,40.6,43,21,15,22,0,30
502381,Luke Gregerson,28,RP,SDN,NL,9,3,3,64,0,2,64.9,55,23,21,62,0,61
276514,Kevin Gregg,34,RP,BAL,AL,10,2,4,60,0,11,59.4,54,28,32,56,0,63
425844,Zack Greinke,28,SP,MIL,NL,10,14,9,30,30,0,193.7,174,72,48,201,28,0
276351,Jason Grilli,35,RP,PIT,NL,9,2,2,39,0,1,44.7,39,19,22,44,0,28
457915,Javy Guerra,26,RP,LAN,NL,10,3,3,61,0,16,61,51,24,27,51,0,47
407825,Matt Guerrier,33,RP,LAN,NL,10,4,3,66,0,1,65.2,58,27,21,45,0,70
425386,Jeremy Guthrie,33,SP,COL,NL,10,10,13,31,31,0,196.8,198,95,57,116,32,2
444935,Nick Hagadone,26,RP,CLE,AL,9,2,2,36,0,0,40,35,19,20,36,0,9
136880,Roy Halladay,35,SP,PHI,NL,10,18,8,31,31,0,228.4,210,69,34,202,32,0
523648,Mark Hamburger,25,RP,TEX,AL,8,2,2,29,0,0,37.6,37,20,16,26,0,5
430935,Cole Hamels,28,SP,PHI,NL,10,14,9,31,31,0,204.3,179,72,48,189,31,1
434628,Jason Hammel,29,SP,BAL,AL,10,9,11,32,27,0,169.6,178,86,55,114,27,5
543271,Erik Hamren,25,RP,SDN,NL,8,1,1,23,0,0,32.4,28,16,17,25,0,14
543272,Brad Hand,22,SP,MIA,NL,8,3,8,16,15,0,79.4,79,46,46,52,12,0
430629,Joel Hanrahan,30,RP,PIT,NL,9,3,3,68,0,33,67.1,58,22,23,71,0,70
462102,Tommy Hanson,25,SP,ATL,NL,10,11,8,27,26,0,163.3,138,62,53,159,22,0
457918,J.A. Happ,29,SP,HOU,NL,10,7,10,27,25,0,148,138,74,73,119,28,0
421685,Aaron Harang,34,SP,LAN,NL,10,9,11,27,27,0,162.1,171,79,51,120,28,0
425848,Rich Harden,30,SP,,,8,5,6,19,17,0,98.3,90,50,46,102,15,0
429717,Dan Haren,31,SP,LAA,AL,10,15,10,33,33,0,223.3,206,83,39,193,34,1
449173,Lucas Harrell,27,SP,HOU,NL,10,3,5,23,10,0,70.3,79,36,35,44,2,7
457448,Matt Harrison,26,SP,TEX,AL,10,10,9,29,29,0,166.7,174,76,57,111,30,1
115629,LaTroy Hawkins,39,RP,LAA,AL,9,2,2,48,0,2,46.6,46,18,12,31,0,52
458003,Blake Hawksworth,29,RP,LAN,NL,10,3,4,44,3,0,62.4,63,29,22,44,0,49
408310,Aaron Heilman,33,RP,SEA,AL,6,3,3,36,0,2,45.9,46,24,18,39,0,32
476451,Jeremy Hellickson,25,SP,TBA,AL,10,12,9,29,29,0,180,153,72,63,131,29,0
424805,Mark Hendrickson,38,RP,BAL,AL,6,2,3,23,2,0,44.8,53,25,15,26,0,8
521230,Liam Hendriks,23,SP,MIN,AL,7,5,6,14,15,0,87,94,43,21,55,4,0
454535,Clay Hensley,32,RP,SFN,NL,8,4,4,45,4,2,65.2,57,29,28,53,9,28
456696,David Hernandez,27,RP,ARI,NL,10,4,4,60,3,4,73,67,33,33,70,0,74
433587,Felix Hernandez,26,SP,SEA,AL,10,15,11,33,33,0,232.3,203,77,66,219,33,0
115817,Livan Hernandez,37,SP,HOU,NL,10,8,10,22,24,0,147.7,159,73,45,81,29,0
458589,David Herndon,26,RP,PHI,NL,10,2,3,42,1,0,55,57,26,20,35,0,45
502609,Daniel Herrera,27,RP,NYN,NL,10,2,2,34,0,0,38.1,36,17,13,26,0,18
516969,Kelvin Herrera,22,RP,KCA,AL,10,2,2,37,0,0,41.2,34,18,14,33,0,2
497807,Frank Herrmann,28,RP,CLE,AL,10,3,2,42,1,0,58.4,64,29,16,34,0,40
448179,Rich Hill,32,RP,BOS,AL,7,2,2,14,3,0,28.7,29,17,17,24,0,9
460024,Luke Hochevar,28,SP,KCA,AL,10,10,11,29,29,0,182.4,181,92,59,126,31,0
460597,Jim Hoey,29,RP,TOR,AL,8,2,3,32,0,0,37.1,39,22,23,28,0,26
502706,Derek Holland,25,SP,TEX,AL,10,12,9,30,30,0,185.2,181,86,63,153,32,0
518813,Greg Holland,26,RP,KCA,AL,10,4,2,50,0,2,64.1,52,23,26,71,0,46
456662,Jeremy Horst,26,RP,PHI,NL,8,2,2,24,0,0,38,39,18,14,27,0,12
459415,Tommy Hottovy,30,RP,BOS,AL,6,1,1,23,0,0,28.6,31,18,15,18,0,8
434442,J.P. Howell,29,RP,TBA,AL,10,3,3,49,0,3,45.3,37,20,23,46,0,46
543339,Daniel Hudson,25,SP,ARI,NL,10,15,10,31,31,0,205.9,186,80,54,170,33,0
218596,Tim Hudson,36,SP,ATL,NL,10,13,9,30,30,0,191.3,175,73,56,127,33,0
453307,David Huff,27,SP,CLE,AL,9,4,7,16,14,0,82.7,96,47,26,42,10,1
458250,Dusty Hughes,30,RP,MIN,AL,6,2,2,35,1,0,45.5,48,25,22,34,0,15
453172,Jared Hughes,26,RP,PIT,NL,8,2,3,33,0,0,44.9,44,22,17,32,0,12
461833,Phil Hughes,26,SP,NYA,AL,10,9,7,30,20,0,133.5,134,64,45,108,14,3
458950,Philip Humber,29,SP,CHA,AL,10,9,10,28,27,0,166.6,168,78,46,113,26,2
488984,Tommy Hunter,25,SP,BAL,AL,10,6,6,31,15,0,107,119,54,26,59,11,9
579799,Ryota Igarashi,33,RP,PIT,NL,9,2,2,46,0,0,48.4,44,24,26,43,0,45
116414,Jason Isringhausen,39,RP,LAA,AL,9,2,2,43,0,4,37.5,30,18,19,32,0,53
429719,Edwin Jackson,28,SP,WAS,NL,10,12,10,30,30,0,195.8,201,87,66,152,31,1
499856,Chris Jakubauskas,33,RP,ARI,NL,8,3,4,27,6,0,63.5,69,37,22,39,6,27
460580,Chuck James,30,RP,NYN,NL,6,2,2,18,3,0,37.5,39,19,15,28,0,8
445276,Kenley Jansen,24,RP,LAN,NL,10,3,2,55,0,20,59.6,38,17,30,88,0,51
445163,Casey Janssen,30,RP,TOR,AL,10,4,2,51,1,1,58.2,57,23,17,50,0,55
502026,Jeremy Jeffress,24,RP,KCA,AL,7,2,2,25,1,0,32,31,19,22,25,0,14
408057,Bobby Jenks,31,RP,BOS,AL,10,2,2,41,0,4,41.3,40,18,16,41,0,19
448178,Kevin Jepsen,27,RP,LAA,AL,8,2,2,39,0,0,42.1,42,22,20,35,0,16
462945,Cesar Jimenez,27,RP,SEA,AL,9,2,2,25,0,0,35.6,32,18,18,32,0,8
434622,Ubaldo Jimenez,28,SP,CLE,AL,10,13,10,31,31,0,196.7,169,79,80,188,32,0
471183,Waldis Joaquin,25,RP,SFN,NL,8,1,2,21,1,0,30.8,29,17,19,20,0,5
462382,Jim Johnson,29,RP,BAL,AL,11,4,4,51,2,20,78.5,75,30,21,58,0,69
435178,Josh Johnson,28,SP,MIA,NL,9,10,6,22,23,0,152.7,131,50,44,142,9,0
518865,Josh Judy,26,RP,CIN,NL,7,2,1,28,0,0,32.1,32,17,14,29,0,12
457453,Jair Jurrjens,26,SP,ATL,NL,10,11,8,25,26,0,165.8,159,69,54,112,23,0
444371,Jeff Karstens,29,SP,PIT,NL,9,7,10,30,23,0,150.6,160,72,37,87,26,4
431148,Scott Kazmir,28,,,,6,4,6,12,13,0,75.2,80,45,36,53,1,0
518875,Shawn Kelley,28,RP,SEA,AL,10,3,2,39,0,0,42.2,38,18,15,38,0,10
452718,Kyle Kendrick,27,SP,PHI,NL,11,7,6,32,15,0,106.6,110,50,29,53,14,20
453178,Ian Kennedy,27,SP,ARI,NL,10,14,9,31,31,0,199.3,171,76,60,178,33,0
477132,Clayton Kershaw,24,SP,LAN,NL,10,17,8,33,33,0,219.4,173,67,72,232,33,0
501993,Cole Kimball,26,RP,WAS,NL,7,2,1,24,0,0,27.4,22,13,18,23,0,12
518886,Craig Kimbrel,24,RP,ATL,NL,10,5,2,71,0,39,71.9,45,18,36,110,0,79
448337,Josh Kinney,33,RP,SEA,AL,7,2,2,30,0,0,34.9,36,19,15,29,0,13
445213,Brandon Kintzler,27,RP,MIL,NL,9,2,2,26,0,0,34.2,30,15,11,31,0,9
457779,Michael Kirkman,25,RP,TEX,AL,9,3,3,29,4,0,63.8,58,35,33,52,0,15
446372,Corey Kluber,26,SP,CLE,AL,6,3,5,17,7,0,62.7,72,40,32,49,0,3
543409,Michael Kohn,26,RP,LAA,AL,9,2,2,35,0,0,34.9,32,17,18,35,0,14
502004,George Kontos,27,RP,NYA,AL,8,2,2,27,1,0,35.8,36,20,16,29,0,7
476127,Zach Kroenke,28,RP,ARI,NL,6,3,3,17,5,0,52,58,29,22,31,0,4
425539,Hong-Chih Kuo,30,RP,SEA,AL,8,2,2,41,0,2,38.8,28,16,19,46,0,40
493133,Hiroki Kuroda,37,SP,NYA,AL,10,13,11,30,30,0,184.3,180,77,46,140,32,0
444836,Aaron Laffey,27,RP,TOR,AL,9,3,4,37,4,0,64.6,68,34,28,35,0,47
458709,John Lannan,27,SP,WAS,NL,10,9,11,30,30,0,176.1,189,85,65,94,33,0
502009,Mat Latos,24,SP,CIN,NL,10,13,10,32,31,0,191,168,74,57,184,31,0
434181,Brandon League,29,RP,SEA,AL,10,3,4,62,0,32,63.8,59,24,17,50,0,65
502190,Mike Leake,24,SP,CIN,NL,10,11,9,31,27,0,172.6,173,79,47,121,26,3
453281,Wade LeBlanc,27,SP,SDN,NL,9,6,6,20,16,0,98.6,102,48,34,73,14,0
459967,Sam LeCure,28,RP,CIN,NL,10,4,3,36,6,0,77.7,69,35,27,66,4,39
425656,Wil Ledezma,31,RP,TOR,AL,6,1,2,23,0,0,28.2,30,17,15,27,0,5
424324,Cliff Lee,33,SP,PHI,NL,10,16,9,31,31,0,222.3,202,72,36,203,32,0
460092,Chris Leroux,28,RP,PIT,NL,8,2,2,27,0,0,37.5,38,17,14,29,0,23
452657,Jon Lester,28,SP,BOS,AL,10,15,9,31,31,0,196.3,168,75,73,197,31,0
407890,Colby Lewis,32,SP,TEX,AL,10,12,10,30,30,0,192.8,176,87,56,171,32,0
451650,Rommie Lewis,29,RP,TOR,AL,7,1,2,24,1,0,34.8,41,23,17,25,0,6
400058,Brad Lidge,35,RP,WAS,NL,10,1,2,41,0,5,37.7,33,17,20,40,0,25
150404,Ted Lilly,36,SP,LAN,NL,10,11,11,30,30,0,181.9,163,76,46,150,33,0
453311,Tim Lincecum,28,SP,SFN,NL,10,15,10,32,32,0,211.1,173,71,76,226,33,0
453184,Brad Lincoln,27,SP,PIT,NL,9,4,6,15,13,0,93.2,101,48,26,58,8,4
458676,Josh Lindblom,25,RP,LAN,NL,10,2,2,44,0,0,52.9,46,21,18,48,0,27
434637,Matt Lindstrom,32,RP,BAL,AL,10,3,3,61,0,7,55.6,57,25,19,41,0,63
276530,Scott Linebrink,35,RP,SLN,NL,10,3,3,56,1,0,54.9,56,25,19,46,0,64
434538,Francisco Liriano,28,SP,MIN,AL,10,9,10,27,26,0,155.9,145,74,68,145,24,2
446209,Jesse Litsch,27,SP,TOR,AL,11,3,4,26,8,0,65.3,68,35,22,46,8,20
502046,Jeff Locke,24,SP,PIT,NL,6,2,5,9,7,0,54.4,59,32,23,34,4,0
434180,Kameron Loe,30,RP,MIL,NL,10,4,4,61,0,1,66.6,64,26,18,52,0,72
457429,Boone Logan,27,RP,NYA,AL,10,3,2,57,0,0,46.4,43,20,18,44,0,64
346798,Kyle Lohse,33,SP,STL,NL,10,10,10,29,29,0,170,176,80,46,102,30,0
425657,Javier Lopez,34,RP,SFN,NL,10,3,2,61,1,0,51.5,47,21,23,35,0,70
150438,Rodrigo Lopez,36,SP,CHN,NL,10,6,8,21,18,0,116.4,133,64,34,65,16,10
446641,Wilton Lopez,28,RP,HOU,NL,10,3,3,66,1,3,67.9,71,28,14,49,0,73
117955,Derek Lowe,39,SP,CLE,AL,10,10,12,30,31,0,176.1,188,88,60,115,34,0
450275,Mark Lowe,29,RP,TEX,AL,10,3,3,52,0,1,51.2,49,23,21,45,0,52
458537,Cory Luebke,27,RP,SDN,NL,10,10,9,34,24,0,159.7,136,60,51,153,17,29
518961,Josh Lueke,27,RP,TBA,AL,10,2,2,40,0,0,46.8,42,21,17,40,0,25
543475,Jordan Lyles,21,SP,HOU,NL,10,6,10,26,21,0,138.2,145,70,40,100,15,5
458681,Lance Lynn,25,SP,STL,NL,10,4,3,29,7,1,70,64,29,26,62,2,16
407193,Brandon Lyon,32,RP,HOU,NL,9,3,3,45,0,12,46.4,45,21,17,32,0,15
213680,Mike MacDougal,35,RP,LAN,NL,10,3,2,56,0,2,51.5,50,24,28,38,0,69
425492,Ryan Madson,31,RP,CIN,NL,10,4,3,62,0,32,62.3,54,20,17,64,0,62
518972,Trystan Magnuson,27,RP,OAK,AL,8,1,1,20,0,0,31.8,32,17,12,23,0,9
118158,Ron Mahay,41,,,,6,1,1,23,0,0,25.4,27,13,10,19,0,0
430904,Paul Maholm,30,SP,CHN,NL,9,9,12,28,28,0,175.7,189,84,55,107,26,0
453186,Scott Maine,27,RP,CHN,NL,9,2,2,28,0,0,35.8,33,18,18,33,0,7
476011,Matt Maloney,28,SP,MIN,AL,9,3,4,16,7,0,59.7,68,32,14,38,1,7
453249,Jeff Manship,27,RP,MIN,AL,8,2,3,13,5,0,41.2,49,24,14,26,0,5
451788,Shaun Marcum,30,SP,MIL,NL,10,12,9,30,30,0,183.4,166,75,49,147,33,0
501697,Jhan Marinez,23,RP,MIA,NL,6,2,2,42,0,0,33.6,33,22,27,35,0,0
461791,Carlos Marmol,29,RP,CHN,NL,10,3,4,73,0,35,73.4,50,28,48,102,0,75
150302,Jason Marquis,33,SP,MIN,AL,9,8,11,26,26,0,144.1,155,73,52,79,23,0
445156,Sean Marshall,29,RP,CIN,NL,10,5,4,72,1,3,73.5,65,25,22,74,0,78
501687,Luis Marte,25,RP,DET,AL,7,2,1,21,0,0,32.3,30,15,15,27,0,4
469690,Victor Marte,31,RP,STL,NL,6,2,2,26,0,0,36.9,38,20,17,25,0,0
455605,J.D. Martin,29,SP,WAS,NL,6,3,4,15,9,0,61.2,67,31,15,36,0,0
450852,Cristhian Martinez,30,RP,ATL,NL,10,3,2,48,0,1,69.7,66,29,17,51,0,46
434665,Nick Masset,30,RP,CIN,NL,10,4,3,71,0,2,69.9,64,28,28,66,0,75
475416,Justin Masterson,27,SP,CLE,AL,10,11,11,31,32,0,197,191,82,68,152,33,1
456496,Marcos Mateo,28,RP,CHN,NL,7,1,2,23,0,0,32.6,33,17,15,30,0,23
493137,Daisuke Matsuzaka,31,SP,BOS,AL,9,4,4,13,14,0,69.6,67,36,34,58,7,1
458919,Ryan Mattheus,28,RP,WAS,NL,10,2,2,48,0,0,42.6,36,19,18,23,0,35
451085,Brian Matusz,25,SP,BAL,AL,10,6,10,22,20,0,124.2,130,69,47,97,12,0
493337,Yunesky Maya,30,SP,WAS,NL,8,3,4,13,9,0,61.4,68,35,19,35,5,5
476570,Vin Mazzaro,25,SP,KCA,AL,9,3,5,14,11,0,70.9,81,40,31,45,4,3
502083,Zach McAllister,24,SP,CLE,AL,7,3,4,12,11,0,67.9,78,38,21,43,4,0
435221,Brandon McCarthy,28,SP,OAK,AL,10,10,8,26,25,0,162.9,156,65,35,114,25,0
449072,Kyle McClellan,28,RP,STL,NL,11,6,5,54,7,1,100.8,93,44,33,68,17,26
501873,Mike McClendon,27,RP,MIL,NL,7,3,2,25,0,0,40.5,41,18,13,28,0,9
445216,Daniel McCutchen,29,RP,PIT,NL,9,4,4,54,3,1,79.5,81,41,29,45,0,73
457428,James McDonald,27,SP,PIT,NL,9,9,10,29,29,0,167.8,160,78,74,144,31,0
459429,Jake McGee,25,RP,TBA,AL,10,4,3,46,0,1,48.7,43,21,19,47,0,37
430661,Dustin McGowan,30,SP,TOR,AL,10,5,7,20,19,0,100.4,93,51,44,84,4,1
450665,Kris Medlen,26,RP,ATL,NL,9,4,3,33,5,0,67.3,61,28,18,58,0,2
457425,Evan Meek,29,RP,PIT,NL,9,3,2,42,0,2,51.7,44,19,24,44,0,24
516769,Jenrry Mejia,22,RP,NYN,NL,7,2,3,15,6,0,42.3,41,20,21,29,0,0
453343,Mark Melancon,27,RP,BOS,AL,9,4,2,67,0,6,70.6,64,27,27,62,0,71
434669,Luis Mendoza,28,SP,KCA,AL,8,3,4,14,7,0,61.8,67,33,24,29,2,0
467726,Jose Mijares,27,RP,KCA,AL,10,2,2,53,0,0,49.9,48,23,22,38,0,58
489119,Wade Miley,25,SP,ARI,NL,9,5,6,17,14,0,95.7,99,50,40,62,7,1
453192,Andrew Miller,27,SP,BOS,AL,9,4,5,18,13,0,76.4,82,46,47,58,12,5
461848,Jim Miller,30,RP,OAK,AL,7,1,2,24,0,0,30.5,31,16,12,24,0,6
119125,Trever Miller,39,RP,CHN,NL,10,2,1,50,0,0,31.1,28,14,14,23,0,48
502166,Brad Mills,27,SP,LAA,AL,7,3,3,11,6,0,57.2,59,32,23,44,4,1
119154,Kevin Millwood,37,SP,SEA,AL,9,7,9,21,21,0,133.6,149,67,44,88,9,0
543548,Tom Milone,25,SP,OAK,AL,10,6,7,22,22,0,119.3,119,56,24,80,5,0
501985,Mike Minor,24,SP,ATL,NL,10,8,7,24,22,0,138.8,140,64,47,131,15,0
435619,Pat Misch,30,SP,NYN,NL,6,4,5,17,8,0,72.7,82,39,20,39,0,6
429901,Sergio Mitre,31,RP,,,9,2,2,23,2,0,44.3,46,22,13,24,0,26
519043,Matt Moore,23,SP,TBA,AL,10,10,8,24,23,0,147.2,121,58,54,159,1,2
462985,Franklin Morales,26,RP,BOS,AL,10,2,3,49,1,1,50.5,45,25,27,46,0,50
453344,Brandon Morrow,27,SP,TOR,AL,10,11,10,31,30,0,180.2,160,82,77,199,30,0
489150,Clayton Mortensen,27,SP,BOS,AL,11,3,5,19,7,0,65.1,74,39,26,38,6,10
450203,Charlie Morton,28,SP,PIT,NL,9,8,12,31,30,0,163.5,172,82,67,107,29,0
446861,Guillermo Moscoso,28,SP,COL,NL,9,7,9,24,19,0,130.1,119,62,44,87,21,2
400291,Dustin Moseley,30,SP,SDN,NL,9,6,8,23,19,0,125.3,127,58,40,70,20,0
446290,Daniel Moskos,26,RP,PIT,NL,8,2,2,39,0,0,44.8,45,22,19,25,0,31
150407,Guillermo Mota,38,RP,SFN,NL,10,3,3,52,0,1,64.7,58,29,25,52,0,52
435400,Jason Motte,30,RP,STL,NL,10,4,3,69,0,25,63.1,53,21,19,61,0,78
493247,Peter Moylan,33,RP,ATL,NL,6,3,2,41,0,0,37.8,34,14,18,32,0,13
465629,Edward Mujica,28,RP,MIA,NL,10,5,3,61,1,1,71.5,68,28,13,63,0,67
408206,Brett Myers,31,SP,HOU,NL,10,10,11,31,30,0,195.8,193,88,56,149,33,1
429780,Chris Narveson,30,SP,MIL,NL,10,10,9,29,27,0,156.3,155,76,58,126,28,2
150274,Joe Nathan,37,RP,TEX,AL,10,3,2,53,0,32,55,45,21,17,58,0,48
504379,Juan Nicasio,25,SP,COL,NL,9,6,6,18,18,0,104,107,48,27,80,13,0
435298,Jeff Niemann,29,SP,TBA,AL,10,9,7,30,24,0,140.7,139,63,43,106,23,0
477003,Jon Niese,25,SP,NYN,NL,10,10,10,28,27,0,166.1,171,76,51,141,26,1
456051,Hector Noesi,25,RP,SEA,AL,10,6,7,30,18,0,114,119,56,38,85,2,28
445060,Ricky Nolasco,29,SP,MIA,NL,10,11,11,30,31,0,192.3,202,91,42,158,33,0
467099,Jordan Norberto,25,RP,OAK,AL,8,2,2,31,0,0,36,34,20,25,33,0,6
502032,Bud Norris,27,SP,HOU,NL,10,9,11,31,30,0,183.9,170,83,76,177,31,0
467100,Ivan Nova,25,SP,NYA,AL,10,11,9,27,26,0,165,164,77,59,104,27,1
503285,Darren O'Day,29,RP,BAL,AL,9,2,2,40,0,0,42.9,35,16,11,38,0,16
447714,Eric O'Flaherty,27,RP,ATL,NL,10,3,3,72,0,1,64.1,55,20,21,54,0,78
468396,Alexi Ogando,28,SP,TEX,AL,10,10,7,31,26,0,147.3,128,58,41,118,29,2
456027,Ross Ohlendorf,29,SP,BOS,AL,7,4,7,18,14,0,90.3,92,49,32,60,9,0
349193,Will Ohman,34,RP,CHA,AL,10,2,2,56,1,0,48.1,44,22,20,45,0,59
506606,Hideki Okajima,36,RP,NYA,AL,7,3,2,27,0,0,34.3,36,16,13,25,0,7
501989,Andrew Oliver,24,SP,DET,AL,8,3,6,14,11,0,66.5,73,41,37,50,2,0
119984,Darren Oliver,41,RP,TOR,AL,10,4,2,53,1,1,53.5,47,18,14,49,0,61
500902,Lester Oliveros,24,RP,MIN,AL,7,1,2,32,0,0,39.6,40,22,21,32,0,19
446185,Logan Ondrusek,27,RP,CIN,NL,10,4,3,59,1,0,60.5,57,27,24,40,0,66
150009,Ramon Ortiz,39,RP,SFN,NL,9,3,3,21,6,0,58.3,66,32,20,38,2,20
457711,Sean O'Sullivan,24,SP,KCA,AL,9,4,5,17,14,0,80,90,49,29,40,10,2
400061,Roy Oswalt,34,SP,,,10,10,8,24,24,0,159.3,150,64,39,121,24,0
493603,Adam Ottavino,26,SP,STL,NL,6,3,5,13,11,0,61.4,71,38,31,42,0,0
489189,Josh Outman,27,SP,COL,NL,8,4,5,20,8,0,76,75,36,33,55,9,4
434663,Juan Oviedo,30,RP,MIA,NL,10,3,3,62,0,8,57.8,52,24,20,53,0,68
452249,Micah Owings,29,RP,SDN,NL,8,4,3,32,4,0,59.4,54,30,28,42,4,29
218894,Vicente Padilla,34,SP,BOS,AL,7,4,4,13,10,1,68.8,67,33,23,51,0,9
461212,Matt Palmer,33,SP,LAA,AL,7,4,5,19,8,0,70.8,75,39,34,41,3,0
449097,Jonathan Papelbon,31,RP,PHI,NL,10,4,3,59,0,38,61.9,50,19,17,75,0,63
519105,Jarrod Parker,23,SP,OAK,AL,10,7,9,23,22,0,127.7,123,61,55,93,1,0
458730,Bobby Parnell,27,RP,NYN,NL,10,3,4,59,1,3,64.3,64,28,27,61,0,60
448159,Manny Parra,29,SP,MIL,NL,8,3,4,31,6,0,64.2,70,35,31,59,0,0
519110,Joe Paterson,26,RP,ARI,NL,9,2,2,51,0,0,45.5,40,19,20,37,0,62
461856,Troy Patton,26,RP,BAL,AL,9,2,2,35,0,0,46.7,46,22,14,30,0,20
456102,David Pauley,29,RP,DET,AL,10,4,5,39,3,2,66.3,67,31,21,39,0,53
462956,Felipe Paulino,28,SP,KCA,AL,11,7,10,30,22,0,142.6,142,70,60,130,20,19
134321,Carl Pavano,36,SP,MIN,AL,10,12,12,30,31,0,205.6,228,99,39,108,33,0
502748,Brad Peacock,24,SP,OAK,AL,9,6,8,19,18,0,106.7,100,51,49,80,0,0
408241,Jake Peavy,31,SP,CHA,AL,10,8,8,23,19,0,122.8,117,54,34,108,18,1
460059,Mike Pelfrey,28,SP,NYN,NL,10,10,12,31,31,0,186.8,201,93,63,104,33,1
459983,Lance Pendleton,28,SP,HOU,NL,7,2,2,16,2,0,39.2,40,23,19,25,0,15
207267,Brad Penny,34,SP,,,9,8,9,25,24,0,146.2,162,79,46,73,31,0
407908,Joel Peralta,36,RP,TBA,AL,10,3,2,58,0,4,59.3,48,22,17,54,0,71
453198,Chris Perez,27,RP,CLE,AL,10,3,3,62,0,31,60.5,48,23,27,54,0,64
448722,Juan Perez,33,RP,PHI,NL,7,1,2,23,0,0,25.1,22,14,16,25,0,8
469802,Luis Perez,27,SP,TOR,AL,10,3,4,37,6,0,74.6,80,41,36,54,4,33
460370,Rafael Perez,30,RP,CLE,AL,10,4,2,67,1,0,62.2,65,27,22,38,0,71
450282,Glen Perkins,29,RP,MIN,AL,10,4,4,52,1,3,65.1,67,29,20,52,0,65
543634,Ryan Perry,25,RP,WAS,NL,10,3,2,43,0,0,54.8,51,25,25,43,0,36
502260,Vinnie Pestano,27,RP,CLE,AL,10,2,2,58,1,2,55.8,43,18,22,68,0,67
452061,Zach Phillips,25,RP,BAL,AL,6,1,1,28,0,0,34.2,33,17,17,25,0,10
501381,Michael Pineda,23,SP,NYA,AL,10,12,8,28,29,0,174.4,144,69,54,175,28,0
334492,Joel Pineiro,33,SP,PHI,NL,10,7,7,22,19,0,131,147,64,30,66,24,3
519141,Drew Pomeranz,23,SP,COL,NL,10,6,7,20,20,0,108.7,102,52,43,85,4,0
519144,Rick Porcello,23,SP,DET,AL,10,12,11,30,30,0,182.9,196,89,47,104,31,0
456034,David Price,26,SP,TBA,AL,10,15,9,33,32,0,209,179,78,68,194,34,0
453515,David Purcey,30,RP,PHI,NL,8,2,2,35,1,0,42.7,41,23,26,33,0,33
474029,Zach Putnam,24,RP,COL,AL,6,2,2,19,0,0,30.3,31,16,10,26,0,8
407816,J.J. Putz,35,RP,ARI,NL,10,4,2,56,0,36,55.2,44,18,16,58,0,60
430589,Chad Qualls,33,RP,PHI,NL,9,4,4,64,0,5,62.2,64,28,17,45,0,77
400141,Horacio Ramirez,32,RP,,,7,1,2,23,2,0,34.6,42,21,12,15,0,12
430673,Ramon Ramirez,30,RP,NYN,NL,9,3,3,64,0,3,65.1,57,24,27,55,0,66
459987,Cesar Ramos,28,RP,TBA,AL,10,2,2,44,1,0,45.5,44,24,23,31,0,59
449060,Clay Rapada,31,RP,NYA,AL,8,1,1,34,0,0,28,27,14,12,22,0,32
400010,Jon Rauch,33,RP,NYN,NL,9,4,3,55,0,7,55.8,56,24,16,42,0,53
444884,Chris Ray,30,,,,8,2,2,36,0,0,38.8,40,20,17,27,0,29
592665,Addison Reed,23,RP,CHA,AL,10,2,2,45,0,9,55.4,48,21,18,60,0,6
448656,Chad Reineke,30,SP,CIN,NL,6,3,5,14,8,0,61.5,70,39,25,34,1,1
434592,Chris Resop,29,RP,PIT,NL,9,3,3,54,0,0,58.3,52,25,26,61,0,76
457456,Jo-Jo Reyes,27,SP,PIT,NL,8,4,6,21,16,0,87,96,53,32,54,25,4
453353,Greg Reynolds,26,SP,COL,NL,7,3,4,14,9,0,59.3,70,38,18,29,3,10
519186,Matt Reynolds,27,RP,COL,NL,10,2,2,65,0,0,53.5,47,23,19,51,0,73
121125,Arthur Rhodes,42,RP,,,8,3,2,51,0,0,40.5,34,16,15,32,0,51
453385,Clayton Richard,28,SP,SDN,NL,9,8,9,25,24,0,145.9,152,67,57,99,18,0
572070,Garrett Richards,24,SP,LAA,AL,10,4,5,17,12,0,75.8,77,40,30,49,3,4
446341,Scott Richmond,32,SP,TOR,AL,6,3,5,12,9,0,57.4,65,37,25,42,0,1
121250,Mariano Rivera,42,RP,NYA,AL,10,3,2,58,0,38,57.8,46,15,10,53,0,64
502085,David Robertson,27,RP,NYA,AL,10,4,2,66,1,1,64.5,50,20,33,85,0,70
407845,Fernando Rodney,35,RP,TBA,AL,10,3,3,49,0,6,48.3,46,24,29,40,0,39
444553,Aneury Rodriguez,24,RP,HOU,NL,11,3,5,37,7,0,78,76,41,31,58,8,35
451775,Fernando Rodriguez,28,RP,HOU,NL,11,3,3,49,0,1,55.6,52,27,30,56,0,47
408061,Francisco Rodriguez,30,RP,MIL,NL,10,4,3,63,0,7,65.8,56,24,28,70,0,73
477557,Francisco Rodriguez,29,RP,LAA,AL,6,1,2,21,0,1,31.7,31,16,17,32,0,10
469159,Henry Rodriguez,25,RP,WAS,NL,10,3,2,49,0,1,57.3,47,25,35,63,0,59
434643,Wandy Rodriguez,33,SP,HOU,NL,10,11,11,29,30,0,188.5,176,77,64,166,30,0
502158,Josh Roenicke,29,RP,COL,NL,8,1,2,35,0,0,40.6,42,22,19,32,0,19
469134,Esmil Rogers,26,SP,COL,NL,9,4,5,26,10,0,86.2,100,53,37,65,13,5
240694,J.C. Romero,36,RP,SLN,NL,10,2,1,42,0,0,33,30,16,22,25,0,36
460069,Ricky Romero,27,SP,TOR,AL,10,14,10,31,31,0,209.1,186,85,79,169,32,0
489265,Sergio Romo,29,RP,SFN,NL,10,4,2,67,0,2,55.1,40,14,11,69,0,65
466459,Sandy Rosario,26,RP,MIA,NL,6,1,2,25,0,0,32,37,19,14,25,0,4
475115,Tyson Ross,25,SP,OAK,AL,9,3,5,21,8,0,60.9,61,31,29,45,6,3
592704,Chance Ruffin,23,RP,SEA,AL,9,2,2,47,0,0,46.7,42,21,22,45,0,15
502130,Dan Runzler,27,RP,SFN,NL,9,2,2,35,3,0,47.7,43,22,27,46,1,30
452240,Adam Russell,29,RP,TBA,AL,7,2,2,39,0,0,38.9,37,19,22,27,0,36
519240,Marc Rzepczynski,26,RP,STL,NL,10,3,4,55,2,1,65.9,61,29,30,61,0,71
282332,CC Sabathia,31,SP,NYA,AL,10,18,8,32,32,0,225.4,208,82,62,203,33,0
493416,Takashi Saito,42,RP,ARI,NL,10,2,2,39,0,0,40.9,34,14,15,41,0,30
477569,Fernando Salas,27,RP,STL,NL,10,3,3,59,0,8,62.1,50,21,20,61,0,68
519242,Chris Sale,23,RP,CHA,AL,10,8,7,29,21,1,132.8,108,50,55,142,0,58
502188,Jeff Samardzija,27,RP,CHN,NL,10,5,4,58,1,1,74.3,68,36,42,63,0,75
502253,Alex Sanabia,23,SP,MIA,NL,9,4,4,17,14,0,80.2,81,37,20,52,2,1
430083,Brian Sanches,33,RP,PHI,NL,8,3,2,39,1,0,55.1,47,23,26,46,2,37
434671,Anibal Sanchez,28,SP,MIA,NL,10,12,10,30,31,0,185.7,173,75,65,169,32,0
500674,Eduardo Sanchez,23,RP,STL,NL,10,3,2,47,0,5,49.1,32,17,24,51,0,26
456043,Jonathan Sanchez,29,SP,KCA,AL,10,9,10,26,26,0,157.2,133,72,87,158,19,0
429722,Ervin Santana,29,SP,LAA,AL,10,13,11,31,31,0,208.4,199,90,66,163,33,0
276371,Johan Santana,33,SP,NYN,NL,8,8,7,20,21,0,132.6,124,52,37,103,0,0
502327,Hector Santiago,24,RP,CHA,AL,6,2,3,21,3,0,43,44,25,23,32,0,2
435045,Sergio Santos,28,RP,TOR,AL,10,3,3,58,0,31,58.4,47,21,26,73,0,63
434578,Joe Saunders,31,SP,ARI,NL,10,11,12,31,31,0,195.2,207,96,63,106,33,0
456045,Joe Savery,26,RP,PHI,NL,6,2,2,18,1,0,32.5,35,17,13,21,0,4
453286,Max Scherzer,27,SP,DET,AL,10,12,10,31,31,0,190.3,180,83,61,178,33,0
519259,Daniel Schlereth,26,RP,DET,AL,10,3,2,44,0,0,46.6,39,22,29,45,0,49
543754,Michael Schwimer,26,RP,PHI,NL,7,2,2,26,0,0,34.5,31,16,15,35,0,12
452737,Chris Schwinden,25,SP,NYN,NL,7,3,5,14,11,0,71,78,39,22,49,4,0
519267,Evan Scribner,26,RP,OAK,AL,6,2,1,27,0,0,31.8,32,17,12,27,0,10
463037,Atahualpa Severino,27,RP,WAS,NL,7,1,2,23,0,0,26.2,26,15,14,21,0,6
543766,Bryan Shaw,24,RP,ARI,NL,9,2,2,46,0,0,51.6,51,22,18,38,0,33
430941,George Sherrill,35,RP,SEA,AL,9,2,2,57,0,1,44.6,41,18,19,40,0,51
448306,James Shields,30,SP,TBA,AL,10,15,11,32,32,0,220.9,208,89,55,193,33,0
430580,Alfredo Simon,31,RP,BAL,AL,9,4,5,34,8,3,75.6,78,41,28,54,16,7
448609,Tony Sipp,28,RP,CLE,AL,10,3,2,67,1,1,61.7,50,26,30,63,0,69
572140,Tyler Skaggs,20,SP,ARI,NL,6,5,4,13,13,0,82.1,72,38,30,77,0,0
460104,Anthony Slama,28,RP,MIN,AL,6,1,1,23,0,0,27.4,26,15,17,26,0,2
460657,Doug Slaten,32,RP,PIT,NL,8,2,2,38,1,0,35.8,32,17,15,28,0,31
458713,Kevin Slowey,28,SP,CLE,AL,10,7,9,23,19,0,134.5,156,71,22,95,8,6
501925,Joe Smith,28,RP,CLE,AL,11,3,2,57,0,0,55.1,48,21,22,42,0,71
502136,Jordan Smith,26,RP,CIN,NL,7,2,2,35,0,0,40.1,46,23,14,23,0,17
458567,Andy Sonnanstine,29,RP,CHN,NL,8,3,4,22,6,0,66.5,76,39,21,36,4,11
465657,Joakim Soria,28,RP,KCA,AL,10,3,3,59,0,34,61.3,53,20,17,65,0,60
400089,Rafael Soriano,32,RP,NYA,AL,10,3,3,54,0,6,54.5,42,19,19,57,0,42
464400,Henry Sosa,26,SP,HOU,NL,9,5,8,25,13,1,95.6,102,53,42,65,10,0
543805,Josh Spence,24,RP,SDN,NL,9,2,2,53,0,0,47.5,37,19,24,47,0,40
489334,Craig Stammen,28,SP,WAS,NL,8,4,5,18,10,0,79.1,89,43,24,51,0,7
431162,Tim Stauffer,30,SP,SDN,NL,9,10,11,30,29,0,177.3,165,72,55,124,31,0
449777,Mitch Stetter,31,RP,MIL,NL,6,1,0,24,0,0,19.2,20,11,9,17,0,16
459999,Jeff Stevens,28,RP,NYN,NL,6,1,1,18,0,0,27.9,28,16,15,23,0,4
543819,Zach Stewart,25,SP,CHA,AL,9,4,7,19,13,0,92.4,105,53,32,62,11,2
502139,Josh Stinson,24,RP,NYN,NL,8,2,4,28,3,1,52.4,56,31,27,31,0,14
519322,Drew Storen,24,RP,WAS,NL,10,4,3,67,0,36,69.3,59,24,21,68,0,73
544931,Stephen Strasburg,23,SP,WAS,NL,10,10,7,24,23,0,137.6,113,43,34,152,5,0
434718,Huston Street,28,RP,SDN,NL,9,3,3,60,0,32,58.3,50,20,13,60,0,62
467008,Pedro Strop,27,RP,BAL,AL,9,2,2,45,0,1,43.7,40,21,23,41,0,23
445590,Eric Stults,32,RP,COL,NL,7,2,3,16,2,0,38.4,42,22,15,26,0,6
452741,Michael Stutes,25,RP,PHI,NL,10,4,3,52,0,0,62.5,55,29,30,57,0,57
474668,Eric Surkamp,24,SP,SFN,NL,9,5,6,15,13,0,88.1,84,41,39,68,6,0
461872,Anthony Swarzak,26,SP,MIN,AL,11,4,6,25,10,0,81.4,95,45,24,45,11,16
538227,Hisanori Takahashi,37,RP,LAA,AL,10,4,3,54,2,2,71,66,30,25,60,0,61
425226,Brian Tallet,34,,,,6,2,4,22,4,0,46.4,51,29,21,32,0,19
599899,Yoshinori Tateyama,36,RP,TEX,AL,9,2,1,42,0,0,51.1,44,23,14,47,0,39
547749,Junichi Tazawa,26,SP,BOS,AL,9,3,3,21,4,0,43.9,48,25,15,35,0,3
501870,Everett Teaford,28,RP,KCA,AL,10,4,4,33,7,1,70.8,62,33,25,48,3,23
527054,Julio Teheran,21,SP,ATL,NL,10,5,5,18,14,0,86.8,79,40,33,66,3,2
444427,Kanekoa Texeira,26,RP,CIN,NL,6,1,2,27,1,0,42,51,25,18,23,0,6
491159,Joe Thatcher,30,RP,SDN,NL,9,2,1,50,0,0,36.3,30,13,13,39,0,18
445612,Dale Thayer,31,RP,NYN,NL,7,2,2,30,0,0,35.9,38,18,12,25,0,11
346801,Brad Thomas,34,RP,DET,AL,6,2,2,23,1,0,35,40,19,16,19,0,12
460366,Rich Thompson,28,RP,PHI,NL,10,2,2,40,0,0,50.8,43,19,18,50,0,44
407819,Matt Thornton,35,RP,CHA,AL,10,4,3,61,0,16,61.5,52,21,20,70,0,62
501957,Chris Tillman,24,SP,BAL,AL,9,4,6,16,14,0,79.6,87,47,34,54,13,0
458708,Josh Tomlin,27,SP,CLE,AL,10,10,9,27,27,0,165.7,164,77,33,97,26,0
456776,Alexander Torres,24,SP,TBA,AL,7,3,4,16,7,0,61.5,61,33,38,52,0,4
470462,Ramon Troncoso,29,RP,LAN,NL,9,2,2,33,0,1,47,50,23,18,31,0,18
545363,Jacob Turner,21,SP,DET,AL,10,6,8,22,21,0,132.2,133,66,43,92,3,0
493157,Koji Uehara,37,RP,TEX,AL,10,3,2,51,2,2,57.3,47,20,10,63,0,65
447744,Raul Valdes,34,RP,PHI,NL,6,2,3,19,2,0,43,46,23,16,38,0,13
451990,Jose Valdez,29,RP,HOU,NL,6,1,1,18,0,0,22.6,23,14,12,20,0,12
429723,Merkin Valdez,30,RP,OAK,AL,6,2,2,21,1,0,33.2,37,19,17,24,0,5
407878,Jose Valverde,34,RP,DET,AL,10,3,3,65,0,37,64.6,51,23,30,64,0,75
462995,Rick VandenHurk,27,SP,TOR,AL,8,3,5,13,10,0,65,70,38,25,45,2,2
450306,Jason Vargas,29,SP,SEA,AL,10,10,12,32,30,0,190.1,191,88,55,121,32,0
460008,Anthony Varvaro,27,RP,ATL,NL,9,2,3,31,0,0,41.7,32,19,27,39,0,18
457786,Anthony Vasquez,25,SP,SEA,AL,8,3,6,13,12,0,68.9,82,43,20,35,7,0
458220,Esmerling Vasquez,28,RP,ARI,NL,9,2,2,34,0,0,37.9,36,20,22,31,0,31
134320,Javier Vazquez,35,SP,,,10,11,9,26,29,0,166.8,150,71,48,145,32,0
458924,Jonny Venters,27,RP,ATL,NL,10,5,3,75,0,5,81.1,62,24,39,85,0,85
407842,Jose Veras,31,RP,MIL,NL,10,3,3,64,0,1,61.8,51,27,32,65,0,79
434378,Justin Verlander,29,SP,DET,AL,10,19,8,33,33,0,231.8,191,77,62,235,34,0
453646,Carlos Villanueva,28,RP,TOR,AL,11,4,4,47,7,0,84.2,84,41,29,68,13,20
534631,Elih Villanueva,25,SP,MIA,NL,6,3,6,13,9,0,71.5,79,44,25,40,1,0
500903,Brayan Villarreal,25,RP,DET,AL,7,2,3,17,4,0,44.9,49,28,23,32,0,16
501638,Pedro Viola,29,RP,BAL,AL,7,1,2,21,1,0,25.4,28,16,13,20,0,4
527055,Arodys Vizcaino,21,SP,ATL,NL,10,3,3,33,5,0,57.3,55,27,23,52,0,17
285064,Ryan Vogelsong,34,SP,SFN,NL,10,10,10,29,28,0,166.3,157,72,65,129,28,2
450172,Edinson Volquez,28,SP,SDN,NL,9,8,9,28,25,0,148.2,129,70,81,142,21,0
458690,Chris Volstad,25,SP,CHN,NL,9,8,11,27,27,0,160.7,169,82,53,105,29,0
493159,Tsuyoshi Wada,31,SP,BAL,AL,7,8,9,22,26,0,147.5,149,68,41,105,0,0
460677,Cory Wade,29,RP,NYA,AL,10,3,2,39,0,0,44.1,41,19,12,32,0,40
474599,Neil Wagner,28,RP,OAK,AL,7,1,1,25,0,0,29.8,30,16,16,26,0,6
425794,Adam Wainwright,30,SP,STL,NL,9,14,8,27,28,0,184.3,168,65,50,158,0,0
123801,Tim Wakefield,46,SP,,,11,7,8,29,20,0,134.8,143,74,44,77,23,10
477229,Jordan Walden,24,RP,LAA,AL,10,3,3,56,0,32,59,51,22,26,62,0,62
448252,Kyle Waldrop,26,RP,MIN,AL,7,2,2,28,0,0,42,47,23,15,20,0,7
425426,Chien-Ming Wang,32,SP,WAS,NL,10,5,7,18,16,0,99.1,103,50,27,49,11,0
453265,Tony Watson,27,RP,PIT,NL,7,2,2,36,1,0,45.8,40,21,19,37,0,43
450308,Jered Weaver,29,SP,LAA,AL,10,16,9,32,33,0,220.2,189,76,57,198,33,0
444436,Ryan Webb,26,RP,MIA,NL,10,3,3,54,1,0,57.3,57,24,21,40,0,53
475095,Kyle Weiland,25,SP,HOU,NL,9,4,7,16,16,0,86.5,84,47,40,64,5,2
519405,Robbie Weinhardt,26,RP,DET,AL,6,2,2,28,0,0,36.1,41,20,14,26,0,2
448694,Randy Wells,29,SP,CHN,NL,10,9,10,26,26,0,158.5,165,76,52,105,23,0
476811,Sean West,26,SP,MIA,NL,6,3,4,11,10,0,54.1,62,32,26,36,0,0
150414,Jake Westbrook,34,SP,STL,NL,10,9,10,28,29,0,166.3,173,80,61,98,33,0
235095,Dan Wheeler,34,RP,CLE,AL,10,3,3,49,1,1,49.1,43,21,12,41,0,47
460128,Kevin Whelan,28,RP,NYA,AL,6,1,2,25,0,0,26.2,23,15,17,22,0,2
502229,Alex White,23,SP,COL,NL,9,6,8,20,19,0,110.5,111,58,43,78,10,0
452666,Tom Wilhelmsen,28,RP,SEA,AL,9,2,3,38,2,0,56.6,57,28,25,42,0,25
573244,Adam Wilk,24,SP,DET,AL,7,3,3,13,6,0,54.4,59,29,13,32,0,5
425532,Jerome Williams,30,SP,LAA,AL,10,6,8,23,17,0,113.2,115,58,38,70,6,4
425883,Dontrelle Willis,30,SP,PHI,NL,8,3,4,21,6,0,66.1,59,35,37,48,13,0
451216,Brian Wilson,30,RP,SFN,NL,10,4,3,59,0,37,62,52,20,26,67,0,57
450351,C.J. Wilson,31,SP,LAA,AL,9,14,9,35,32,0,204.7,171,73,76,188,34,0
150116,Randy Wolf,35,SP,MIL,NL,10,12,11,31,31,0,197,196,90,67,130,33,0
502028,Blake Wood,26,RP,KCA,AL,10,3,3,48,1,0,62,60,29,27,49,0,55
134268,Kerry Wood,35,RP,CHN,NL,10,3,3,54,0,4,52.2,44,21,25,56,0,55
475243,Travis Wood,25,SP,CHN,NL,8,7,7,25,21,0,122.8,125,58,42,94,18,4
474699,Vance Worley,24,SP,PHI,NL,10,10,9,29,25,0,160,151,67,54,132,21,4
450312,Mark Worrell,29,RP,BAL,AL,6,1,2,24,0,0,24.3,27,17,12,17,0,4
124604,Jamey Wright,37,RP,LAN,NL,10,3,3,53,0,0,63.5,61,29,30,42,0,60
449079,Wesley Wright,27,RP,HOU,NL,9,2,2,35,1,0,41.9,40,21,19,35,0,21
430900,Michael Wuertz,33,RP,,,9,2,1,46,1,2,43.3,37,20,22,46,0,39
432934,Chris Young,33,SP,,,8,2,2,9,6,0,37.2,31,16,18,28,4,0
489448,Mike Zagurski,29,RP,PHI,NL,6,1,2,28,0,0,29.4,29,17,18,29,0,4
407296,Carlos Zambrano,31,SP,MIA,NL,10,9,9,26,24,0,152.4,144,71,68,122,24,0
446899,Brad Ziegler,32,RP,ARI,NL,10,3,3,58,0,1,57.9,55,21,22,42,0,66
519455,Jordan Zimmermann,26,SP,WAS,NL,10,9,9,27,27,0,162.8,150,66,39,134,26,0
217096,Barry Zito,34,SP,SFN,NL,10,7,9,19,18,0,124.8,117,61,54,90,9,4
451491,Joel Zumaya,27,RP,MIN,AL,7,2,1,30,0,2,32.3,31,15,15,28,0,0
547874,Hisashi Iwakuma,,SP,SEA,AL,2,10,12,26,26,0,177,190,78,42,123,0,0
612672,Wei-Yin Chen,,SP,BAL,AL,2,9,10,27,25,0,166,173,81,44,103,0,0
